{
  "t_20" : 0.4387916,
  "blur_score" : 1002.1867,
  "t_01" : 0.9896194,
  "timestamp" : 61214512936,
  "manual_keyframe" : false,
  "t_13" : -0.1041856,
  "fy" : 717.2084,
  "cx" : 515.17444,
  "t_21" : -0.14104666,
  "fx" : 717.2084,
  "t_10" : -0.8943246,
  "t_12" : 0.44656944,
  "height" : 768,
  "t_02" : 0.11405247,
  "angular_velocity" : 3.4028235e+38,
  "center_depth" : 1.6555804,
  "t_03" : 0.15075454,
  "t_00" : 0.08743706,
  "t_11" : 0.027550766,
  "cy" : 384.1741,
  "t_22" : 0.8874499,
  "t_23" : -0.30279884,
  "width" : 1024
}