{
  "t_10" : -0.8460599,
  "t_22" : 0.8078735,
  "t_01" : 0.96054906,
  "center_depth" : 2.3361526,
  "t_11" : -0.043340374,
  "t_20" : 0.5214146,
  "t_23" : -0.31119373,
  "t_13" : -0.12933694,
  "cx" : 515.08655,
  "t_21" : -0.27471244,
  "height" : 768,
  "t_03" : 0.34374425,
  "cy" : 383.87866,
  "t_02" : 0.25502145,
  "t_12" : 0.5313231,
  "fx" : 717.50854,
  "angular_velocity" : 3.4028235e+38,
  "manual_keyframe" : false,
  "t_00" : 0.11094751,
  "timestamp" : 61215346324,
  "blur_score" : 1116.9559,
  "width" : 1024,
  "fy" : 717.50854
}