{
  "blur_score" : 975.8752,
  "cx" : 515.20197,
  "t_10" : -0.90916973,
  "t_00" : 0.40814033,
  "t_20" : 0.082653604,
  "t_03" : 0.68968004,
  "fx" : 717.7897,
  "t_02" : 0.6380502,
  "t_22" : 0.6864438,
  "width" : 1024,
  "height" : 768,
  "t_11" : 0.22742833,
  "manual_keyframe" : false,
  "fy" : 717.7897,
  "cy" : 384.78372,
  "t_21" : -0.72247005,
  "angular_velocity" : 3.4028235e+38,
  "t_23" : -0.5817307,
  "t_13" : 0.3287577,
  "t_12" : 0.34883597,
  "t_01" : 0.65292656,
  "timestamp" : 61219429918
}