{
  "blur_score" : 952.1836,
  "t_01" : 0.9947512,
  "cx" : 515.1994,
  "cy" : 384.0458,
  "manual_keyframe" : false,
  "t_00" : 0.047067963,
  "t_13" : -0.095597036,
  "timestamp" : 61214362926,
  "t_02" : 0.09085406,
  "t_03" : 0.12208849,
  "t_20" : 0.40325952,
  "t_11" : 0.0061643147,
  "t_21" : -0.10213648,
  "t_22" : 0.90936774,
  "fy" : 717.2067,
  "t_23" : -0.29394862,
  "t_12" : 0.4059503,
  "angular_velocity" : 3.4028235e+38,
  "width" : 1024,
  "height" : 768,
  "t_10" : -0.9138743,
  "center_depth" : 1.2095755,
  "fx" : 717.2067
}