{
  "t_12" : 0.41048476,
  "t_02" : 0.89788187,
  "height" : 768,
  "t_10" : -0.91118807,
  "width" : 1024,
  "t_11" : 0.035192274,
  "angular_velocity" : 3.4028235e+38,
  "manual_keyframe" : false,
  "blur_score" : 1135.7559,
  "fy" : 718.06445,
  "t_21" : -0.98669314,
  "timestamp" : 61223780187,
  "t_01" : 0.1587388,
  "t_20" : 0.03356135,
  "cx" : 515.25116,
  "t_13" : -0.096436135,
  "cy" : 384.1934,
  "t_22" : 0.15909159,
  "fx" : 718.06445,
  "t_03" : 0.97090495,
  "t_23" : -0.96300495,
  "t_00" : 0.41062132
}