{
  "blur_score" : 996.4427,
  "cx" : 515.292,
  "t_10" : -0.92350954,
  "t_00" : 0.38356674,
  "t_20" : -0.0025566374,
  "t_03" : 0.80996954,
  "fx" : 718.6076,
  "t_02" : 0.8126177,
  "t_22" : 0.47605386,
  "width" : 1024,
  "height" : 768,
  "t_11" : 0.18467607,
  "manual_keyframe" : false,
  "fy" : 718.6076,
  "cy" : 384.7573,
  "t_21" : -0.8794121,
  "angular_velocity" : 3.4028235e+38,
  "t_23" : -0.71941936,
  "t_13" : 0.18328544,
  "t_12" : 0.3361916,
  "t_01" : 0.43878078,
  "center_depth" : 1.3605534,
  "timestamp" : 61221780064
}