{
  "angular_velocity" : 3.4028235e+38,
  "t_21" : -0.8293677,
  "t_22" : 0.55866545,
  "t_02" : 0.75216967,
  "width" : 1024,
  "height" : 768,
  "cy" : 384.86594,
  "t_13" : 0.39468223,
  "fx" : 719.23175,
  "t_23" : -0.7200641,
  "t_12" : 0.3494757,
  "cx" : 514.87103,
  "fy" : 719.23175,
  "t_11" : 0.22832629,
  "t_00" : 0.4174019,
  "t_01" : 0.5099177,
  "blur_score" : 753.60785,
  "center_depth" : 0.88997424,
  "timestamp" : 61221013350,
  "t_03" : 0.6827671,
  "t_20" : 0.006463734,
  "manual_keyframe" : false,
  "t_10" : -0.9086989
}