{
  "t_01" : 0.45870504,
  "timestamp" : 61221180027,
  "t_22" : 0.5160905,
  "fy" : 719.1841,
  "t_12" : 0.33022997,
  "manual_keyframe" : false,
  "t_21" : -0.85569876,
  "blur_score" : 818.9883,
  "t_10" : -0.9130055,
  "center_depth" : 1.005962,
  "t_03" : 0.73164624,
  "t_00" : 0.40619078,
  "fx" : 719.1841,
  "t_11" : 0.23951885,
  "t_20" : -0.037817325,
  "t_13" : 0.34378523,
  "t_02" : 0.7903155,
  "width" : 1024,
  "t_23" : -0.71728504,
  "angular_velocity" : 3.4028235e+38,
  "cy" : 384.7919,
  "cx" : 514.87537,
  "height" : 768
}