{
  "cy" : 384.78244,
  "fy" : 718.82043,
  "width" : 1024,
  "t_13" : 0.24555779,
  "t_02" : 0.83318007,
  "t_12" : 0.3244876,
  "t_23" : -0.7151451,
  "cx" : 515.05066,
  "timestamp" : 61221513381,
  "t_11" : 0.21606098,
  "t_10" : -0.92088294,
  "angular_velocity" : 3.4028235e+38,
  "blur_score" : 915.41797,
  "height" : 768,
  "manual_keyframe" : false,
  "fx" : 718.82043,
  "t_03" : 0.8037436,
  "t_01" : 0.3956055,
  "t_21" : -0.89264417,
  "t_22" : 0.44779286,
  "t_00" : 0.38640258,
  "t_20" : -0.051648647,
  "center_depth" : 1.1309627
}