{
  "blur_score" : 1156.7871,
  "cx" : 515.3134,
  "t_10" : -0.96356595,
  "t_00" : 0.051910948,
  "t_20" : -0.2623848,
  "fx" : 717.4562,
  "t_03" : 1.1561545,
  "t_02" : 0.9372185,
  "t_22" : -0.32039043,
  "width" : 1024,
  "height" : 768,
  "t_11" : 0.22928016,
  "manual_keyframe" : false,
  "cy" : 384.73526,
  "fy" : 717.4562,
  "t_21" : -0.9102219,
  "angular_velocity" : 3.4028235e+38,
  "t_23" : -1.6238137,
  "t_13" : 0.21023169,
  "t_12" : 0.13773578,
  "t_01" : -0.3448571,
  "timestamp" : 61229080503
}