{
  "center_depth" : 1.5914726,
  "t_12" : 0.39578918,
  "fy" : 718.2645,
  "t_21" : -0.45595294,
  "t_11" : 0.23172043,
  "timestamp" : 61238114363,
  "manual_keyframe" : false,
  "width" : 1024,
  "angular_velocity" : 3.4028235e+38,
  "t_23" : -2.214404,
  "fx" : 718.2645,
  "t_13" : 0.37759176,
  "t_00" : 0.0037180951,
  "cx" : 515.08984,
  "t_02" : 0.51144266,
  "t_03" : 0.38501856,
  "t_20" : -0.45861706,
  "t_10" : -0.88862616,
  "t_01" : -0.85930914,
  "cy" : 384.78165,
  "t_22" : -0.76274306,
  "height" : 768,
  "blur_score" : 1264.6467
}