{
  "t_20" : -0.3876064,
  "blur_score" : 1351.8077,
  "t_01" : -0.94727725,
  "timestamp" : 61239531111,
  "manual_keyframe" : false,
  "t_13" : 0.26936334,
  "fy" : 717.51495,
  "cx" : 515.142,
  "t_21" : -0.2769324,
  "fx" : 717.51495,
  "t_10" : -0.9208053,
  "t_12" : 0.355167,
  "height" : 768,
  "t_02" : 0.31746924,
  "angular_velocity" : 3.4028235e+38,
  "center_depth" : 1.1387799,
  "t_03" : 0.21047728,
  "t_00" : -0.043345597,
  "t_11" : 0.16116448,
  "cy" : 384.66898,
  "t_22" : -0.8792437,
  "t_23" : -2.232042,
  "width" : 1024
}