{
  "center_depth" : 1.9310514,
  "t_11" : -0.035032,
  "t_13" : -0.16034977,
  "t_12" : 0.27163517,
  "t_22" : -0.72623074,
  "angular_velocity" : 3.4028235e+38,
  "manual_keyframe" : false,
  "fx" : 717.2878,
  "cx" : 515.2689,
  "t_20" : -0.18095566,
  "width" : 1024,
  "t_00" : 0.2055917,
  "t_03" : 0.8913934,
  "cy" : 383.9579,
  "fy" : 717.2878,
  "t_23" : -2.008776,
  "t_21" : -0.6632071,
  "t_02" : 0.6315084,
  "height" : 768,
  "timestamp" : 61233080737,
  "t_10" : -0.9617625,
  "t_01" : -0.7476154,
  "blur_score" : 1139.5997
}