{
  "fx" : 716.8987,
  "t_02" : 0.5480347,
  "t_21" : -0.5784864,
  "angular_velocity" : 3.4028235e+38,
  "blur_score" : 1246.3317,
  "t_12" : 0.2962565,
  "width" : 1024,
  "t_22" : -0.782234,
  "height" : 768,
  "manual_keyframe" : false,
  "t_03" : 0.8976972,
  "t_01" : -0.81547254,
  "cx" : 515.33044,
  "t_23" : -2.1351867,
  "cy" : 383.9385,
  "t_11" : -0.01891777,
  "t_00" : 0.18617849,
  "center_depth" : 2.3724105,
  "timestamp" : 61233664105,
  "t_10" : -0.9549211,
  "t_20" : -0.23122142,
  "t_13" : -0.17024413,
  "fy" : 716.8987
}