{
  "fx" : 717.823,
  "cx" : 515.36395,
  "t_12" : 0.11512648,
  "t_23" : -1.8238947,
  "t_00" : -0.15522149,
  "fy" : 717.823,
  "t_01" : -0.5617267,
  "t_03" : -1.0964274,
  "angular_velocity" : 3.4028235e+38,
  "t_13" : 0.14280325,
  "t_02" : -0.81263095,
  "blur_score" : 949.7472,
  "cy" : 384.50293,
  "height" : 768,
  "width" : 1024,
  "t_21" : 0.8204569,
  "timestamp" : 61249781694,
  "t_22" : -0.5712936,
  "manual_keyframe" : false,
  "t_11" : 0.10636413,
  "t_10" : -0.9876399,
  "t_20" : 0.021765176
}