{
  "manual_keyframe" : false,
  "t_22" : -0.96959335,
  "t_03" : -0.07679157,
  "cy" : 384.39728,
  "fx" : 716.89233,
  "t_21" : 0.04948912,
  "t_10" : -0.9675977,
  "t_11" : 0.06957256,
  "blur_score" : 1220.8892,
  "width" : 1024,
  "height" : 768,
  "fy" : 716.89233,
  "t_02" : -0.031211445,
  "timestamp" : 61241847911,
  "t_00" : -0.07946922,
  "t_20" : -0.23966481,
  "center_depth" : 1.3136456,
  "t_12" : 0.24272257,
  "t_13" : 0.0009513198,
  "t_23" : -2.3278503,
  "t_01" : -0.99634844,
  "cx" : 515.3135,
  "angular_velocity" : 3.4028235e+38
}