{
  "t_21" : -0.10337313,
  "t_02" : 0.14976136,
  "t_11" : 0.15697436,
  "height" : 768,
  "t_10" : -0.933887,
  "cx" : 515.2319,
  "t_20" : -0.33905232,
  "t_13" : 0.16294801,
  "t_01" : -0.98217756,
  "width" : 1024,
  "t_23" : -2.3578753,
  "t_00" : -0.1135715,
  "t_03" : 0.095160425,
  "center_depth" : 1.2933807,
  "t_22" : -0.93507063,
  "fy" : 717.2195,
  "angular_velocity" : 3.4028235e+38,
  "cy" : 384.5387,
  "blur_score" : 1315.9838,
  "timestamp" : 61240364493,
  "fx" : 717.2195,
  "t_12" : 0.32126942,
  "manual_keyframe" : false
}