{
  "manual_keyframe" : false,
  "t_13" : -0.011365775,
  "t_11" : 0.03634303,
  "angular_velocity" : 3.4028235e+38,
  "t_03" : -1.3601425,
  "t_22" : -0.013651538,
  "height" : 768,
  "t_01" : -0.0023240745,
  "cy" : 384.5166,
  "t_21" : 0.99933654,
  "t_23" : -1.4371942,
  "center_depth" : 1.1384139,
  "t_12" : 0.31468865,
  "cx" : 515.2068,
  "fx" : 718.8823,
  "timestamp" : 61252381839,
  "t_02" : -0.9490966,
  "t_10" : -0.94849885,
  "fy" : 718.8823,
  "blur_score" : 836.21893,
  "width" : 1024,
  "t_00" : -0.314976,
  "t_20" : 0.033761695
}