{
  "t_01" : 0.2793546,
  "t_00" : -0.3860567,
  "t_02" : -0.8791592,
  "cx" : 515.0363,
  "t_22" : 0.24907468,
  "angular_velocity" : 3.4028235e+38,
  "t_11" : 0.015929978,
  "height" : 768,
  "width" : 1024,
  "fx" : 717.7928,
  "t_10" : -0.91362226,
  "t_03" : -1.1557214,
  "t_20" : 0.12749334,
  "t_12" : 0.40625185,
  "fy" : 717.7928,
  "t_23" : -1.1033441,
  "manual_keyframe" : false,
  "cy" : 384.2096,
  "t_21" : 0.9600557,
  "blur_score" : 858.0021,
  "t_13" : -0.09595758,
  "timestamp" : 61254348614
}