{
  "t_02" : -0.95212495,
  "cy" : 384.54898,
  "t_01" : -0.088324085,
  "t_11" : 0.12793966,
  "t_22" : -0.121464916,
  "t_23" : -1.5486883,
  "width" : 1024,
  "blur_score" : 737.17975,
  "cx" : 515.3727,
  "center_depth" : 1.3867989,
  "angular_velocity" : 3.4028235e+38,
  "t_12" : 0.28054228,
  "t_21" : 0.9878411,
  "manual_keyframe" : false,
  "t_13" : 0.03633511,
  "t_20" : 0.097035915,
  "fy" : 719.7638,
  "t_10" : -0.95127666,
  "timestamp" : 61251848476,
  "fx" : 719.7638,
  "t_03" : -1.1924255,
  "t_00" : -0.2926714,
  "height" : 768
}