{
  "t_10" : -0.8906584,
  "t_22" : 0.07244629,
  "height" : 768,
  "t_03" : -1.381252,
  "cx" : 515.0999,
  "cy" : 384.19583,
  "t_01" : 0.101633705,
  "t_02" : -0.8886264,
  "fx" : 717.5641,
  "t_23" : -1.2363545,
  "angular_velocity" : 3.4028235e+38,
  "timestamp" : 61253548571,
  "t_13" : -0.04992853,
  "t_12" : 0.45287326,
  "manual_keyframe" : false,
  "width" : 1024,
  "t_11" : 0.040414795,
  "t_20" : 0.08194085,
  "blur_score" : 1018.0091,
  "t_00" : -0.44722834,
  "t_21" : 0.99400043,
  "fy" : 717.5641
}