{
  "t_10" : -0.9563182,
  "width" : 1024,
  "t_20" : 0.26695818,
  "blur_score" : 626.9695,
  "t_03" : 0.5608299,
  "fx" : 720.08624,
  "t_01" : 0.8990413,
  "t_12" : 0.29214916,
  "t_23" : -0.48079687,
  "fy" : 720.08624,
  "manual_keyframe" : false,
  "timestamp" : 61265782579,
  "center_depth" : 0.91642606,
  "t_21" : -0.43774432,
  "t_02" : 0.42134973,
  "t_00" : 0.119116746,
  "cx" : 515.22363,
  "height" : 768,
  "cy" : 383.98544,
  "t_11" : -0.010214742,
  "t_13" : -0.013424719,
  "angular_velocity" : 3.4028235e+38,
  "t_22" : 0.8585528
}