{
  "t_22" : 0.8440966,
  "center_depth" : 1.3191195,
  "height" : 768,
  "t_12" : 0.22107655,
  "timestamp" : 61260982311,
  "t_03" : -0.30371478,
  "t_23" : -0.16453153,
  "manual_keyframe" : false,
  "cx" : 515.3271,
  "t_20" : 0.19174339,
  "width" : 1024,
  "fy" : 718.04376,
  "t_02" : -0.48849335,
  "fx" : 718.04376,
  "t_10" : -0.9752561,
  "t_01" : 0.86560035,
  "blur_score" : 698.40765,
  "angular_velocity" : 3.4028235e+38,
  "t_11" : 0.0007766887,
  "t_00" : -0.11004508,
  "cy" : 384.1143,
  "t_13" : 0.11642436,
  "t_21" : 0.5007345
}