{
  "t_21" : 0.26529446,
  "t_12" : 0.2870836,
  "manual_keyframe" : false,
  "fy" : 717.4911,
  "fx" : 717.4911,
  "t_20" : 0.27228317,
  "height" : 768,
  "cy" : 384.1109,
  "t_01" : 0.96400076,
  "t_10" : -0.95773786,
  "t_22" : 0.92492193,
  "width" : 1024,
  "t_00" : -0.09273601,
  "t_02" : -0.24920337,
  "blur_score" : 808.8657,
  "center_depth" : 1.1392688,
  "t_13" : 0.051864546,
  "t_11" : -0.017919686,
  "t_23" : -0.16333628,
  "angular_velocity" : 3.4028235e+38,
  "timestamp" : 61261882362,
  "cx" : 515.3261,
  "t_03" : -0.12833157
}