{
  "t_02" : -0.70968336,
  "manual_keyframe" : false,
  "t_13" : 0.16507076,
  "fx" : 719.50977,
  "t_22" : 0.69418097,
  "timestamp" : 61260115597,
  "center_depth" : 5.675554,
  "t_21" : 0.7120212,
  "t_00" : -0.064914145,
  "cx" : 515.46185,
  "cy" : 384.14258,
  "fy" : 719.50977,
  "angular_velocity" : 3.4028235e+38,
  "t_20" : 0.105538,
  "t_23" : -0.2440964,
  "t_12" : 0.120257676,
  "blur_score" : 461.21597,
  "t_03" : -0.44109538,
  "t_01" : 0.7015236,
  "width" : 1024,
  "t_10" : -0.9922942,
  "height" : 768,
  "t_11" : 0.029836405
}