{
  "fy" : 719.2381,
  "t_13" : 0.20575841,
  "t_23" : -0.9530715,
  "blur_score" : 984.12317,
  "t_10" : -0.7948677,
  "width" : 1024,
  "angular_velocity" : 3.4028235e+38,
  "t_20" : 0.0953197,
  "cy" : 384.66953,
  "t_11" : 0.13065952,
  "t_01" : 0.32244027,
  "t_22" : 0.334595,
  "fx" : 719.2381,
  "t_12" : 0.59254813,
  "t_21" : -0.93752867,
  "t_03" : 0.9021156,
  "t_02" : 0.7327569,
  "timestamp" : 61272416286,
  "height" : 768,
  "manual_keyframe" : false,
  "t_00" : 0.59924895,
  "cx" : 514.5318
}