{
  "t_10" : -0.91936094,
  "t_13" : -0.049953166,
  "t_03" : 1.108052,
  "width" : 1024,
  "cy" : 384.39798,
  "t_23" : -1.2763883,
  "t_02" : 0.92067283,
  "timestamp" : 61274883092,
  "t_00" : 0.38926613,
  "t_12" : 0.38639134,
  "cx" : 514.99054,
  "t_11" : 0.074007615,
  "fy" : 718.9141,
  "t_21" : -0.99683976,
  "t_22" : 0.05534389,
  "angular_velocity" : 3.4028235e+38,
  "t_01" : 0.028862713,
  "fx" : 718.9141,
  "blur_score" : 1003.5092,
  "center_depth" : 1.1624907,
  "height" : 768,
  "manual_keyframe" : false,
  "t_20" : -0.056984514
}