{
  "blur_score" : 1055.2003,
  "t_11" : 0.03745996,
  "fy" : 717.4799,
  "angular_velocity" : 3.4028235e+38,
  "center_depth" : 1.2486483,
  "t_01" : -0.5496584,
  "cy" : 383.95285,
  "height" : 768,
  "t_10" : -0.9900543,
  "t_03" : 1.1759292,
  "t_00" : 0.09291501,
  "t_21" : -0.83454907,
  "fx" : 717.4799,
  "manual_keyframe" : false,
  "t_02" : 0.8302061,
  "t_22" : -0.54071116,
  "timestamp" : 61278283283,
  "t_13" : 0.035360467,
  "width" : 1024,
  "t_12" : 0.1356062,
  "t_20" : -0.10563658,
  "t_23" : -1.9170911,
  "cx" : 515.4436
}