{
  "timestamp" : 61273483013,
  "center_depth" : 1.0020838,
  "t_11" : 0.05811815,
  "blur_score" : 1005.95483,
  "t_01" : 0.26400185,
  "t_03" : 1.1043984,
  "t_13" : -0.0051774895,
  "cx" : 515.1803,
  "t_12" : 0.46916473,
  "t_21" : -0.96276945,
  "t_22" : 0.2597666,
  "t_10" : -0.88119614,
  "width" : 1024,
  "t_23" : -1.0594993,
  "t_20" : 0.07480624,
  "fx" : 718.9951,
  "t_02" : 0.84404117,
  "cy" : 384.4745,
  "fy" : 718.9951,
  "manual_keyframe" : false,
  "angular_velocity" : 3.4028235e+38,
  "height" : 768,
  "t_00" : 0.46679467
}