{
  "angular_velocity" : 3.4028235e+38,
  "t_21" : -0.9354552,
  "t_03" : 1.1931747,
  "t_11" : -0.02724773,
  "t_12" : 0.20352049,
  "t_00" : 0.19993006,
  "width" : 1024,
  "t_01" : -0.35239297,
  "t_20" : -0.046808068,
  "timestamp" : 61277549908,
  "manual_keyframe" : false,
  "blur_score" : 991.3549,
  "height" : 768,
  "fy" : 718.0549,
  "t_10" : -0.9786914,
  "cx" : 515.3835,
  "fx" : 718.0549,
  "t_02" : 0.91424656,
  "t_22" : -0.3503317,
  "t_13" : -0.039571196,
  "cy" : 383.97443,
  "t_23" : -1.7449168
}