{
  "t_11" : -0.0329345,
  "height" : 768,
  "fx" : 729.6663,
  "angular_velocity" : 3.4028235e+38,
  "cy" : 383.69586,
  "t_01" : -0.8433415,
  "fy" : 729.6663,
  "t_02" : -0.53523934,
  "t_22" : -0.8329445,
  "t_03" : -0.38483155,
  "t_23" : -2.15193,
  "t_10" : -0.989542,
  "t_12" : 0.14043483,
  "blur_score" : 216.32982,
  "width" : 1024,
  "timestamp" : 61289683916,
  "cx" : 515.7419,
  "t_13" : -0.2270657,
  "t_00" : -0.047892075,
  "manual_keyframe" : false,
  "t_20" : -0.13606237,
  "t_21" : 0.5363676
}