{
  "t_03" : 0.25730327,
  "fx" : 716.924,
  "blur_score" : 1243.031,
  "cx" : 515.42914,
  "t_21" : -0.28229463,
  "t_22" : -0.935734,
  "manual_keyframe" : false,
  "angular_velocity" : 3.4028235e+38,
  "t_01" : -0.9591096,
  "t_12" : 0.22623782,
  "t_11" : -0.020458214,
  "cy" : 384.14194,
  "t_10" : -0.9738573,
  "t_00" : 0.08300917,
  "width" : 1024,
  "t_23" : -2.2667859,
  "timestamp" : 61286117051,
  "height" : 768,
  "t_02" : 0.27058876,
  "t_13" : -0.09690986,
  "t_20" : -0.21145108,
  "fy" : 716.924
}