{
  "t_10" : -0.98377174,
  "t_20" : -0.16754171,
  "angular_velocity" : 3.4028235e+38,
  "manual_keyframe" : false,
  "t_00" : 0.06420861,
  "t_01" : -0.91410524,
  "t_12" : 0.17917894,
  "blur_score" : 1220.5372,
  "t_02" : 0.40036035,
  "fx" : 717.3402,
  "t_23" : -2.2524757,
  "width" : 1024,
  "t_21" : -0.4053681,
  "t_11" : 0.0093747685,
  "t_13" : -0.014945557,
  "cx" : 515.31647,
  "cy" : 383.97256,
  "t_22" : -0.8986691,
  "height" : 768,
  "center_depth" : 1.0413287,
  "t_03" : 0.35406607,
  "timestamp" : 61285450347,
  "fy" : 717.3402
}