{
  "cy" : 384.10522,
  "angular_velocity" : 3.4028235e+38,
  "blur_score" : 1268.7194,
  "manual_keyframe" : false,
  "t_21" : -0.41155198,
  "fx" : 716.99554,
  "t_10" : -0.98205876,
  "height" : 768,
  "fy" : 716.99554,
  "t_11" : -0.012317052,
  "t_00" : 0.08847941,
  "t_02" : 0.4021171,
  "t_23" : -2.2438388,
  "t_20" : -0.16652931,
  "t_13" : -0.05160556,
  "width" : 1024,
  "t_03" : 0.32549176,
  "t_12" : 0.18817253,
  "t_22" : -0.8960427,
  "center_depth" : 1.033108,
  "cx" : 515.3686,
  "timestamp" : 61285717029,
  "t_01" : -0.9113029
}