{
  "fy" : 717.2338,
  "fx" : 717.2338,
  "t_03" : 0.733966,
  "t_01" : -0.78505814,
  "cy" : 384.54083,
  "t_21" : -0.6112765,
  "height" : 768,
  "t_20" : -0.1633857,
  "t_23" : -2.2785845,
  "timestamp" : 61281416790,
  "t_22" : -0.774368,
  "angular_velocity" : 3.4028235e+38,
  "t_02" : 0.61942023,
  "t_13" : 0.17325069,
  "width" : 1024,
  "cx" : 515.4206,
  "t_12" : 0.12912196,
  "t_11" : 0.100121774,
  "blur_score" : 1208.1008,
  "manual_keyframe" : false,
  "t_00" : 0.0013981169,
  "t_10" : -0.98656124
}