{
  "fy" : 719.73676,
  "width" : 1024,
  "fx" : 719.73676,
  "t_22" : 0.16690992,
  "t_11" : 0.012764911,
  "height" : 768,
  "angular_velocity" : 3.4028235e+38,
  "t_03" : -1.1020907,
  "t_10" : -0.9758894,
  "cx" : 515.4046,
  "t_01" : 0.17381224,
  "t_23" : -1.2086651,
  "timestamp" : 61298184380,
  "t_12" : 0.21789229,
  "t_21" : 0.984696,
  "manual_keyframe" : false,
  "t_13" : -0.07865467,
  "t_02" : -0.96159446,
  "t_20" : 0.050147027,
  "t_00" : -0.21242708,
  "blur_score" : 698.766,
  "cy" : 384.28973
}