{
  "width" : 1024,
  "t_01" : -0.09812831,
  "t_03" : -1.1179141,
  "t_13" : 0.26268148,
  "t_21" : 0.9828838,
  "fy" : 718.33276,
  "t_12" : 0.38996103,
  "t_23" : -1.4657689,
  "angular_velocity" : 3.4028235e+38,
  "fx" : 718.33276,
  "t_22" : -0.15252367,
  "cx" : 515.0543,
  "t_10" : -0.9075354,
  "t_02" : -0.9081117,
  "t_20" : 0.10332397,
  "cy" : 384.64423,
  "manual_keyframe" : false,
  "timestamp" : 61295250887,
  "t_11" : 0.15591715,
  "height" : 768,
  "t_00" : -0.40706745,
  "blur_score" : 933.68756
}