{
  "t_23" : -0.8028228,
  "width" : 1024,
  "t_12" : 0.49803945,
  "t_03" : -0.5145919,
  "timestamp" : 60323278127,
  "t_02" : 0.7606925,
  "cx" : 514.9123,
  "t_00" : 0.37623242,
  "fy" : 731.88824,
  "height" : 768,
  "cy" : 384.33768,
  "manual_keyframe" : false,
  "blur_score" : 241.71442,
  "angular_velocity" : 3.4028235e+38,
  "t_01" : -0.52895796,
  "fx" : 731.88824,
  "t_21" : -0.84226537,
  "t_22" : -0.41629794,
  "t_10" : -0.86090875,
  "t_11" : 0.10388931,
  "t_13" : 0.04403154,
  "t_20" : -0.34246972
}