{
  "cx" : 515.1411,
  "t_02" : 0.84853476,
  "t_10" : -0.92792964,
  "t_12" : 0.3642508,
  "angular_velocity" : 3.4028235e+38,
  "width" : 1024,
  "blur_score" : 71.41961,
  "t_01" : -0.43884343,
  "t_00" : 0.29564384,
  "fx" : 735.6698,
  "cy" : 384.42636,
  "t_11" : 0.079168946,
  "t_22" : -0.38381,
  "t_20" : -0.22702669,
  "fy" : 735.6698,
  "t_23" : -0.6786206,
  "timestamp" : 60325011555,
  "manual_keyframe" : false,
  "height" : 768,
  "t_03" : -0.42221817,
  "t_21" : -0.8950692,
  "t_13" : -0.094424956
}