{
  "fy" : 729.55676,
  "t_01" : -0.051244333,
  "angular_velocity" : 3.4028235e+38,
  "fx" : 729.55676,
  "blur_score" : 171.56972,
  "width" : 1024,
  "t_12" : 0.50874436,
  "manual_keyframe" : false,
  "t_11" : 0.11446689,
  "t_23" : -0.42984217,
  "t_02" : 0.8607999,
  "t_10" : -0.8532739,
  "height" : 768,
  "timestamp" : 60328161725,
  "cy" : 384.42606,
  "t_21" : -0.99210465,
  "t_00" : 0.50635713,
  "t_03" : -0.38418597,
  "t_20" : -0.124603376,
  "cx" : 514.46185,
  "t_13" : 0.09988981,
  "t_22" : 0.014235629
}