{
  "manual_keyframe" : false,
  "height" : 768,
  "t_20" : 0.1146263,
  "t_02" : 0.7313133,
  "t_11" : 0.12454259,
  "cx" : 515.32587,
  "t_22" : 0.58289194,
  "t_23" : -0.048143163,
  "cy" : 384.4705,
  "width" : 1024,
  "angular_velocity" : 3.4028235e+38,
  "t_01" : 0.580854,
  "timestamp" : 60331595246,
  "fx" : 729.8617,
  "t_03" : -0.4950253,
  "t_21" : -0.80442405,
  "t_10" : -0.926861,
  "t_00" : 0.3574768,
  "t_12" : 0.35414398,
  "t_13" : -0.19413346,
  "blur_score" : 294.20718,
  "fy" : 729.8617
}