{
  "t_00" : 0.36115864,
  "t_13" : -0.13014933,
  "height" : 768,
  "timestamp" : 60330878540,
  "center_depth" : 0.5159334,
  "t_22" : 0.39315453,
  "t_03" : -0.40441117,
  "t_10" : -0.9320665,
  "fy" : 729.3407,
  "angular_velocity" : 3.4028235e+38,
  "t_23" : -0.106652245,
  "width" : 1024,
  "manual_keyframe" : false,
  "t_01" : 0.37623692,
  "t_02" : 0.8532351,
  "t_20" : 0.02857246,
  "fx" : 729.3407,
  "t_12" : 0.34266505,
  "cx" : 515.3131,
  "t_11" : 0.11761211,
  "cy" : 384.45242,
  "t_21" : -0.91902834,
  "blur_score" : 299.7741
}