{
  "t_00" : 0.090734534,
  "cy" : 384.13593,
  "t_23" : 0.06218715,
  "blur_score" : 237.08362,
  "t_22" : 0.81033105,
  "width" : 1024,
  "height" : 768,
  "t_13" : -0.04798796,
  "timestamp" : 60336995541,
  "t_03" : -0.92621684,
  "t_02" : 0.0654996,
  "angular_velocity" : 3.4028235e+38,
  "t_01" : 0.99371886,
  "t_11" : 0.035777636,
  "manual_keyframe" : false,
  "fx" : 733.0826,
  "fy" : 733.0826,
  "cx" : 514.7275,
  "t_12" : 0.5823002,
  "t_10" : -0.81218624,
  "t_20" : 0.57629925,
  "t_21" : -0.10603259
}