{
  "t_11" : -0.16720885,
  "t_03" : -1.2666196,
  "t_02" : -0.37879568,
  "t_22" : 0.7497898,
  "center_depth" : 0.5529292,
  "t_10" : -0.8232327,
  "t_01" : 0.8260072,
  "cx" : 514.90186,
  "t_12" : 0.5425209,
  "cy" : 383.449,
  "t_13" : 0.11845939,
  "t_23" : 0.08767407,
  "blur_score" : 165.40276,
  "width" : 1024,
  "timestamp" : 60340879085,
  "fx" : 730.26196,
  "angular_velocity" : 3.4028235e+38,
  "fy" : 730.26196,
  "t_00" : -0.41740364,
  "height" : 768,
  "manual_keyframe" : false,
  "t_21" : 0.5382872,
  "t_20" : 0.38478824
}