{
  "t_11" : 0.09258024,
  "t_00" : -0.4785661,
  "height" : 768,
  "t_13" : -0.09221857,
  "cx" : 514.9246,
  "timestamp" : 60345429332,
  "t_20" : 0.2235081,
  "width" : 1024,
  "t_12" : 0.5200098,
  "center_depth" : 0.38218775,
  "t_22" : 0.19494265,
  "blur_score" : 169.2405,
  "t_10" : -0.8491282,
  "angular_velocity" : 3.4028235e+38,
  "manual_keyframe" : false,
  "t_03" : -1.4447678,
  "fx" : 737.7123,
  "t_02" : -0.83161724,
  "t_01" : 0.28175765,
  "fy" : 737.7123,
  "t_21" : 0.9550086,
  "cy" : 384.45032,
  "t_23" : -0.33906472
}