{
  "t_00" : -0.4828684,
  "manual_keyframe" : false,
  "t_03" : -1.4600593,
  "angular_velocity" : 3.4028235e+38,
  "t_22" : 0.19386485,
  "timestamp" : 60345312659,
  "fx" : 738.02026,
  "fy" : 738.02026,
  "t_23" : -0.33333072,
  "height" : 768,
  "t_12" : 0.5275311,
  "cx" : 514.9101,
  "t_13" : -0.09425471,
  "cy" : 384.41095,
  "t_01" : 0.2875948,
  "t_11" : 0.100912265,
  "t_02" : -0.82711977,
  "t_20" : 0.23518181,
  "t_10" : -0.8435209,
  "width" : 1024,
  "blur_score" : 222.74202,
  "t_21" : 0.952421
}