{
  "t_12" : 0.12509045,
  "t_13" : -0.14754006,
  "t_22" : -0.6278073,
  "angular_velocity" : 3.4028235e+38,
  "blur_score" : 211.45117,
  "height" : 768,
  "timestamp" : 60355746561,
  "manual_keyframe" : false,
  "t_10" : -0.9920058,
  "cy" : 383.97742,
  "t_23" : -0.83379436,
  "center_depth" : 0.38957378,
  "width" : 1024,
  "t_21" : 0.7728975,
  "t_02" : -0.7682516,
  "t_00" : -0.086236395,
  "fy" : 731.631,
  "t_03" : -1.3235108,
  "cx" : 515.62225,
  "t_01" : -0.634313,
  "t_11" : -0.01663838,
  "t_20" : -0.092128955,
  "fx" : 731.631
}