{
  "t_12" : 0.40433756,
  "manual_keyframe" : false,
  "height" : 768,
  "t_02" : 0.14742362,
  "t_10" : -0.91110295,
  "fy" : 729.6346,
  "cy" : 383.68268,
  "width" : 1024,
  "t_03" : -0.8146148,
  "t_11" : 0.080015466,
  "timestamp" : 60365580430,
  "cx" : 514.2901,
  "t_21" : -0.12565808,
  "t_01" : -0.9888416,
  "t_23" : -0.99166834,
  "t_00" : -0.021417657,
  "fx" : 729.6346,
  "t_13" : 0.028475232,
  "t_20" : -0.411622,
  "t_22" : -0.90265024,
  "angular_velocity" : 3.4028235e+38,
  "blur_score" : 195.49142
}