{
  "t_00" : -0.16678448,
  "blur_score" : 166.7695,
  "height" : 768,
  "t_03" : -0.9900706,
  "t_20" : -0.29150635,
  "t_22" : -0.8595149,
  "t_02" : -0.38650092,
  "cx" : 515.593,
  "timestamp" : 60362913618,
  "fx" : 732.8062,
  "center_depth" : 0.48612133,
  "t_23" : -1.1172979,
  "width" : 1024,
  "t_13" : -0.010050368,
  "t_10" : -0.9419167,
  "cy" : 384.54358,
  "t_12" : 0.33444184,
  "t_01" : -0.90708333,
  "angular_velocity" : 3.4028235e+38,
  "manual_keyframe" : false,
  "t_21" : 0.41983137,
  "t_11" : 0.030686274,
  "fy" : 732.8062
}