{
  "t_23" : -0.7868024,
  "t_03" : -0.7121594,
  "fx" : 751.4614,
  "t_20" : -0.087756924,
  "t_22" : -0.7482065,
  "timestamp" : 60368763936,
  "t_21" : -0.65763646,
  "fy" : 751.4614,
  "t_01" : -0.7366967,
  "blur_score" : 51.14624,
  "center_depth" : 0.30674407,
  "width" : 1024,
  "height" : 768,
  "t_13" : -0.040303804,
  "t_12" : 0.2504358,
  "t_10" : -0.9552432,
  "cx" : 515.32745,
  "t_00" : 0.28250507,
  "angular_velocity" : 3.4028235e+38,
  "manual_keyframe" : false,
  "t_11" : -0.15745561,
  "cy" : 383.29968,
  "t_02" : 0.6143849
}