{
  "width" : 1024,
  "t_23" : -0.95842147,
  "height" : 768,
  "t_21" : -0.15373476,
  "t_10" : -0.96615815,
  "timestamp" : 60366080457,
  "manual_keyframe" : false,
  "blur_score" : 111.12362,
  "t_01" : -0.97612435,
  "t_00" : -0.11556302,
  "t_11" : 0.15345061,
  "t_20" : -0.23061605,
  "angular_velocity" : 3.4028235e+38,
  "cx" : 515.5513,
  "fy" : 732.8301,
  "cy" : 384.41568,
  "t_13" : -0.10319181,
  "fx" : 732.8301,
  "t_22" : -0.9608237,
  "t_02" : 0.18392028,
  "t_03" : -0.75482833,
  "t_12" : 0.20734385
}