{
  "fy" : 730.2238,
  "center_depth" : 0.46919084,
  "width" : 1024,
  "t_12" : 0.67843145,
  "t_11" : -0.056846514,
  "timestamp" : 60364330362,
  "t_02" : -0.028003674,
  "manual_keyframe" : false,
  "t_22" : -0.7341298,
  "t_13" : 0.1657615,
  "angular_velocity" : 3.4028235e+38,
  "blur_score" : 317.02036,
  "height" : 768,
  "fx" : 730.2238,
  "t_03" : -0.8950548,
  "t_10" : -0.73246104,
  "t_01" : -0.99827826,
  "cx" : 514.91974,
  "t_20" : -0.6788554,
  "cy" : 383.90295,
  "t_21" : -0.01445396,
  "t_00" : 0.051538765,
  "t_23" : -0.9405104
}