{
  "t_00" : -0.23792514,
  "timestamp" : 60362030236,
  "t_02" : -0.5000813,
  "t_10" : -0.97111267,
  "t_23" : -1.087083,
  "t_20" : -0.01821907,
  "height" : 768,
  "t_11" : 0.19427256,
  "t_13" : -0.16239554,
  "cy" : 384.788,
  "fx" : 739.70544,
  "t_12" : 0.13855855,
  "fy" : 739.70544,
  "t_21" : 0.51860183,
  "angular_velocity" : 3.4028235e+38,
  "t_22" : -0.85482186,
  "t_01" : -0.8326527,
  "t_03" : -1.0777589,
  "manual_keyframe" : false,
  "blur_score" : 90.882744,
  "cx" : 515.3083,
  "width" : 1024
}