{
  "cy" : 383.5516,
  "fy" : 750.72296,
  "t_00" : 0.22037032,
  "width" : 1024,
  "t_12" : 0.1646483,
  "t_13" : -0.18942466,
  "angular_velocity" : 3.4028235e+38,
  "height" : 768,
  "t_01" : -0.8546041,
  "blur_score" : 37.000256,
  "timestamp" : 60368230574,
  "cx" : 515.57025,
  "t_20" : -0.06530305,
  "t_21" : -0.4938961,
  "t_02" : 0.47020075,
  "t_23" : -0.8472018,
  "t_22" : -0.8670653,
  "t_11" : -0.16036992,
  "fx" : 750.72296,
  "manual_keyframe" : false,
  "t_03" : -0.7670065,
  "t_10" : -0.9732278
}