{
  "t_00" : -0.17239189,
  "blur_score" : 144.25127,
  "height" : 768,
  "t_03" : -0.99629825,
  "t_20" : -0.28445196,
  "t_22" : -0.85971034,
  "cx" : 515.7451,
  "t_02" : -0.38944495,
  "timestamp" : 60362846948,
  "fx" : 733.07776,
  "center_depth" : 0.52216697,
  "t_23" : -1.1197461,
  "width" : 1024,
  "t_13" : -0.022077907,
  "t_01" : -0.9047729,
  "cy" : 384.61212,
  "t_12" : 0.33050108,
  "t_10" : -0.9430632,
  "angular_velocity" : 3.4028235e+38,
  "manual_keyframe" : false,
  "t_21" : 0.4242469,
  "t_11" : 0.037428703,
  "fy" : 733.07776
}