{
  "cx" : 513.91846,
  "t_21" : -0.89247966,
  "blur_score" : 81.82757,
  "t_00" : 0.59519887,
  "fx" : 735.8207,
  "t_11" : -0.31542647,
  "width" : 1024,
  "t_10" : -0.6655682,
  "t_02" : 0.73603815,
  "t_13" : 0.15117492,
  "t_01" : 0.32246906,
  "angular_velocity" : 3.4028235e+38,
  "t_20" : 0.4502859,
  "manual_keyframe" : false,
  "t_23" : -0.45266825,
  "height" : 768,
  "fy" : 735.8207,
  "t_12" : 0.67640597,
  "timestamp" : 60374764263,
  "t_03" : -0.45686176,
  "cy" : 382.5988,
  "t_22" : 0.026883706
}