{
  "t_01" : 0.44142613,
  "t_11" : -0.2924994,
  "fx" : 732.2091,
  "t_00" : 0.52853054,
  "t_20" : 0.50923634,
  "angular_velocity" : 3.4028235e+38,
  "width" : 1024,
  "manual_keyframe" : false,
  "cy" : 382.90448,
  "blur_score" : 95.162384,
  "cx" : 514.13837,
  "t_02" : 0.7251196,
  "t_12" : 0.6731345,
  "t_23" : -0.37221986,
  "height" : 768,
  "t_10" : -0.67921567,
  "timestamp" : 60375164284,
  "t_13" : 0.1441357,
  "t_21" : -0.84828484,
  "center_depth" : 0.5469925,
  "t_03" : -0.35115695,
  "t_22" : 0.14522867,
  "fy" : 732.2091
}