{
  "t_20" : 0.52674055,
  "t_03" : -0.8949208,
  "width" : 1024,
  "t_01" : 0.9650524,
  "t_11" : -0.15405722,
  "fx" : 727.4381,
  "t_13" : -0.04646842,
  "timestamp" : 60378931155,
  "center_depth" : 0.46476516,
  "t_22" : 0.82316715,
  "t_12" : 0.504103,
  "t_23" : 0.20458895,
  "t_00" : -0.019949447,
  "manual_keyframe" : false,
  "t_10" : -0.84979194,
  "t_02" : 0.2612965,
  "fy" : 727.4381,
  "blur_score" : 352.49966,
  "height" : 768,
  "angular_velocity" : 3.4028235e+38,
  "t_21" : -0.21199113,
  "cy" : 383.24332,
  "cx" : 514.71185
}