{
  "t_12" : 0.59866464,
  "width" : 1024,
  "t_22" : 0.26715085,
  "height" : 768,
  "manual_keyframe" : false,
  "t_23" : -0.14182727,
  "t_03" : -0.38100547,
  "t_13" : 0.070076846,
  "t_02" : 0.7551364,
  "t_20" : 0.43568802,
  "fx" : 726.3978,
  "t_10" : -0.7739892,
  "cy" : 383.2538,
  "t_21" : -0.85953844,
  "t_11" : -0.20625494,
  "angular_velocity" : 3.4028235e+38,
  "fy" : 726.3978,
  "t_00" : 0.45947418,
  "center_depth" : 0.5941789,
  "blur_score" : 296.8951,
  "cx" : 514.85175,
  "t_01" : 0.46760285,
  "timestamp" : 60376497690
}