{
  "t_11" : -0.13909692,
  "t_20" : 0.5446071,
  "t_21" : -0.09601502,
  "t_22" : 0.83317727,
  "timestamp" : 60379097831,
  "manual_keyframe" : false,
  "t_12" : 0.53053534,
  "t_01" : 0.98561317,
  "cx" : 514.8776,
  "height" : 768,
  "fy" : 728.1988,
  "cy" : 383.30905,
  "blur_score" : 301.91806,
  "t_03" : -0.94412744,
  "t_02" : 0.15603837,
  "angular_velocity" : 3.4028235e+38,
  "t_00" : -0.06495299,
  "t_10" : -0.83617234,
  "t_13" : -0.060125116,
  "t_23" : 0.23059241,
  "width" : 1024,
  "fx" : 728.1988
}