{
  "height" : 768,
  "manual_keyframe" : false,
  "angular_velocity" : 3.4028235e+38,
  "t_12" : 0.5577293,
  "t_11" : -0.1466412,
  "fy" : 729.282,
  "t_22" : 0.827182,
  "t_13" : -0.039359786,
  "cy" : 383.5201,
  "t_02" : -0.06861293,
  "t_01" : 0.9727559,
  "t_21" : 0.1795612,
  "blur_score" : 311.4239,
  "width" : 1024,
  "timestamp" : 60379464517,
  "fx" : 729.282,
  "t_00" : -0.22144552,
  "t_10" : -0.8169664,
  "cx" : 515.0852,
  "t_03" : -1.0335394,
  "t_23" : 0.24766126,
  "t_20" : 0.5324731
}