{
  "width" : 1024,
  "t_02" : 0.18490525,
  "t_01" : -0.9450658,
  "manual_keyframe" : false,
  "fy" : 733.9895,
  "t_13" : 0.10545629,
  "fx" : 733.9895,
  "cy" : 383.82153,
  "height" : 768,
  "t_03" : -0.81170154,
  "cx" : 514.9821,
  "t_10" : -0.77415615,
  "t_12" : 0.6252888,
  "t_20" : -0.57273144,
  "t_21" : -0.31169662,
  "t_22" : -0.7581716,
  "t_23" : -0.8458313,
  "angular_velocity" : 3.4028235e+38,
  "timestamp" : 60386598235,
  "blur_score" : 231.32983,
  "t_00" : 0.26955715,
  "t_11" : -0.09846957
}