{
  "t_00" : 0.031617384,
  "t_01" : -0.99564725,
  "t_11" : -0.06925269,
  "t_20" : -0.47292727,
  "t_21" : 0.062376555,
  "t_13" : 0.078637846,
  "t_12" : 0.46889645,
  "blur_score" : 265.19244,
  "cy" : 383.80988,
  "center_depth" : 0.4205854,
  "manual_keyframe" : false,
  "cx" : 515.1863,
  "width" : 1024,
  "fy" : 731.67706,
  "t_02" : -0.087676175,
  "t_23" : -0.9579359,
  "t_10" : -0.880534,
  "height" : 768,
  "angular_velocity" : 3.4028235e+38,
  "timestamp" : 60385398170,
  "t_03" : -0.95179546,
  "t_22" : -0.8788908,
  "fx" : 731.67706
}