{
  "timestamp" : 60385098154,
  "manual_keyframe" : false,
  "t_13" : 0.07702493,
  "t_01" : -0.9461787,
  "t_21" : 0.31695798,
  "fy" : 731.1466,
  "t_00" : -0.097948976,
  "height" : 768,
  "t_20" : -0.47318053,
  "cx" : 515.29486,
  "t_22" : -0.8219719,
  "t_10" : -0.8755033,
  "t_12" : 0.47875896,
  "t_11" : -0.06544931,
  "t_23" : -0.9611727,
  "blur_score" : 260.44318,
  "t_03" : -1.0516548,
  "cy" : 383.70435,
  "t_02" : -0.3084671,
  "center_depth" : 0.41301453,
  "width" : 1024,
  "angular_velocity" : 3.4028235e+38,
  "fx" : 731.1466
}