{
  "t_10" : -0.9238762,
  "blur_score" : 203.60007,
  "angular_velocity" : 3.4028235e+38,
  "t_13" : 0.06991074,
  "t_00" : -0.13090554,
  "fx" : 731.7755,
  "t_11" : -0.054825656,
  "width" : 1024,
  "t_23" : -0.92881787,
  "cy" : 383.70157,
  "t_01" : -0.8847082,
  "t_03" : -1.1332275,
  "manual_keyframe" : false,
  "fy" : 731.7755,
  "t_02" : -0.44738728,
  "t_22" : -0.81018394,
  "center_depth" : 0.43016395,
  "t_20" : -0.35960615,
  "timestamp" : 60384864808,
  "t_12" : 0.37874395,
  "cx" : 515.19354,
  "t_21" : 0.46291012,
  "height" : 768
}