{
  "t_02" : -0.72964007,
  "fx" : 729.44086,
  "t_22" : -0.49896514,
  "t_03" : -1.2731845,
  "timestamp" : 60383998095,
  "t_01" : -0.61775047,
  "angular_velocity" : 3.4028235e+38,
  "t_20" : -0.38940457,
  "t_10" : -0.87312907,
  "t_23" : -0.725873,
  "t_11" : -0.13779165,
  "fy" : 729.44086,
  "blur_score" : 172.97379,
  "manual_keyframe" : false,
  "t_00" : -0.29327404,
  "t_13" : 0.038580675,
  "cx" : 514.9855,
  "t_12" : 0.4676099,
  "cy" : 383.52707,
  "t_21" : 0.7742079,
  "height" : 768,
  "width" : 1024
}