{
  "t_22" : 0.5929784,
  "t_13" : 0.02284363,
  "fx" : 732.2012,
  "t_02" : -0.54673123,
  "fy" : 732.2012,
  "t_23" : -0.008675501,
  "angular_velocity" : 3.4028235e+38,
  "cx" : 514.6906,
  "t_03" : -1.358452,
  "t_11" : -0.13658804,
  "t_21" : 0.7416655,
  "timestamp" : 60380731252,
  "blur_score" : 194.60945,
  "height" : 768,
  "manual_keyframe" : false,
  "t_10" : -0.7949102,
  "cy" : 383.39734,
  "t_20" : 0.31354254,
  "t_01" : 0.6567162,
  "t_00" : -0.5194313,
  "t_12" : 0.59115267,
  "width" : 1024
}