{
  "cx" : 514.8654,
  "fy" : 723.13403,
  "fx" : 723.13403,
  "t_11" : -0.09756951,
  "t_20" : -0.50954485,
  "t_00" : 0.22725436,
  "t_23" : -0.54680645,
  "timestamp" : 60389865075,
  "t_03" : -0.912326,
  "center_depth" : 1.6163039,
  "cy" : 383.4943,
  "t_21" : -0.26849782,
  "angular_velocity" : 3.4028235e+38,
  "t_10" : -0.82989126,
  "height" : 768,
  "t_12" : 0.54932743,
  "manual_keyframe" : false,
  "blur_score" : 113.94001,
  "t_01" : -0.9583263,
  "t_22" : -0.81747967,
  "t_13" : 0.23502399,
  "width" : 1024,
  "t_02" : 0.17310801
}