{
  "t_22" : 0.6497905,
  "t_13" : 0.016257077,
  "fx" : 731.88824,
  "t_02" : -0.48255432,
  "fy" : 731.88824,
  "t_23" : 0.006744668,
  "angular_velocity" : 3.4028235e+38,
  "cx" : 514.68115,
  "t_03" : -1.3315406,
  "t_11" : -0.15516132,
  "t_21" : 0.6755372,
  "center_depth" : 0.39238513,
  "timestamp" : 60380631247,
  "blur_score" : 215.61568,
  "height" : 768,
  "manual_keyframe" : false,
  "t_10" : -0.7943622,
  "cy" : 383.42993,
  "t_20" : 0.34845623,
  "t_01" : 0.7208151,
  "t_12" : 0.5872934,
  "t_00" : -0.49756095,
  "width" : 1024
}