{
  "t_20" : -0.3715718,
  "t_11" : -0.11081669,
  "t_13" : 0.06078864,
  "cx" : 515.028,
  "center_depth" : 0.35418493,
  "t_03" : -1.2163541,
  "t_22" : -0.57133275,
  "angular_velocity" : 3.4028235e+38,
  "t_21" : 0.7317878,
  "cy" : 383.51514,
  "width" : 1024,
  "blur_score" : 241.4045,
  "timestamp" : 60384364781,
  "manual_keyframe" : false,
  "t_12" : 0.4381964,
  "fx" : 731.3165,
  "fy" : 731.3165,
  "t_02" : -0.6939473,
  "t_10" : -0.89202213,
  "height" : 768,
  "t_01" : -0.6724629,
  "t_00" : -0.25735357,
  "t_23" : -0.82399964
}