{
  "angular_velocity" : 3.4028235e+38,
  "blur_score" : 190.56941,
  "height" : 768,
  "timestamp" : 60383831419,
  "t_03" : -1.313652,
  "t_10" : -0.86917615,
  "t_01" : -0.56883055,
  "t_02" : -0.7535299,
  "t_13" : 0.03678952,
  "manual_keyframe" : false,
  "fx" : 728.9866,
  "t_22" : -0.4519507,
  "width" : 1024,
  "t_12" : 0.47742343,
  "cy" : 383.51672,
  "t_11" : -0.12883951,
  "t_20" : -0.3686575,
  "t_00" : -0.32958224,
  "fy" : 728.9866,
  "t_21" : 0.81230056,
  "t_23" : -0.69236815,
  "cx" : 514.9657
}