{
  "fx" : 733.49713,
  "angular_velocity" : 3.4028235e+38,
  "blur_score" : 213.7253,
  "t_10" : -0.8412799,
  "width" : 1024,
  "height" : 768,
  "t_11" : -0.042901468,
  "manual_keyframe" : false,
  "t_03" : -0.845757,
  "fy" : 733.49713,
  "t_12" : 0.53889483,
  "t_01" : -0.9840153,
  "t_20" : -0.52500886,
  "t_00" : 0.128895,
  "t_02" : 0.122883156,
  "t_22" : -0.83336204,
  "cx" : 515.03754,
  "t_13" : 0.08651368,
  "t_21" : -0.17284001,
  "timestamp" : 60386331554,
  "t_23" : -0.8693521,
  "cy" : 383.8583
}