{
  "t_20" : -0.4661792,
  "t_22" : -0.8523418,
  "t_03" : -1.0153679,
  "angular_velocity" : 3.4028235e+38,
  "t_13" : 0.07922638,
  "width" : 1024,
  "t_01" : -0.969571,
  "blur_score" : 246.21669,
  "cy" : 383.73593,
  "t_21" : 0.23704539,
  "t_10" : -0.88276845,
  "t_11" : -0.0611675,
  "t_23" : -0.96494734,
  "timestamp" : 60385198160,
  "t_02" : -0.23777124,
  "t_00" : -0.058282368,
  "manual_keyframe" : false,
  "fy" : 731.3324,
  "fx" : 731.3324,
  "height" : 768,
  "cx" : 515.26263,
  "t_12" : 0.46580932
}