{
  "blur_score" : 177.87308,
  "timestamp" : 60380897928,
  "t_11" : -0.15988027,
  "fy" : 732.19794,
  "t_12" : 0.5653922,
  "cx" : 514.77344,
  "t_10" : -0.80917853,
  "t_01" : 0.56875545,
  "t_02" : -0.6172245,
  "t_23" : -0.029786006,
  "t_20" : 0.22288789,
  "width" : 1024,
  "t_21" : 0.8068182,
  "cy" : 383.4577,
  "t_13" : 0.03586251,
  "fx" : 732.19794,
  "angular_velocity" : 3.4028235e+38,
  "t_22" : 0.547143,
  "t_00" : -0.5436461,
  "t_03" : -1.3992358,
  "height" : 768,
  "manual_keyframe" : false
}