{
  "height" : 768,
  "fy" : 733.94183,
  "t_20" : -0.4903731,
  "angular_velocity" : 3.4028235e+38,
  "timestamp" : 60386731576,
  "cy" : 383.73242,
  "manual_keyframe" : false,
  "t_13" : 0.10033284,
  "t_01" : -0.91529465,
  "t_03" : -0.7790259,
  "t_21" : -0.3922554,
  "t_02" : 0.27719697,
  "t_12" : 0.56346416,
  "blur_score" : 130.6166,
  "width" : 1024,
  "t_11" : -0.09149684,
  "t_10" : -0.8210582,
  "t_00" : 0.29222912,
  "fx" : 733.94183,
  "cx" : 514.7412,
  "t_22" : -0.7782482,
  "t_23" : -0.84353673
}