{
  "t_01" : -0.51682055,
  "t_12" : 0.4810234,
  "t_10" : -0.8547207,
  "t_21" : 0.83356327,
  "t_20" : -0.40295342,
  "width" : 1024,
  "cx" : 514.84406,
  "t_11" : -0.19511256,
  "fx" : 728.4641,
  "t_23" : -0.58215666,
  "t_02" : -0.79108506,
  "manual_keyframe" : false,
  "height" : 768,
  "timestamp" : 60382998041,
  "fy" : 728.4641,
  "t_13" : 0.054240085,
  "t_03" : -1.4573258,
  "t_22" : -0.37789002,
  "t_00" : -0.32723233,
  "angular_velocity" : 3.4028235e+38,
  "center_depth" : 0.5398378,
  "blur_score" : 212.06873,
  "cy" : 383.21442
}