{
  "t_22" : -0.4973347,
  "timestamp" : 60388031645,
  "fx" : 737.9774,
  "t_20" : -0.52705455,
  "t_00" : 0.48753485,
  "fy" : 737.9774,
  "t_21" : -0.6891095,
  "angular_velocity" : 3.4028235e+38,
  "width" : 1024,
  "t_02" : 0.4872237,
  "cy" : 384.25708,
  "t_01" : -0.72451574,
  "t_10" : -0.69607717,
  "t_12" : 0.71782404,
  "t_03" : -0.64809024,
  "t_13" : 0.12722526,
  "cx" : 514.8727,
  "t_23" : -0.5733486,
  "height" : 768,
  "t_11" : 0.014325467,
  "blur_score" : 81.64458,
  "manual_keyframe" : false,
  "center_depth" : 0.32261127
}