{
  "t_01" : 0.86726034,
  "t_22" : 0.8708317,
  "width" : 1024,
  "timestamp" : 61217263113,
  "cy" : 384.53732,
  "t_21" : -0.47785524,
  "t_13" : -0.0016110463,
  "t_11" : 0.13969095,
  "t_10" : -0.9687473,
  "blur_score" : 684.3584,
  "t_23" : -0.46250156,
  "t_00" : 0.21959594,
  "cx" : 515.2986,
  "fx" : 719.2254,
  "fy" : 719.2254,
  "t_20" : 0.115352154,
  "height" : 768,
  "manual_keyframe" : false,
  "angular_velocity" : 3.4028235e+38,
  "t_12" : 0.20497547,
  "t_03" : 0.5728766,
  "t_02" : 0.44680732
}