{
  "height" : 768,
  "t_20" : 0.4272197,
  "t_03" : 0.13431397,
  "timestamp" : 61214429598,
  "center_depth" : 1.4915146,
  "t_00" : 0.059291642,
  "t_12" : 0.4311101,
  "fy" : 717.3402,
  "t_10" : -0.9022016,
  "t_22" : 0.8974441,
  "t_23" : -0.29928476,
  "t_13" : -0.10026578,
  "t_01" : 0.99385434,
  "t_21" : -0.10989578,
  "blur_score" : 979.3772,
  "width" : 1024,
  "cx" : 515.20685,
  "fx" : 717.3402,
  "cy" : 384.1211,
  "t_02" : 0.093476355,
  "angular_velocity" : 3.4028235e+38,
  "manual_keyframe" : false,
  "t_11" : 0.013275994
}