{
  "height" : 768,
  "timestamp" : 61217396455,
  "t_11" : 0.12401515,
  "center_depth" : 0.9062468,
  "t_01" : 0.83816797,
  "blur_score" : 689.51917,
  "fy" : 719.2603,
  "t_03" : 0.6107507,
  "t_02" : 0.49961174,
  "t_12" : 0.21603337,
  "t_10" : -0.9684781,
  "fx" : 719.2603,
  "t_00" : 0.21877454,
  "t_13" : 0.012882628,
  "t_20" : 0.11911284,
  "t_22" : 0.83887863,
  "t_23" : -0.47088662,
  "cy" : 384.53693,
  "angular_velocity" : 3.4028235e+38,
  "width" : 1024,
  "manual_keyframe" : false,
  "t_21" : -0.5311256,
  "cx" : 515.3356
}