{
  "t_10" : -0.9880209,
  "t_22" : -0.20345885,
  "height" : 768,
  "t_03" : 1.1540644,
  "cx" : 515.3977,
  "cy" : 384.1365,
  "t_01" : -0.21277241,
  "t_02" : 0.9682128,
  "fx" : 717.79126,
  "t_23" : -1.4285644,
  "angular_velocity" : 3.4028235e+38,
  "timestamp" : 61227030382,
  "t_13" : 0.004994964,
  "t_12" : 0.1454928,
  "manual_keyframe" : false,
  "width" : 1024,
  "t_11" : 0.051444046,
  "t_20" : -0.08076566,
  "blur_score" : 1009.87994,
  "t_00" : 0.13149734,
  "t_21" : -0.9757464,
  "fy" : 717.79126
}