{
  "t_02" : 0.9766233,
  "blur_score" : 924.4356,
  "angular_velocity" : 3.4028235e+38,
  "timestamp" : 61225913649,
  "t_23" : -1.2703451,
  "cx" : 515.426,
  "t_10" : -0.9829378,
  "t_13" : -0.1004003,
  "t_11" : -0.022794347,
  "center_depth" : 1.0534678,
  "fy" : 718.363,
  "t_22" : -0.11354689,
  "t_00" : 0.1839281,
  "t_12" : 0.18252066,
  "t_20" : 0.0019555986,
  "t_01" : -0.11125257,
  "cy" : 383.95047,
  "fx" : 718.363,
  "t_21" : -0.99353063,
  "manual_keyframe" : false,
  "height" : 768,
  "t_03" : 1.1995649,
  "width" : 1024
}