{
  "fx" : 717.49426,
  "t_02" : 0.8491549,
  "t_01" : -0.5166127,
  "cy" : 384.5667,
  "t_12" : 0.18121234,
  "timestamp" : 61230497252,
  "cx" : 515.3088,
  "t_03" : 1.0480362,
  "fy" : 717.49426,
  "angular_velocity" : 3.4028235e+38,
  "width" : 1024,
  "t_20" : -0.16986243,
  "t_11" : 0.08979022,
  "t_10" : -0.9793363,
  "t_13" : 0.054814097,
  "t_00" : 0.10975861,
  "t_21" : -0.85149795,
  "t_23" : -1.6818229,
  "height" : 768,
  "manual_keyframe" : false,
  "t_22" : -0.49608234,
  "blur_score" : 1074.1206
}