{
  "t_02" : 0.35295084,
  "t_10" : -0.91828585,
  "height" : 768,
  "manual_keyframe" : false,
  "t_21" : -0.3139127,
  "t_01" : -0.93521386,
  "cx" : 515.1067,
  "fy" : 717.76587,
  "t_00" : -0.028290594,
  "t_23" : -2.2190163,
  "width" : 1024,
  "blur_score" : 1305.5431,
  "fx" : 717.76587,
  "t_12" : 0.36044073,
  "t_13" : 0.27946404,
  "timestamp" : 61239381103,
  "t_11" : 0.16380927,
  "t_03" : 0.2312595,
  "t_20" : -0.39490578,
  "cy" : 384.69846,
  "angular_velocity" : 3.4028235e+38,
  "t_22" : -0.863428
}