{
  "fx" : 718.28674,
  "angular_velocity" : 3.4028235e+38,
  "t_21" : -0.5055018,
  "t_00" : 0.031069571,
  "t_10" : -0.8904381,
  "cx" : 515.0301,
  "manual_keyframe" : false,
  "width" : 1024,
  "t_01" : -0.8319554,
  "t_03" : 0.42076498,
  "t_12" : 0.39344907,
  "t_11" : 0.2287312,
  "blur_score" : 1192.5872,
  "t_02" : 0.55397177,
  "t_20" : -0.4540427,
  "timestamp" : 61237881016,
  "fy" : 718.28674,
  "cy" : 384.9133,
  "t_23" : -2.1857266,
  "t_13" : 0.38470206,
  "height" : 768,
  "t_22" : -0.7336981
}