{
  "cy" : 384.29895,
  "t_03" : 0.67890346,
  "t_22" : -0.8069724,
  "fx" : 717.1687,
  "t_01" : -0.8138384,
  "t_11" : 0.17595868,
  "fy" : 717.1687,
  "t_23" : -2.198217,
  "manual_keyframe" : false,
  "timestamp" : 61235230863,
  "t_13" : 0.09702011,
  "width" : 1024,
  "height" : 768,
  "t_20" : -0.20515868,
  "t_21" : -0.5538097,
  "blur_score" : 1212.2577,
  "t_02" : 0.5766832,
  "cx" : 515.6082,
  "t_00" : -0.07143622,
  "t_10" : -0.97611815,
  "angular_velocity" : 3.4028235e+38,
  "center_depth" : 1.048967,
  "t_12" : 0.12740396
}