{
  "t_20" : -0.19091767,
  "height" : 768,
  "t_22" : -0.6926524,
  "timestamp" : 61232914061,
  "t_02" : 0.66601086,
  "blur_score" : 1141.8723,
  "manual_keyframe" : false,
  "fy" : 717.4641,
  "t_10" : -0.96083,
  "cy" : 383.8605,
  "t_00" : 0.20088837,
  "fx" : 717.4641,
  "t_11" : -0.01199259,
  "width" : 1024,
  "t_21" : -0.69554496,
  "t_03" : 0.89590853,
  "t_13" : -0.15342551,
  "cx" : 515.3511,
  "t_23" : -1.983631,
  "t_12" : 0.27687883,
  "t_01" : -0.71838224,
  "angular_velocity" : 3.4028235e+38
}