{
  "t_10" : -0.9603877,
  "t_20" : -0.18279296,
  "angular_velocity" : 3.4028235e+38,
  "cy" : 383.9855,
  "t_03" : 0.8930248,
  "t_23" : -2.0210192,
  "t_13" : -0.16344975,
  "height" : 768,
  "t_02" : 0.61477894,
  "t_12" : 0.27531698,
  "t_00" : 0.21033806,
  "t_22" : -0.7390853,
  "cx" : 515.23047,
  "center_depth" : 1.7885373,
  "t_01" : -0.7601345,
  "width" : 1024,
  "t_11" : -0.043080524,
  "fx" : 717.2163,
  "timestamp" : 61233147408,
  "t_21" : -0.6483358,
  "blur_score" : 1153.4508,
  "manual_keyframe" : false,
  "fy" : 717.2163
}