{
  "t_02" : -0.52545077,
  "t_03" : -0.798853,
  "t_21" : 0.5536262,
  "manual_keyframe" : false,
  "t_11" : 0.06188141,
  "fx" : 719.50336,
  "angular_velocity" : 3.4028235e+38,
  "blur_score" : 938.28314,
  "t_13" : 0.07780887,
  "cy" : 384.0328,
  "width" : 1024,
  "height" : 768,
  "fy" : 719.50336,
  "t_20" : -0.1693369,
  "timestamp" : 61247398226,
  "t_10" : -0.9680353,
  "t_01" : -0.8304628,
  "t_12" : 0.24306023,
  "t_23" : -2.0747633,
  "cx" : 515.31836,
  "t_22" : -0.8153666,
  "t_00" : -0.18502052
}