{
  "cy" : 384.26483,
  "t_22" : -0.87310207,
  "center_depth" : 0.9829529,
  "t_01" : -0.87477475,
  "fx" : 719.1698,
  "t_23" : -2.045831,
  "t_03" : -0.82425225,
  "t_21" : 0.4777876,
  "timestamp" : 61247714911,
  "t_12" : 0.15350889,
  "angular_velocity" : 3.4028235e+38,
  "manual_keyframe" : false,
  "t_10" : -0.9848589,
  "t_20" : -0.09701306,
  "t_02" : -0.4627392,
  "cx" : 515.32135,
  "blur_score" : 999.55444,
  "height" : 768,
  "t_13" : 0.100507826,
  "t_11" : 0.08054784,
  "t_00" : -0.14367113,
  "width" : 1024,
  "fy" : 719.1698
}