{
  "t_00" : -0.36302963,
  "t_02" : -0.8383533,
  "t_12" : 0.37406465,
  "t_01" : 0.40666077,
  "t_03" : -1.0449079,
  "t_21" : 0.91190547,
  "fy" : 717.8119,
  "t_13" : -0.118906565,
  "fx" : 717.8119,
  "t_20" : 0.10577839,
  "t_22" : 0.39653385,
  "angular_velocity" : 3.4028235e+38,
  "blur_score" : 726.8158,
  "timestamp" : 61254765304,
  "manual_keyframe" : false,
  "t_10" : -0.92575395,
  "t_11" : -0.055273883,
  "cx" : 515.1298,
  "height" : 768,
  "width" : 1024,
  "t_23" : -0.99122226,
  "cy" : 384.19424
}