{
  "width" : 1024,
  "angular_velocity" : 3.4028235e+38,
  "t_02" : 0.28944036,
  "fx" : 720.0783,
  "t_03" : 0.4586701,
  "t_21" : -0.30579346,
  "t_22" : 0.91060036,
  "t_23" : -0.46329203,
  "t_11" : 0.00981222,
  "blur_score" : 642.5713,
  "timestamp" : 61265449227,
  "t_01" : 0.9520472,
  "manual_keyframe" : false,
  "fy" : 720.0783,
  "height" : 768,
  "cx" : 515.11743,
  "cy" : 384.12567,
  "t_10" : -0.9554437,
  "t_20" : 0.27802387,
  "t_12" : 0.29501048,
  "t_13" : -0.029766256,
  "t_00" : 0.09914728
}