{
  "t_23" : -0.13195309,
  "blur_score" : 889.4079,
  "angular_velocity" : 3.4028235e+38,
  "fx" : 717.5037,
  "timestamp" : 61262349054,
  "cx" : 515.2795,
  "center_depth" : 1.2171215,
  "width" : 1024,
  "t_13" : 0.01751157,
  "height" : 768,
  "fy" : 717.5037,
  "manual_keyframe" : false,
  "t_20" : 0.3530221,
  "t_22" : 0.9335928,
  "t_03" : -0.028478907,
  "t_11" : 0.0024475888,
  "t_21" : 0.061477337,
  "t_10" : -0.93541276,
  "t_02" : -0.058370754,
  "t_12" : 0.35354906,
  "t_00" : -0.019450212,
  "cy" : 384.07147,
  "t_01" : 0.9981053
}