{
  "cx" : 515.1458,
  "t_13" : -0.074939705,
  "angular_velocity" : 3.4028235e+38,
  "blur_score" : 1041.7078,
  "fy" : 717.5356,
  "t_01" : 0.99679554,
  "fx" : 717.5356,
  "t_20" : 0.50866795,
  "t_23" : -0.27210274,
  "t_02" : 0.07966724,
  "t_12" : 0.507556,
  "cy" : 384.02414,
  "height" : 768,
  "t_22" : 0.85792756,
  "t_21" : -0.07222793,
  "t_10" : -0.8609328,
  "t_11" : -0.034371864,
  "t_03" : 0.18453836,
  "center_depth" : 2.2983596,
  "width" : 1024,
  "t_00" : 0.00717114,
  "timestamp" : 61263682462,
  "manual_keyframe" : false
}