{
  "manual_keyframe" : false,
  "cy" : 384.68747,
  "height" : 768,
  "timestamp" : 61269882810,
  "t_01" : 0.6085003,
  "t_11" : 0.17533237,
  "blur_score" : 885.32306,
  "fy" : 718.6393,
  "fx" : 718.6393,
  "t_20" : 0.22111261,
  "t_22" : 0.5933997,
  "cx" : 514.6918,
  "t_10" : -0.8256059,
  "t_23" : -0.7350753,
  "angular_velocity" : 3.4028235e+38,
  "t_21" : -0.77394164,
  "t_00" : 0.5191184,
  "t_02" : 0.6002026,
  "t_13" : 0.46414658,
  "t_03" : 0.68074214,
  "t_12" : 0.53631455,
  "width" : 1024
}