{
  "t_12" : 0.4487515,
  "t_13" : 0.04108811,
  "t_22" : 0.3088101,
  "t_11" : 0.12362187,
  "t_23" : -1.0415447,
  "center_depth" : 1.3215572,
  "t_21" : -0.9508266,
  "timestamp" : 61273149661,
  "angular_velocity" : 3.4028235e+38,
  "t_03" : 1.0649786,
  "height" : 768,
  "t_00" : 0.4648606,
  "blur_score" : 899.62415,
  "manual_keyframe" : false,
  "t_10" : -0.8850647,
  "t_02" : 0.83860487,
  "width" : 1024,
  "cx" : 514.86707,
  "cy" : 384.5273,
  "t_01" : 0.28398278,
  "fx" : 719.2508,
  "fy" : 719.2508,
  "t_20" : 0.023767792
}