{
  "cx" : 515.36304,
  "t_23" : -2.0628583,
  "blur_score" : 1162.4456,
  "center_depth" : 1.1535552,
  "height" : 768,
  "t_10" : -0.99478316,
  "t_20" : -0.087006785,
  "angular_velocity" : 3.4028235e+38,
  "timestamp" : 61279783366,
  "cy" : 384.4424,
  "t_01" : -0.5770356,
  "t_11" : 0.10176766,
  "fy" : 717.2354,
  "t_22" : -0.57944506,
  "t_21" : -0.8103536,
  "width" : 1024,
  "t_03" : 0.95317304,
  "fx" : 717.2354,
  "t_02" : 0.8149807,
  "t_12" : 0.00705001,
  "t_13" : 0.16238435,
  "t_00" : -0.053255767,
  "manual_keyframe" : false
}