{
  "fy" : 717.00507,
  "t_01" : -0.59677315,
  "t_22" : -0.58806837,
  "manual_keyframe" : false,
  "t_11" : 0.06461279,
  "t_12" : 0.11501929,
  "t_03" : 1.1759781,
  "t_20" : -0.120368876,
  "angular_velocity" : 3.4028235e+38,
  "blur_score" : 1142.8096,
  "t_10" : -0.9912596,
  "t_21" : -0.79980403,
  "t_13" : 0.056447294,
  "t_00" : 0.053996168,
  "t_02" : 0.8005909,
  "t_23" : -1.9631317,
  "width" : 1024,
  "cx" : 515.3583,
  "timestamp" : 61278616635,
  "cy" : 384.03445,
  "fx" : 717.00507,
  "height" : 768,
  "center_depth" : 1.2834607
}