{
  "t_11" : 0.121266015,
  "t_12" : 0.46982434,
  "timestamp" : 61274216388,
  "manual_keyframe" : false,
  "t_22" : 0.26830697,
  "cx" : 515.0808,
  "t_23" : -1.1848073,
  "t_00" : 0.4851067,
  "cy" : 384.3039,
  "t_20" : 0.010572588,
  "t_13" : -0.047181267,
  "center_depth" : 2.0437534,
  "t_10" : -0.8743911,
  "t_02" : 0.8409972,
  "t_01" : 0.23957248,
  "width" : 1024,
  "height" : 768,
  "fy" : 718.8029,
  "t_03" : 1.0735618,
  "angular_velocity" : 3.4028235e+38,
  "fx" : 718.8029,
  "blur_score" : 1049.6616,
  "t_21" : -0.96327543
}