{
  "t_10" : -0.9814556,
  "t_22" : -0.4515028,
  "height" : 768,
  "t_03" : 1.1739898,
  "cx" : 515.3895,
  "cy" : 383.98343,
  "t_01" : -0.45697168,
  "t_02" : 0.8716003,
  "fx" : 717.9008,
  "t_23" : -1.8177611,
  "angular_velocity" : 3.4028235e+38,
  "center_depth" : 1.3048936,
  "t_13" : -0.019781178,
  "t_12" : 0.19093956,
  "timestamp" : 61277849925,
  "width" : 1024,
  "manual_keyframe" : false,
  "t_11" : -0.016936079,
  "t_20" : -0.07249249,
  "blur_score" : 1025.7112,
  "t_00" : 0.17745304,
  "t_21" : -0.8893198,
  "fy" : 717.9008
}