{
  "blur_score" : 1001.6901,
  "timestamp" : 61277016545,
  "t_11" : -0.028854802,
  "t_22" : -0.2354802,
  "cy" : 384.1322,
  "fy" : 718.30585,
  "center_depth" : 1.3647943,
  "width" : 1024,
  "fx" : 718.30585,
  "cx" : 515.3633,
  "t_21" : -0.9711238,
  "t_13" : -0.061065506,
  "angular_velocity" : 3.4028235e+38,
  "manual_keyframe" : false,
  "t_10" : -0.9609207,
  "t_02" : 0.93206763,
  "t_00" : 0.27416065,
  "t_12" : 0.275316,
  "t_01" : -0.23682429,
  "height" : 768,
  "t_20" : -0.038306892,
  "t_03" : 1.2451571,
  "t_23" : -1.6219392
}