{
  "manual_keyframe" : false,
  "t_22" : -0.9267084,
  "angular_velocity" : 3.4028235e+38,
  "fy" : 717.7976,
  "cy" : 384.15128,
  "t_12" : 0.3086786,
  "height" : 768,
  "t_03" : 0.4088006,
  "t_01" : -0.97487676,
  "t_00" : 0.060716845,
  "width" : 1024,
  "timestamp" : 61284383621,
  "t_10" : -0.95112735,
  "blur_score" : 1161.1489,
  "cx" : 515.271,
  "t_02" : 0.21430989,
  "t_11" : 0.0086199995,
  "t_20" : -0.30277097,
  "t_23" : -2.2817,
  "t_21" : -0.22257794,
  "t_13" : 0.15360254,
  "fx" : 717.7976
}