{
  "t_22" : -0.9546318,
  "manual_keyframe" : false,
  "t_13" : -0.17819051,
  "t_10" : -0.95614874,
  "t_00" : 0.052981354,
  "t_02" : 0.06286909,
  "height" : 768,
  "t_12" : 0.2910764,
  "cy" : 384.01935,
  "t_11" : -0.032468267,
  "t_21" : -0.07553379,
  "cx" : 515.3288,
  "fy" : 716.7764,
  "width" : 1024,
  "angular_velocity" : 3.4028235e+38,
  "t_20" : -0.28804973,
  "timestamp" : 61286883761,
  "t_03" : 0.0903552,
  "t_23" : -2.3746908,
  "blur_score" : 1275.92,
  "center_depth" : 1.4288307,
  "t_01" : -0.9966144,
  "fx" : 716.7764
}