{
  "t_02" : 0.3227596,
  "manual_keyframe" : false,
  "t_23" : -2.1842093,
  "t_01" : -0.9378137,
  "width" : 1024,
  "t_11" : 0.050183106,
  "angular_velocity" : 3.4028235e+38,
  "height" : 768,
  "t_21" : -0.34349206,
  "cy" : 384.2834,
  "t_22" : -0.8095749,
  "fy" : 718.9396,
  "t_10" : -0.870096,
  "t_20" : -0.47602665,
  "blur_score" : 1076.5894,
  "timestamp" : 61283516906,
  "fx" : 718.9396,
  "cx" : 514.7334,
  "t_00" : 0.12779433,
  "t_13" : 0.35006732,
  "t_12" : 0.49032077,
  "t_03" : 0.41716987
}