{
  "fx" : 735.0456,
  "width" : 1024,
  "t_20" : -0.15140598,
  "t_13" : -0.17485593,
  "t_03" : -0.4047182,
  "angular_velocity" : 3.4028235e+38,
  "blur_score" : 152.53766,
  "height" : 768,
  "t_12" : 0.20917231,
  "t_11" : 0.019045115,
  "fy" : 735.0456,
  "cx" : 515.50073,
  "t_01" : -0.77932614,
  "t_22" : -0.7647144,
  "t_23" : -2.095632,
  "t_02" : -0.609474,
  "timestamp" : 61289917262,
  "t_10" : -0.9776933,
  "t_00" : -0.14557475,
  "cy" : 383.73282,
  "t_21" : 0.6263289,
  "manual_keyframe" : false
}