{
  "t_03" : -1.0790157,
  "fy" : 717.6721,
  "t_10" : -0.94444066,
  "t_11" : 0.15207776,
  "t_21" : 0.8463233,
  "angular_velocity" : 3.4028235e+38,
  "manual_keyframe" : false,
  "center_depth" : 1.5068094,
  "t_20" : -0.027838353,
  "cy" : 384.29944,
  "t_00" : -0.32750076,
  "t_12" : 0.29138306,
  "t_22" : -0.53194124,
  "height" : 768,
  "cx" : 515.3716,
  "t_13" : 0.27875713,
  "width" : 1024,
  "timestamp" : 61294250833,
  "t_01" : -0.5104986,
  "blur_score" : 1060.461,
  "t_02" : -0.7950687,
  "t_23" : -1.6037359,
  "fx" : 717.6721
}