{
  "cx" : 515.3843,
  "t_12" : 0.15136884,
  "t_03" : -0.607784,
  "fy" : 719.0427,
  "t_11" : 0.031918775,
  "timestamp" : 61290817312,
  "angular_velocity" : 3.4028235e+38,
  "center_depth" : 0.9799511,
  "t_22" : -0.7640534,
  "t_10" : -0.9879619,
  "t_02" : -0.62714404,
  "t_01" : -0.76945585,
  "t_00" : -0.1209461,
  "t_20" : -0.096453965,
  "cy" : 384.05835,
  "manual_keyframe" : false,
  "t_13" : 0.012740212,
  "t_21" : 0.6379019,
  "blur_score" : 832.7164,
  "fx" : 719.0427,
  "height" : 768,
  "t_23" : -1.9953806,
  "width" : 1024
}