{
  "cx" : 515.18164,
  "fy" : 718.92523,
  "t_23" : -1.3948396,
  "width" : 1024,
  "manual_keyframe" : false,
  "blur_score" : 812.9809,
  "angular_velocity" : 3.4028235e+38,
  "t_12" : 0.3720292,
  "timestamp" : 61295684245,
  "t_21" : 0.99139184,
  "t_13" : 0.25009325,
  "height" : 768,
  "t_00" : -0.3643729,
  "t_10" : -0.9231481,
  "t_02" : -0.9270826,
  "t_03" : -1.2423908,
  "t_20" : 0.122596994,
  "t_11" : 0.09691219,
  "t_22" : 0.04595668,
  "fx" : 718.92523,
  "cy" : 384.4427,
  "t_01" : 0.088034466
}