{
  "t_20" : 0.12843946,
  "t_00" : -0.37377733,
  "fy" : 718.0612,
  "manual_keyframe" : false,
  "t_21" : 0.9122125,
  "t_03" : 1.2263912,
  "angular_velocity" : 3.4028235e+38,
  "blur_score" : 755.7968,
  "cy" : 384.4934,
  "t_02" : -0.83300614,
  "t_01" : 0.40791026,
  "height" : 768,
  "t_22" : 0.38906446,
  "cx" : 514.84906,
  "t_23" : 0.59724784,
  "fx" : 718.0612,
  "timestamp" : 56317902812,
  "t_10" : -0.9185824,
  "width" : 1024,
  "t_11" : -0.03843262,
  "t_13" : -0.046503503,
  "t_12" : 0.3933562
}