{
  "t_02" : -0.65197325,
  "width" : 1024,
  "t_03" : 1.3648545,
  "t_11" : 0.01342313,
  "t_23" : 0.7671978,
  "t_13" : -0.12525144,
  "cy" : 384.5568,
  "timestamp" : 56319869649,
  "t_20" : 0.27894008,
  "height" : 768,
  "t_01" : 0.7135749,
  "t_12" : 0.3786407,
  "cx" : 515.01196,
  "t_10" : -0.92544633,
  "t_00" : -0.25640085,
  "fx" : 718.32336,
  "t_21" : 0.70045,
  "fy" : 718.32336,
  "t_22" : 0.65693367,
  "angular_velocity" : 3.4028235e+38,
  "manual_keyframe" : false,
  "blur_score" : 703.25494
}