{
  "t_13" : -0.06510238,
  "t_11" : -0.0281716,
  "fx" : 718.9014,
  "t_02" : -0.36554632,
  "t_10" : -0.9418322,
  "t_20" : 0.29693455,
  "t_22" : 0.8684568,
  "cy" : 384.5326,
  "t_23" : 0.90212435,
  "t_00" : -0.1574228,
  "fy" : 718.9014,
  "height" : 768,
  "angular_velocity" : 3.4028235e+38,
  "center_depth" : 0.5618704,
  "t_12" : 0.33490062,
  "t_01" : 0.91738415,
  "manual_keyframe" : false,
  "cx" : 514.9223,
  "t_21" : 0.39700422,
  "width" : 1024,
  "t_03" : 1.4881396,
  "blur_score" : 578.3267,
  "timestamp" : 56321403114
}