{
  "blur_score" : 611.7442,
  "t_10" : -0.9599402,
  "t_22" : 0.6634957,
  "cx" : 515.07733,
  "cy" : 384.97626,
  "t_13" : -0.09202887,
  "t_03" : 2.1168983,
  "fy" : 716.61755,
  "height" : 768,
  "t_23" : 0.8808076,
  "width" : 1024,
  "angular_velocity" : 3.4028235e+38,
  "t_01" : 0.6575913,
  "t_02" : 0.70408344,
  "t_11" : 0.12031273,
  "timestamp" : 56326686899,
  "t_00" : 0.26802957,
  "t_12" : 0.25306052,
  "t_20" : 0.08170019,
  "t_21" : -0.7437057,
  "fx" : 716.61755,
  "manual_keyframe" : false
}