{
  "t_23" : 0.93203276,
  "t_21" : 0.011716398,
  "width" : 1024,
  "t_02" : -0.019021431,
  "height" : 768,
  "manual_keyframe" : false,
  "cx" : 514.7089,
  "angular_velocity" : 3.4028235e+38,
  "timestamp" : 56323219936,
  "blur_score" : 531.4548,
  "fy" : 719.8099,
  "t_01" : 0.99955326,
  "t_03" : 1.6703714,
  "t_20" : 0.28323823,
  "t_13" : -0.12186556,
  "cy" : 384.61484,
  "fx" : 719.8099,
  "t_10" : -0.9587725,
  "t_22" : 0.95897794,
  "t_11" : 0.027496522,
  "t_12" : 0.28284156,
  "t_00" : 0.023054676
}