{
  "t_11" : 0.12068814,
  "width" : 1024,
  "fx" : 717.48785,
  "manual_keyframe" : false,
  "angular_velocity" : 3.4028235e+38,
  "t_01" : -0.4527536,
  "cy" : 385.0151,
  "timestamp" : 56333170780,
  "t_20" : -0.2557781,
  "t_00" : 0.25016385,
  "blur_score" : 895.4956,
  "t_10" : -0.9338071,
  "t_23" : 0.10634397,
  "t_03" : 2.2086136,
  "cx" : 514.83386,
  "t_21" : -0.88342994,
  "fy" : 717.48785,
  "t_13" : -0.118833534,
  "t_02" : 0.85582256,
  "t_12" : 0.33680674,
  "height" : 768,
  "t_22" : -0.3925927
}