{
  "t_11" : 0.108097605,
  "t_22" : -0.94700515,
  "fx" : 718.67267,
  "t_13" : -0.16429693,
  "t_03" : 1.7934834,
  "fy" : 718.67267,
  "t_23" : -0.2309513,
  "blur_score" : 763.0465,
  "width" : 1024,
  "t_12" : 0.2464342,
  "timestamp" : 56337037770,
  "cx" : 514.946,
  "t_10" : -0.9631122,
  "t_21" : -0.18440838,
  "height" : 768,
  "t_01" : -0.976887,
  "t_02" : 0.20603678,
  "cy" : 384.90182,
  "t_20" : -0.26301047,
  "center_depth" : 0.9083592,
  "t_00" : -0.056924462,
  "angular_velocity" : 3.4028235e+38,
  "manual_keyframe" : false
}