{
  "t_20" : -0.24717902,
  "t_22" : -0.57401645,
  "width" : 1024,
  "timestamp" : 56333770830,
  "manual_keyframe" : false,
  "fy" : 717.526,
  "t_02" : 0.7742023,
  "fx" : 717.526,
  "blur_score" : 788.8269,
  "height" : 768,
  "cy" : 384.95975,
  "t_11" : 0.10718569,
  "t_00" : 0.1466524,
  "t_12" : 0.26667514,
  "t_01" : -0.61571395,
  "angular_velocity" : 3.4028235e+38,
  "t_03" : 2.1761067,
  "t_23" : 0.029551446,
  "cx" : 514.88245,
  "t_21" : -0.7806455,
  "t_10" : -0.95780766,
  "t_13" : -0.12623344
}