{
  "t_01" : -0.7601841,
  "t_20" : -0.2857242,
  "t_21" : -0.64445907,
  "t_22" : -0.7092489,
  "height" : 768,
  "t_12" : 0.307064,
  "blur_score" : 834.5588,
  "timestamp" : 56334737578,
  "fy" : 717.1353,
  "cy" : 385.03027,
  "angular_velocity" : 3.4028235e+38,
  "width" : 1024,
  "t_10" : -0.9481135,
  "t_02" : 0.63456875,
  "center_depth" : 0.67488635,
  "t_00" : 0.13943624,
  "cx" : 514.95667,
  "t_11" : 0.08241668,
  "fx" : 717.1353,
  "t_23" : -0.04904961,
  "t_13" : -0.16754512,
  "t_03" : 2.0928197,
  "manual_keyframe" : false
}