{
  "t_00" : -0.14792743,
  "t_20" : 0.2813448,
  "t_13" : -0.14015345,
  "cy" : 384.98175,
  "angular_velocity" : 3.4028235e+38,
  "t_02" : -0.6831064,
  "t_11" : 0.0939361,
  "cx" : 514.99054,
  "t_12" : 0.30366665,
  "t_01" : 0.71518034,
  "height" : 768,
  "blur_score" : 610.9727,
  "t_22" : 0.66419274,
  "fx" : 718.35504,
  "manual_keyframe" : false,
  "t_10" : -0.9481363,
  "t_21" : 0.6925986,
  "t_03" : 1.341317,
  "t_23" : 0.7831624,
  "fy" : 718.35504,
  "width" : 1024,
  "timestamp" : 56348805415
}