{
  "t_21" : 0.9900572,
  "center_depth" : 0.6785769,
  "cy" : 384.89746,
  "t_01" : 0.117836736,
  "fy" : 718.9141,
  "fx" : 718.9141,
  "height" : 768,
  "manual_keyframe" : false,
  "t_02" : -0.9462672,
  "t_03" : 1.1377311,
  "t_00" : -0.30115217,
  "t_12" : 0.31104252,
  "t_11" : 0.076818526,
  "t_20" : 0.10934309,
  "angular_velocity" : 3.4028235e+38,
  "t_10" : -0.94728637,
  "timestamp" : 56346638569,
  "t_13" : -0.25116056,
  "t_23" : 0.46778417,
  "t_22" : 0.08849106,
  "blur_score" : 744.2286,
  "cx" : 515.1434,
  "width" : 1024
}