{
  "t_03" : 1.2983737,
  "angular_velocity" : 3.4028235e+38,
  "cy" : 384.78995,
  "t_01" : -0.68853444,
  "t_12" : 0.25577036,
  "center_depth" : 1.8117911,
  "fy" : 716.63654,
  "t_10" : -0.9642621,
  "t_22" : -0.67994344,
  "height" : 768,
  "t_21" : 0.72190034,
  "blur_score" : 987.5759,
  "t_00" : -0.2316502,
  "fx" : 716.63654,
  "t_20" : -0.12859477,
  "t_11" : 0.06913739,
  "t_23" : -0.06822091,
  "cx" : 514.9533,
  "t_02" : -0.6872105,
  "width" : 1024,
  "timestamp" : 56341871507,
  "manual_keyframe" : false,
  "t_13" : -0.13723071
}