{
  "t_23" : -0.21465915,
  "angular_velocity" : 3.4028235e+38,
  "height" : 768,
  "t_21" : 0.48644847,
  "width" : 1024,
  "t_12" : 0.2547473,
  "t_22" : -0.85765004,
  "t_10" : -0.9595028,
  "cx" : 514.99805,
  "blur_score" : 977.6559,
  "fy" : 717.499,
  "t_11" : 0.12024183,
  "timestamp" : 56340104693,
  "t_03" : 1.4420235,
  "t_13" : -0.12093021,
  "t_02" : -0.44669893,
  "t_00" : -0.22704685,
  "center_depth" : 1.893829,
  "fx" : 717.499,
  "t_01" : -0.8653956,
  "manual_keyframe" : false,
  "cy" : 384.96082,
  "t_20" : -0.16674528
}