{
  "t_10" : -0.9461758,
  "t_03" : 1.1999543,
  "t_13" : -0.13448295,
  "cy" : 384.8937,
  "height" : 768,
  "t_01" : 0.6033154,
  "width" : 1024,
  "manual_keyframe" : false,
  "t_21" : 0.7863024,
  "t_02" : -0.78154683,
  "t_00" : -0.15872909,
  "angular_velocity" : 3.4028235e+38,
  "center_depth" : 1.2222943,
  "t_12" : 0.29497883,
  "fx" : 719.1952,
  "t_11" : 0.13318764,
  "t_20" : 0.2820576,
  "t_22" : 0.54970163,
  "t_23" : 0.71634394,
  "blur_score" : 624.974,
  "fy" : 719.1952,
  "cx" : 514.9671,
  "timestamp" : 56348005349
}