{
  "t_10" : -0.9660203,
  "cx" : 515.03326,
  "fx" : 716.3904,
  "timestamp" : 56342821586,
  "t_03" : 1.197482,
  "t_13" : -0.11959033,
  "t_23" : -0.025083892,
  "angular_velocity" : 3.4028235e+38,
  "t_01" : -0.5023799,
  "t_02" : -0.82798177,
  "t_11" : 0.06809414,
  "center_depth" : 1.9343479,
  "t_00" : -0.24911898,
  "cy" : 384.7625,
  "fy" : 716.3904,
  "t_20" : -0.06888019,
  "t_21" : 0.86196136,
  "t_22" : -0.50227267,
  "width" : 1024,
  "height" : 768,
  "manual_keyframe" : false,
  "blur_score" : 929.5088,
  "t_12" : 0.249335
}