{
  "t_00" : 0.13504182,
  "timestamp" : 56352822411,
  "manual_keyframe" : false,
  "cy" : 385.14255,
  "t_02" : 0.12296469,
  "t_23" : 0.96995884,
  "t_03" : 1.7522686,
  "t_10" : -0.9550163,
  "t_20" : 0.26402155,
  "width" : 1024,
  "height" : 768,
  "t_12" : 0.2805555,
  "fx" : 717.4689,
  "t_21" : -0.15532002,
  "t_01" : 0.9831801,
  "angular_velocity" : 3.4028235e+38,
  "center_depth" : 0.8018987,
  "t_11" : 0.09608486,
  "t_22" : 0.95192856,
  "t_13" : -0.14759557,
  "blur_score" : 599.3056,
  "cx" : 514.8714,
  "fy" : 717.4689
}