{
  "t_23" : 0.57741445,
  "fy" : 717.2052,
  "blur_score" : 734.61694,
  "t_22" : 0.23895723,
  "t_10" : -0.9196435,
  "t_13" : -0.108221725,
  "t_12" : 0.35859033,
  "height" : 768,
  "manual_keyframe" : false,
  "cy" : 385.22046,
  "fx" : 717.2052,
  "t_02" : 0.9023926,
  "t_21" : -0.968092,
  "timestamp" : 56357156097,
  "t_01" : 0.19268885,
  "t_11" : 0.16021508,
  "cx" : 514.725,
  "t_20" : -0.07548055,
  "angular_velocity" : 3.4028235e+38,
  "width" : 1024,
  "center_depth" : 0.70032,
  "t_03" : 2.2695093,
  "t_00" : 0.38543296
}