{
  "t_13" : -0.12160851,
  "t_21" : -0.9808201,
  "timestamp" : 56358572878,
  "angular_velocity" : 3.4028235e+38,
  "fx" : 718.4456,
  "t_02" : 0.9185221,
  "blur_score" : 799.9434,
  "width" : 1024,
  "t_12" : 0.38340795,
  "t_22" : -0.09651441,
  "t_10" : -0.91570145,
  "cx" : 514.7044,
  "manual_keyframe" : false,
  "fy" : 718.4456,
  "t_01" : -0.1533054,
  "t_11" : 0.12037082,
  "t_20" : -0.1693418,
  "center_depth" : 0.78221107,
  "t_03" : 2.2787056,
  "t_23" : 0.3253858,
  "height" : 768,
  "cy" : 384.9371,
  "t_00" : 0.36443678
}