{
  "cx" : 514.976,
  "cy" : 384.91214,
  "t_23" : 0.9218978,
  "blur_score" : 607.4312,
  "height" : 768,
  "center_depth" : 0.69464946,
  "t_02" : -0.23419297,
  "t_13" : -0.13646415,
  "t_22" : 0.92450523,
  "t_03" : 1.5572163,
  "t_12" : 0.30073828,
  "t_10" : -0.9494637,
  "fy" : 718.3789,
  "t_11" : 0.08986135,
  "t_20" : 0.31337056,
  "t_21" : 0.21699941,
  "angular_velocity" : 3.4028235e+38,
  "width" : 1024,
  "t_00" : 0.017817253,
  "timestamp" : 56350888920,
  "manual_keyframe" : false,
  "t_01" : 0.97202677,
  "fx" : 718.3789
}