{
  "fx" : 717.54034,
  "t_11" : 0.13779809,
  "t_01" : -0.99036175,
  "t_00" : -0.13530435,
  "center_depth" : 1.1230612,
  "t_23" : -0.21178864,
  "t_02" : 0.029601077,
  "blur_score" : 1016.3562,
  "cx" : 514.966,
  "t_21" : 0.013970921,
  "t_22" : -0.9505625,
  "fy" : 717.54034,
  "angular_velocity" : 3.4028235e+38,
  "t_13" : -0.13629831,
  "t_03" : 1.7454323,
  "width" : 1024,
  "height" : 768,
  "timestamp" : 56363523277,
  "t_10" : -0.9409872,
  "t_12" : 0.30911914,
  "manual_keyframe" : false,
  "t_20" : -0.31021875,
  "cy" : 385.01352
}