{
  "height" : 768,
  "t_11" : 0.108927734,
  "t_01" : -0.69813776,
  "t_23" : -0.011185437,
  "t_20" : -0.34067932,
  "t_00" : 0.20204544,
  "t_13" : -0.13330737,
  "width" : 1024,
  "angular_velocity" : 3.4028235e+38,
  "cx" : 514.72015,
  "t_22" : -0.6190309,
  "manual_keyframe" : false,
  "t_03" : 2.1228004,
  "fx" : 717.8103,
  "timestamp" : 56360656380,
  "center_depth" : 0.7406486,
  "t_02" : 0.6868632,
  "blur_score" : 1016.3237,
  "fy" : 717.8103,
  "t_10" : -0.9182131,
  "t_12" : 0.38081428,
  "cy" : 384.92264,
  "t_21" : -0.7076286
}