{
  "fx" : 719.28577,
  "t_11" : 0.037898198,
  "t_00" : -0.2443503,
  "t_01" : -0.7058597,
  "t_23" : -0.050786227,
  "t_02" : -0.664872,
  "blur_score" : 836.58826,
  "cx" : 515.13196,
  "t_21" : 0.7073369,
  "t_22" : -0.6800401,
  "fy" : 719.28577,
  "angular_velocity" : 3.4028235e+38,
  "t_13" : -0.30654818,
  "t_03" : 1.3020413,
  "width" : 1024,
  "height" : 768,
  "timestamp" : 56366873545,
  "t_10" : -0.95030165,
  "t_12" : 0.30901536,
  "manual_keyframe" : false,
  "t_20" : -0.19292405,
  "cy" : 384.83234
}