{
  "t_10" : -0.9444245,
  "timestamp" : 56368390334,
  "t_13" : -0.20699273,
  "t_01" : -0.18285859,
  "t_02" : -0.9382379,
  "t_00" : -0.2937213,
  "cx" : 514.94354,
  "t_11" : 0.2070883,
  "t_03" : 1.2729888,
  "t_23" : 0.22893253,
  "angular_velocity" : 3.4028235e+38,
  "height" : 768,
  "width" : 1024,
  "manual_keyframe" : false,
  "t_21" : 0.96108115,
  "t_12" : 0.25529736,
  "fy" : 720.3753,
  "cy" : 385.12772,
  "blur_score" : 572.7933,
  "t_22" : -0.2335224,
  "t_20" : 0.14761479,
  "fx" : 720.3753
}