{
  "t_21" : 0.46674815,
  "t_13" : -0.141091,
  "t_22" : -0.8600947,
  "t_20" : -0.20587148,
  "angular_velocity" : 3.4028235e+38,
  "fx" : 717.5387,
  "cy" : 385.00006,
  "t_02" : -0.40105206,
  "t_11" : 0.16907121,
  "blur_score" : 1110.62,
  "t_23" : -0.18996346,
  "cx" : 514.85345,
  "fy" : 717.5387,
  "width" : 1024,
  "height" : 768,
  "timestamp" : 56365106738,
  "manual_keyframe" : false,
  "t_03" : 1.4890416,
  "t_12" : 0.31526843,
  "t_10" : -0.9338205,
  "t_01" : -0.8680788,
  "t_00" : -0.2925682
}