{
  "angular_velocity" : 3.4028235e+38,
  "height" : 768,
  "t_10" : -0.93924665,
  "t_11" : 0.11706432,
  "t_12" : 0.32266334,
  "cy" : 384.98373,
  "t_23" : -0.21929744,
  "cx" : 514.9144,
  "center_depth" : 1.163216,
  "timestamp" : 56363823301,
  "t_00" : -0.13936205,
  "width" : 1024,
  "t_02" : -0.04680723,
  "t_21" : 0.08893055,
  "t_03" : 1.7029352,
  "t_01" : -0.98913455,
  "t_22" : -0.9453556,
  "fx" : 717.4927,
  "fy" : 717.4927,
  "t_20" : -0.31367797,
  "manual_keyframe" : false,
  "blur_score" : 1048.4706,
  "t_13" : -0.13118479
}