{
  "t_21" : -0.7213685,
  "t_22" : -0.59730804,
  "fx" : 729.3011,
  "center_depth" : 0.37172833,
  "fy" : 729.3011,
  "blur_score" : 340.32556,
  "t_13" : 0.015636317,
  "height" : 768,
  "timestamp" : 60317644490,
  "cy" : 384.39062,
  "t_12" : 0.45027035,
  "t_01" : -0.6899452,
  "t_02" : 0.66368645,
  "angular_velocity" : 3.4028235e+38,
  "width" : 1024,
  "t_10" : -0.89087224,
  "t_20" : -0.3505005,
  "t_11" : 0.060026266,
  "t_03" : -0.61136353,
  "t_23" : -0.9627217,
  "manual_keyframe" : false,
  "t_00" : 0.2889567,
  "cx" : 515.15155
}