{
  "t_00" : 0.42016277,
  "t_22" : 0.07821241,
  "cx" : 515.17395,
  "t_21" : -0.9958361,
  "t_23" : -0.32568198,
  "t_13" : -0.0038572457,
  "t_01" : 0.051395774,
  "t_12" : 0.4160061,
  "blur_score" : 200.71454,
  "fx" : 728.97864,
  "height" : 768,
  "t_20" : -0.046834357,
  "t_02" : 0.9059921,
  "cy" : 384.14072,
  "t_03" : -0.36724904,
  "timestamp" : 60329128445,
  "manual_keyframe" : false,
  "angular_velocity" : 3.4028235e+38,
  "fy" : 728.97864,
  "t_11" : 0.07529349,
  "width" : 1024,
  "t_10" : -0.90623933
}