{
  "width" : 1024,
  "manual_keyframe" : false,
  "blur_score" : 93.23711,
  "t_23" : -0.7004593,
  "t_02" : 0.8372986,
  "t_11" : 0.11102204,
  "t_10" : -0.9017486,
  "t_21" : -0.89484537,
  "t_01" : -0.4323495,
  "cy" : 384.3751,
  "fy" : 738.2935,
  "t_00" : 0.33467185,
  "fx" : 738.2935,
  "t_20" : -0.27357706,
  "t_13" : -0.03305493,
  "cx" : 515.11957,
  "t_22" : -0.35271454,
  "angular_velocity" : 3.4028235e+38,
  "t_03" : -0.45132354,
  "height" : 768,
  "timestamp" : 60324528195,
  "t_12" : 0.41776034
}