{
  "t_02" : 0.61708295,
  "t_22" : -0.7040317,
  "t_20" : -0.3324688,
  "t_21" : -0.627538,
  "fx" : 733.09375,
  "t_11" : 0.098878674,
  "height" : 768,
  "angular_velocity" : 3.4028235e+38,
  "t_12" : 0.351494,
  "t_10" : -0.93095374,
  "t_01" : -0.77228177,
  "cy" : 384.39166,
  "t_03" : -0.6287309,
  "t_23" : -0.96815336,
  "cx" : 515.2095,
  "fy" : 733.09375,
  "t_13" : -0.08997261,
  "blur_score" : 217.37968,
  "width" : 1024,
  "timestamp" : 60320044619,
  "manual_keyframe" : false,
  "t_00" : 0.15096216
}