{
  "t_01" : -0.08604737,
  "fy" : 730.47156,
  "height" : 768,
  "cy" : 384.39655,
  "t_21" : -0.9913321,
  "t_11" : 0.0992801,
  "width" : 1024,
  "timestamp" : 60326494968,
  "t_22" : -0.019441314,
  "t_03" : -0.40352118,
  "angular_velocity" : 3.4028235e+38,
  "manual_keyframe" : false,
  "t_00" : 0.53030336,
  "t_20" : -0.12993358,
  "t_23" : -0.5441376,
  "blur_score" : 206.26314,
  "t_02" : 0.84343004,
  "t_13" : 0.08708891,
  "t_10" : -0.83779204,
  "t_12" : 0.53688717,
  "fx" : 730.47156,
  "cx" : 515.1618
}