{
  "center_depth" : 0.548989,
  "fy" : 729.6314,
  "angular_velocity" : 3.4028235e+38,
  "t_13" : 0.14289947,
  "blur_score" : 186.1881,
  "timestamp" : 60327228342,
  "t_02" : 0.7363057,
  "cx" : 514.6916,
  "t_23" : -0.48096073,
  "height" : 768,
  "cy" : 384.43704,
  "t_12" : 0.6712781,
  "t_01" : 8.161043e-05,
  "t_21" : -0.9920736,
  "manual_keyframe" : false,
  "t_03" : -0.42726848,
  "t_20" : -0.09246825,
  "fx" : 729.6314,
  "t_11" : 0.1256584,
  "t_10" : -0.7304763,
  "t_22" : 0.08508624,
  "width" : 1024,
  "t_00" : 0.67664903
}