{
  "t_03" : -0.5642065,
  "height" : 768,
  "t_00" : 0.3888698,
  "cy" : 384.38733,
  "t_20" : -0.39961994,
  "center_depth" : 0.43475342,
  "t_11" : 0.10190857,
  "angular_velocity" : 3.4028235e+38,
  "cx" : 514.68726,
  "blur_score" : 283.04147,
  "t_01" : -0.59880424,
  "t_22" : -0.45744485,
  "fy" : 731.9343,
  "fx" : 731.9343,
  "t_23" : -0.845121,
  "timestamp" : 60322911441,
  "t_12" : 0.54820645,
  "manual_keyframe" : false,
  "t_21" : -0.7943856,
  "t_13" : 0.06549754,
  "t_10" : -0.8301111,
  "width" : 1024,
  "t_02" : 0.70015293
}