{
  "t_13" : -0.024284512,
  "height" : 768,
  "t_01" : -0.75370353,
  "t_23" : -0.93642926,
  "t_21" : -0.64934754,
  "angular_velocity" : 3.4028235e+38,
  "cy" : 384.3522,
  "t_11" : 0.10138546,
  "t_22" : -0.63819325,
  "width" : 1024,
  "t_00" : 0.23811665,
  "t_02" : 0.61256164,
  "cx" : 515.3827,
  "t_20" : -0.4135909,
  "blur_score" : 256.69678,
  "fx" : 732.838,
  "timestamp" : 60321411360,
  "t_10" : -0.8787737,
  "manual_keyframe" : false,
  "t_03" : -0.6344256,
  "t_12" : 0.46634525,
  "fy" : 732.838
}