{
  "t_01" : 0.46620876,
  "fy" : 729.29944,
  "angular_velocity" : 3.4028235e+38,
  "fx" : 729.29944,
  "blur_score" : 330.19482,
  "width" : 1024,
  "t_12" : 0.3414848,
  "manual_keyframe" : false,
  "t_11" : 0.13191599,
  "center_depth" : 0.48271516,
  "t_23" : -0.09118335,
  "t_02" : 0.80710363,
  "t_10" : -0.93058383,
  "height" : 768,
  "timestamp" : 60331128554,
  "cy" : 384.4703,
  "t_21" : -0.8747843,
  "t_03" : -0.4364955,
  "t_00" : 0.36226088,
  "t_20" : 0.052733332,
  "cx" : 515.2792,
  "t_13" : -0.15807149,
  "t_22" : 0.4816343
}