{
  "t_13" : -0.032961126,
  "t_22" : 0.79474676,
  "fy" : 730.73206,
  "t_23" : 0.051857457,
  "center_depth" : 0.43053854,
  "t_03" : -0.8528182,
  "t_01" : 0.97778803,
  "blur_score" : 243.98315,
  "t_11" : 0.047080822,
  "t_10" : -0.8051854,
  "manual_keyframe" : false,
  "cx" : 514.8156,
  "t_00" : 0.15815388,
  "t_02" : 0.13754195,
  "angular_velocity" : 3.4028235e+38,
  "cy" : 384.32602,
  "height" : 768,
  "t_20" : 0.5715452,
  "t_21" : -0.20423959,
  "timestamp" : 60335928816,
  "t_12" : 0.5911513,
  "width" : 1024,
  "fx" : 730.73206
}