{
  "fx" : 733.9641,
  "t_13" : 0.011473738,
  "t_10" : -0.87806153,
  "fy" : 733.9641,
  "t_02" : -0.27601776,
  "t_03" : -1.1161466,
  "t_20" : 0.43029627,
  "t_23" : 0.1493949,
  "t_11" : -0.056181453,
  "t_00" : -0.20941125,
  "cy" : 384.38107,
  "t_01" : 0.9380625,
  "center_depth" : 0.41054776,
  "height" : 768,
  "timestamp" : 60338645631,
  "t_22" : 0.8354416,
  "manual_keyframe" : false,
  "t_21" : 0.3418809,
  "cx" : 515.0181,
  "width" : 1024,
  "blur_score" : 142.93864,
  "angular_velocity" : 3.4028235e+38,
  "t_12" : 0.47523832
}