{
  "t_11" : 0.067574166,
  "fx" : 739.72925,
  "t_10" : -0.82609206,
  "t_22" : 0.26140854,
  "t_23" : -0.2381045,
  "timestamp" : 60344412610,
  "t_00" : -0.5034355,
  "t_03" : -1.4699615,
  "fy" : 739.72925,
  "manual_keyframe" : false,
  "cy" : 384.02216,
  "cx" : 514.80334,
  "t_20" : 0.2532282,
  "t_01" : 0.35762084,
  "t_12" : 0.55946887,
  "t_02" : -0.7865495,
  "height" : 768,
  "t_21" : 0.93141884,
  "blur_score" : 197.06892,
  "angular_velocity" : 3.4028235e+38,
  "width" : 1024,
  "t_13" : -0.11122888
}