{
  "t_00" : -0.48592678,
  "fx" : 727.8574,
  "t_20" : 0.34423763,
  "t_02" : -0.56145555,
  "t_22" : 0.5814761,
  "blur_score" : 231.3432,
  "t_10" : -0.8033527,
  "t_12" : 0.5887727,
  "width" : 1024,
  "manual_keyframe" : false,
  "t_01" : 0.66980815,
  "angular_velocity" : 3.4028235e+38,
  "t_11" : -0.089280695,
  "cy" : 383.59433,
  "t_21" : 0.7371473,
  "height" : 768,
  "center_depth" : 0.46055925,
  "fy" : 727.8574,
  "t_13" : 0.063036345,
  "t_23" : -0.0021415502,
  "timestamp" : 60341729131,
  "t_03" : -1.3902563,
  "cx" : 514.658
}