{
  "t_13" : -0.019677715,
  "timestamp" : 60353646445,
  "cy" : 383.2704,
  "t_02" : -0.7502822,
  "t_01" : -0.62798285,
  "t_11" : -0.1642461,
  "t_00" : -0.2066735,
  "t_03" : -1.3363988,
  "t_10" : -0.90717757,
  "fy" : 729.87445,
  "angular_velocity" : 3.4028235e+38,
  "width" : 1024,
  "t_12" : 0.38736525,
  "t_20" : -0.36648974,
  "t_21" : 0.7606975,
  "t_22" : -0.5357467,
  "height" : 768,
  "cx" : 514.87463,
  "fx" : 729.87445,
  "t_23" : -0.6946867,
  "blur_score" : 197.11774,
  "manual_keyframe" : false
}