{
  "timestamp" : 60350496274,
  "t_01" : -0.378842,
  "t_13" : -0.031234868,
  "cy" : 383.6522,
  "width" : 1024,
  "cx" : 515.10516,
  "t_00" : -0.36935973,
  "t_23" : -0.62865984,
  "angular_velocity" : 3.4028235e+38,
  "t_12" : 0.44665858,
  "center_depth" : 0.4739808,
  "t_03" : -1.43239,
  "t_11" : -0.13869384,
  "t_20" : -0.28690296,
  "fy" : 729.9173,
  "fx" : 729.9173,
  "t_02" : -0.84855884,
  "blur_score" : 247.74622,
  "t_22" : -0.28362647,
  "height" : 768,
  "t_21" : 0.91500974,
  "manual_keyframe" : false,
  "t_10" : -0.88388914
}