{
  "t_23" : -1.05401,
  "t_03" : -1.2601211,
  "angular_velocity" : 3.4028235e+38,
  "fy" : 733.4209,
  "fx" : 733.4209,
  "t_12" : 0.06559865,
  "t_01" : -0.7727896,
  "t_20" : 0.04466811,
  "width" : 1024,
  "height" : 768,
  "t_13" : -0.19295633,
  "t_10" : -0.985663,
  "t_11" : 0.15545157,
  "t_00" : -0.16270569,
  "t_21" : 0.6153301,
  "cy" : 384.30344,
  "t_02" : -0.6134519,
  "t_22" : -0.78700304,
  "blur_score" : 235.69623,
  "timestamp" : 60359563435,
  "manual_keyframe" : false,
  "cx" : 515.4801
}