{
  "height" : 768,
  "manual_keyframe" : false,
  "t_20" : -0.15140449,
  "cx" : 515.3757,
  "t_13" : -0.22641848,
  "angular_velocity" : 3.4028235e+38,
  "fx" : 730.4556,
  "width" : 1024,
  "t_02" : -0.7937153,
  "t_21" : 0.8078344,
  "t_00" : -0.15385301,
  "t_11" : -0.032532465,
  "t_10" : -0.9764251,
  "t_01" : -0.58851117,
  "fy" : 730.4556,
  "cy" : 383.83087,
  "t_22" : -0.5696318,
  "blur_score" : 200.61295,
  "timestamp" : 60354829844,
  "t_03" : -1.3756138,
  "t_23" : -0.794569,
  "t_12" : 0.21339093
}