{
  "width" : 1024,
  "t_22" : -0.6629145,
  "t_01" : -0.65160984,
  "height" : 768,
  "cx" : 515.2142,
  "t_10" : -0.95131165,
  "cy" : 383.25308,
  "t_03" : -0.67840874,
  "fx" : 749.78107,
  "t_11" : -0.14417323,
  "t_20" : -0.07697848,
  "t_23" : -0.7622466,
  "angular_velocity" : 3.4028235e+38,
  "timestamp" : 60368930612,
  "manual_keyframe" : false,
  "t_00" : 0.2984634,
  "t_02" : 0.6973696,
  "fy" : 749.78107,
  "t_21" : -0.7447273,
  "blur_score" : 59.866467,
  "t_13" : -0.00049661286,
  "center_depth" : 0.26188758,
  "t_12" : 0.27243373
}