{
  "t_12" : 0.15784903,
  "t_03" : -1.2658277,
  "t_21" : 0.56394,
  "t_23" : -0.9837692,
  "width" : 1024,
  "t_10" : -0.9645772,
  "manual_keyframe" : false,
  "blur_score" : 210.6056,
  "angular_velocity" : 3.4028235e+38,
  "t_01" : -0.798309,
  "t_11" : 0.21136372,
  "fx" : 733.5781,
  "center_depth" : 0.34578255,
  "cy" : 384.73145,
  "t_13" : -0.12412787,
  "t_02" : -0.5415215,
  "fy" : 733.5781,
  "cx" : 515.4242,
  "t_20" : -0.011554304,
  "t_22" : -0.8257351,
  "timestamp" : 60360730165,
  "height" : 768,
  "t_00" : -0.2635478
}