{
  "cy" : 384.59866,
  "t_00" : -0.23218985,
  "timestamp" : 60361730220,
  "height" : 768,
  "t_12" : 0.14254804,
  "angular_velocity" : 3.4028235e+38,
  "fx" : 737.1564,
  "width" : 1024,
  "t_02" : -0.53510123,
  "t_11" : 0.18409409,
  "t_13" : -0.12197523,
  "t_01" : -0.8122528,
  "cx" : 515.329,
  "fy" : 737.1564,
  "t_22" : -0.83267444,
  "center_depth" : 0.23069377,
  "t_10" : -0.972517,
  "t_03" : -1.1249417,
  "manual_keyframe" : false,
  "t_20" : -0.017276067,
  "t_21" : 0.5534934,
  "t_23" : -1.0298449,
  "blur_score" : 137.02267
}