{
  "cx" : 515.58325,
  "t_21" : -0.5049179,
  "blur_score" : 33.872513,
  "t_00" : 0.2348748,
  "fx" : 750.68317,
  "center_depth" : 0.22369821,
  "t_11" : -0.1712605,
  "width" : 1024,
  "t_10" : -0.96987844,
  "t_02" : 0.47865027,
  "t_01" : -0.846007,
  "t_13" : -0.17799017,
  "angular_velocity" : 3.4028235e+38,
  "t_20" : -0.06457252,
  "manual_keyframe" : false,
  "t_23" : -0.84583545,
  "height" : 768,
  "fy" : 750.68317,
  "t_12" : 0.17322126,
  "timestamp" : 60368263909,
  "t_03" : -0.7647835,
  "cy" : 383.56482,
  "t_22" : -0.8607487
}