{
  "t_11" : 0.06304093,
  "cy" : 384.50616,
  "fy" : 735.5841,
  "t_00" : 0.011193391,
  "t_22" : -0.9166844,
  "blur_score" : 77.26852,
  "t_03" : -0.7145654,
  "cx" : 515.4098,
  "t_02" : 0.34351963,
  "t_20" : -0.21338448,
  "width" : 1024,
  "timestamp" : 60366930504,
  "t_12" : 0.20416676,
  "height" : 768,
  "t_01" : -0.9390789,
  "angular_velocity" : 3.4028235e+38,
  "t_10" : -0.97690415,
  "t_23" : -0.89521444,
  "t_13" : -0.22937056,
  "t_21" : -0.33787107,
  "fx" : 735.5841,
  "manual_keyframe" : false
}