{
  "t_12" : 0.13787514,
  "t_03" : -1.1023635,
  "width" : 1024,
  "timestamp" : 60361830226,
  "fy" : 737.9838,
  "angular_velocity" : 3.4028235e+38,
  "t_21" : 0.5291273,
  "t_23" : -1.0520599,
  "t_22" : -0.84825855,
  "t_11" : 0.18062598,
  "t_20" : -0.02195396,
  "blur_score" : 121.58875,
  "cx" : 515.3727,
  "fx" : 737.9838,
  "t_13" : -0.12752673,
  "manual_keyframe" : false,
  "height" : 768,
  "cy" : 384.70554,
  "t_02" : -0.51132005,
  "t_00" : -0.226171,
  "t_01" : -0.8290952,
  "t_10" : -0.97384024
}