{
  "blur_score" : 95.83368,
  "fx" : 737.05634,
  "t_11" : -0.055715155,
  "t_20" : -0.3570994,
  "timestamp" : 60369863996,
  "t_01" : -0.74148387,
  "t_00" : 0.38593894,
  "angular_velocity" : 3.4028235e+38,
  "manual_keyframe" : false,
  "t_22" : -0.6522135,
  "cy" : 383.91702,
  "t_21" : -0.6686536,
  "fy" : 737.05634,
  "t_13" : 0.0896341,
  "t_12" : 0.52284276,
  "t_23" : -0.6775962,
  "cx" : 515.6918,
  "t_10" : -0.85060644,
  "t_03" : -0.7206775,
  "width" : 1024,
  "height" : 768,
  "t_02" : 0.5488652
}