{
  "t_12" : 0.3910849,
  "t_10" : -0.9199322,
  "fx" : 738.3189,
  "t_13" : 0.05923524,
  "t_22" : -0.59923613,
  "width" : 1024,
  "height" : 768,
  "t_11" : -0.027878592,
  "angular_velocity" : 3.4028235e+38,
  "blur_score" : 118.92943,
  "t_23" : -0.7046625,
  "t_03" : -0.67433196,
  "t_02" : 0.6985475,
  "fy" : 738.3189,
  "cy" : 383.75195,
  "t_20" : -0.23152481,
  "t_21" : -0.7663631,
  "manual_keyframe" : false,
  "timestamp" : 60369730655,
  "t_01" : -0.6418025,
  "cx" : 515.6238,
  "t_00" : 0.31641895
}