{
  "t_22" : 0.6999404,
  "width" : 1024,
  "fy" : 725.3146,
  "t_10" : -0.7803626,
  "t_23" : 0.17166802,
  "blur_score" : 252.1012,
  "cx" : 514.7998,
  "t_21" : -0.34647718,
  "manual_keyframe" : false,
  "t_02" : 0.42063996,
  "t_01" : 0.90667814,
  "t_13" : 0.08355187,
  "t_03" : -0.6785716,
  "height" : 768,
  "t_11" : -0.24060053,
  "cy" : 383.33304,
  "timestamp" : 60378197782,
  "fx" : 725.3146,
  "t_20" : 0.6245297,
  "t_00" : 0.03157634,
  "t_12" : 0.5771877,
  "angular_velocity" : 3.4028235e+38
}