{
  "t_13" : 0.15140678,
  "timestamp" : 60374564252,
  "t_00" : 0.63876843,
  "fx" : 737.12305,
  "t_01" : 0.3020249,
  "t_11" : -0.3287286,
  "t_23" : -0.48148918,
  "fy" : 737.12305,
  "t_12" : 0.7062712,
  "t_02" : 0.7076411,
  "t_20" : 0.44593337,
  "t_10" : -0.62699157,
  "t_22" : -0.020614382,
  "width" : 1024,
  "height" : 768,
  "cx" : 513.7443,
  "t_03" : -0.5057963,
  "angular_velocity" : 3.4028235e+38,
  "cy" : 382.48035,
  "blur_score" : 93.826866,
  "manual_keyframe" : false,
  "t_21" : -0.8948288
}