{
  "width" : 1024,
  "t_02" : 0.640267,
  "t_11" : -0.19211045,
  "t_22" : 0.49207082,
  "angular_velocity" : 3.4028235e+38,
  "cy" : 383.3072,
  "fy" : 726.41846,
  "t_01" : 0.7031355,
  "t_03" : -0.4996911,
  "t_10" : -0.7843271,
  "t_20" : 0.53774744,
  "blur_score" : 385.06946,
  "timestamp" : 60377231063,
  "height" : 768,
  "t_21" : -0.68461245,
  "t_13" : 0.07160166,
  "manual_keyframe" : false,
  "fx" : 726.41846,
  "cx" : 514.6484,
  "t_23" : -0.005934611,
  "t_00" : 0.30928767,
  "t_12" : 0.5898513
}