{
  "width" : 1024,
  "t_01" : 0.16592672,
  "t_11" : -0.45216632,
  "angular_velocity" : 3.4028235e+38,
  "manual_keyframe" : false,
  "fx" : 742.4944,
  "t_12" : 0.7599547,
  "t_21" : -0.8763642,
  "center_depth" : 0.30239117,
  "fy" : 742.4944,
  "t_22" : -0.2811491,
  "t_10" : -0.46692014,
  "cy" : 382.87305,
  "t_02" : 0.5860239,
  "t_23" : -0.46425658,
  "t_03" : -0.6297786,
  "t_20" : 0.391077,
  "t_00" : 0.7931232,
  "t_13" : 0.11996949,
  "blur_score" : 74.29627,
  "timestamp" : 60374030889,
  "height" : 768,
  "cx" : 512.6916
}