{
  "t_01" : 0.42104805,
  "t_02" : 0.7770147,
  "t_03" : -0.34181038,
  "cy" : 383.1774,
  "t_22" : 0.25273082,
  "blur_score" : 222.19568,
  "cx" : 514.7958,
  "t_00" : 0.4679389,
  "t_12" : 0.57651997,
  "height" : 768,
  "t_13" : 0.07792431,
  "fx" : 726.7266,
  "t_20" : 0.38069794,
  "t_10" : -0.7975602,
  "t_23" : -0.19042973,
  "angular_velocity" : 3.4028235e+38,
  "manual_keyframe" : false,
  "fy" : 726.7266,
  "t_21" : -0.8894922,
  "width" : 1024,
  "timestamp" : 60376297679,
  "t_11" : -0.17754528
}