{
  "t_11" : -0.28854612,
  "angular_velocity" : 3.4028235e+38,
  "blur_score" : 178.64055,
  "height" : 768,
  "t_03" : -0.3050831,
  "cy" : 382.97635,
  "timestamp" : 60375730982,
  "fx" : 728.19086,
  "cx" : 514.404,
  "t_21" : -0.8797908,
  "manual_keyframe" : false,
  "width" : 1024,
  "t_13" : 0.126354,
  "t_12" : 0.58265984,
  "t_20" : 0.4504935,
  "center_depth" : 0.6086026,
  "fy" : 728.19086,
  "t_00" : 0.46883583,
  "t_22" : 0.15173641,
  "t_23" : -0.28593475,
  "t_02" : 0.79842573,
  "t_10" : -0.7597688,
  "t_01" : 0.377769
}