{
  "t_10" : -0.85530233,
  "t_03" : -0.8952974,
  "t_02" : -0.00036210715,
  "t_11" : -0.06794379,
  "fy" : 731.69763,
  "t_00" : 0.07897276,
  "cx" : 515.08563,
  "cy" : 383.9385,
  "t_01" : -0.9968768,
  "fx" : 731.69763,
  "height" : 768,
  "t_23" : -0.94776976,
  "timestamp" : 60385698187,
  "t_20" : -0.51207525,
  "angular_velocity" : 3.4028235e+38,
  "t_21" : -0.040255126,
  "t_13" : 0.07846818,
  "t_12" : 0.5136549,
  "width" : 1024,
  "manual_keyframe" : false,
  "t_22" : -0.8579968,
  "blur_score" : 273.49417
}