{
  "t_01" : 0.81621283,
  "t_21" : 0.5499354,
  "center_depth" : 0.38946065,
  "width" : 1024,
  "angular_velocity" : 3.4028235e+38,
  "cy" : 383.50308,
  "t_03" : -1.2841889,
  "t_11" : -0.17710969,
  "t_02" : -0.36837238,
  "t_20" : 0.4030578,
  "t_23" : 0.03550856,
  "t_22" : 0.73151606,
  "fy" : 731.6818,
  "cx" : 514.7159,
  "t_12" : 0.57374746,
  "blur_score" : 209.16772,
  "height" : 768,
  "timestamp" : 60380464571,
  "manual_keyframe" : false,
  "t_00" : -0.44508266,
  "fx" : 731.6818,
  "t_13" : 0.014310297,
  "t_10" : -0.79965365
}