{
  "t_23" : -0.4120862,
  "t_01" : -0.1371453,
  "angular_velocity" : 3.4028235e+38,
  "blur_score" : 188.44058,
  "cy" : 383.50052,
  "manual_keyframe" : false,
  "t_02" : -0.83883303,
  "t_00" : -0.52683073,
  "cx" : 514.8339,
  "t_13" : 0.0530121,
  "t_22" : 0.00065125985,
  "height" : 768,
  "t_03" : -1.4600146,
  "t_20" : -0.25289616,
  "timestamp" : 60382231333,
  "fy" : 730.47955,
  "width" : 1024,
  "t_10" : -0.8114759,
  "t_11" : -0.2124807,
  "fx" : 730.47955,
  "t_12" : 0.5443886,
  "t_21" : 0.9674934
}