{
  "width" : 1024,
  "fx" : 731.9025,
  "t_13" : 0.054451626,
  "t_01" : -0.70476365,
  "blur_score" : 233.75835,
  "t_23" : -0.8436358,
  "manual_keyframe" : false,
  "angular_velocity" : 3.4028235e+38,
  "t_22" : -0.5994049,
  "t_00" : -0.256215,
  "t_02" : -0.6615604,
  "height" : 768,
  "t_10" : -0.8870437,
  "t_12" : 0.45061255,
  "t_21" : 0.7022867,
  "cy" : 383.54285,
  "t_03" : -1.2076192,
  "t_11" : -0.10050676,
  "fy" : 731.9025,
  "timestamp" : 60384464787,
  "cx" : 514.9862,
  "t_20" : -0.38406664
}