{
  "fx" : 717.19086,
  "t_10" : -0.8449148,
  "t_11" : -0.08493206,
  "t_20" : -0.5316529,
  "t_23" : -0.51919353,
  "fy" : 717.19086,
  "cy" : 383.6749,
  "timestamp" : 60391065141,
  "t_12" : 0.5281151,
  "t_22" : -0.8116593,
  "blur_score" : 378.03555,
  "t_02" : -0.24960735,
  "t_03" : -0.93326974,
  "center_depth" : 2.7186384,
  "cx" : 514.84546,
  "height" : 768,
  "t_21" : 0.24198055,
  "manual_keyframe" : false,
  "width" : 1024,
  "t_00" : -0.058857672,
  "angular_velocity" : 3.4028235e+38,
  "t_01" : -0.96655685,
  "t_13" : 0.24870248
}