{
  "t_20" : -0.04604608,
  "blur_score" : 2012.7737,
  "t_22" : -0.045505233,
  "t_01" : -0.05641101,
  "t_03" : 0.03630058,
  "t_13" : -0.44077975,
  "fx" : 722.4066,
  "cy" : 383.99307,
  "t_00" : -0.27362686,
  "t_12" : 0.27565035,
  "height" : 768,
  "fy" : 722.4066,
  "t_10" : -0.9607331,
  "t_02" : -0.9601801,
  "t_23" : -0.103479326,
  "cx" : 515.1543,
  "angular_velocity" : 3.4028235e+38,
  "t_21" : 0.99790215,
  "timestamp" : 61518080628,
  "width" : 1024,
  "manual_keyframe" : false,
  "t_11" : -0.031761084
}