{
  "center_depth" : 0.8098981,
  "width" : 1024,
  "manual_keyframe" : false,
  "t_13" : -0.62482226,
  "t_12" : 0.2068147,
  "cy" : 383.9374,
  "fx" : 722.9689,
  "t_11" : -0.037424456,
  "t_02" : -0.97703844,
  "blur_score" : 1560.5104,
  "angular_velocity" : 3.4028235e+38,
  "timestamp" : 61518613994,
  "t_00" : -0.20838243,
  "t_03" : 0.013739848,
  "t_21" : 0.99831194,
  "t_20" : -0.027380235,
  "fy" : 722.9689,
  "t_01" : 0.044411242,
  "t_23" : -0.0981332,
  "cx" : 515.551,
  "height" : 768,
  "t_22" : 0.051217873,
  "t_10" : -0.9776641
}