{
  "t_21" : 0.66840714,
  "angular_velocity" : 3.4028235e+38,
  "width" : 1024,
  "t_02" : -0.5478651,
  "t_22" : -0.683482,
  "fy" : 723.8106,
  "t_00" : -0.39891797,
  "fx" : 723.8106,
  "cy" : 384.59592,
  "t_13" : 0.09427238,
  "cx" : 515.35736,
  "height" : 768,
  "timestamp" : 61523780974,
  "t_23" : -0.5821737,
  "t_01" : -0.73532844,
  "manual_keyframe" : false,
  "t_03" : 0.56171215,
  "blur_score" : 2026.4788,
  "center_depth" : 0.6848011,
  "t_10" : -0.868781,
  "t_11" : 0.111909226,
  "t_12" : 0.48238564,
  "t_20" : -0.29340076
}