{
  "t_22" : -0.30346528,
  "t_20" : 0.004027451,
  "t_23" : -0.26811913,
  "center_depth" : 0.8066826,
  "width" : 1024,
  "t_01" : -0.2997914,
  "t_13" : -0.22513127,
  "t_12" : 0.13522168,
  "t_02" : -0.9431987,
  "t_03" : 0.21272394,
  "t_10" : -0.98968804,
  "cx" : 515.53467,
  "t_11" : 0.04724958,
  "timestamp" : 61521180816,
  "manual_keyframe" : false,
  "angular_velocity" : 3.4028235e+38,
  "fy" : 722.4097,
  "cy" : 384.44638,
  "blur_score" : 2144.3064,
  "t_00" : -0.1431824,
  "height" : 768,
  "t_21" : 0.9528339,
  "fx" : 722.4097
}