{
  "cy" : 383.99808,
  "t_11" : -0.03511093,
  "t_22" : -0.93247885,
  "height" : 768,
  "manual_keyframe" : false,
  "width" : 1024,
  "fy" : 729.031,
  "fx" : 729.031,
  "t_13" : -0.30768433,
  "blur_score" : 1315.965,
  "t_00" : -0.02660941,
  "t_03" : 0.90527093,
  "cx" : 515.54126,
  "t_02" : -0.19760554,
  "t_01" : -0.97992027,
  "t_12" : 0.30238238,
  "t_20" : -0.30324876,
  "angular_velocity" : 3.4028235e+38,
  "t_10" : -0.9525398,
  "t_21" : 0.19627339,
  "t_23" : -0.7231192,
  "timestamp" : 61527114507
}