{
  "cx" : 515.4463,
  "timestamp" : 61528081231,
  "manual_keyframe" : false,
  "cy" : 384.13828,
  "angular_velocity" : 3.4028235e+38,
  "t_13" : -0.55656904,
  "fy" : 728.7754,
  "t_20" : -0.28600988,
  "fx" : 728.7754,
  "t_21" : 0.1748594,
  "t_23" : -0.79712754,
  "t_02" : -0.17679396,
  "t_03" : 0.9652105,
  "t_01" : -0.98405933,
  "t_10" : -0.9580331,
  "width" : 1024,
  "t_11" : -0.032421436,
  "height" : 768,
  "t_12" : 0.2848181,
  "t_22" : -0.94213706,
  "blur_score" : 830.85895,
  "t_00" : -0.019257693
}