{
  "cx" : 515.49426,
  "fx" : 723.28485,
  "t_13" : -0.02330477,
  "t_12" : 0.24645752,
  "t_21" : 0.7775508,
  "blur_score" : 1975.1671,
  "width" : 1024,
  "t_02" : -0.7478434,
  "fy" : 723.28485,
  "t_03" : 0.3837865,
  "t_01" : -0.62750006,
  "angular_velocity" : 3.4028235e+38,
  "center_depth" : 0.80604154,
  "manual_keyframe" : false,
  "timestamp" : 61522647572,
  "cy" : 384.41504,
  "t_20" : -0.12420015,
  "t_10" : -0.9682978,
  "t_22" : -0.61643225,
  "height" : 768,
  "t_00" : -0.2167342,
  "t_11" : 0.040719718,
  "t_23" : -0.46117252
}