{
  "t_23" : -0.7692985,
  "blur_score" : 1214.3235,
  "width" : 1024,
  "timestamp" : 61527414525,
  "t_22" : -0.9483271,
  "t_03" : 0.9416516,
  "t_00" : -0.042969223,
  "angular_velocity" : 3.4028235e+38,
  "t_13" : -0.34482104,
  "cx" : 515.53345,
  "t_21" : 0.16270392,
  "t_12" : 0.27576262,
  "t_10" : -0.96122366,
  "cy" : 384.0208,
  "manual_keyframe" : false,
  "height" : 768,
  "t_02" : -0.15694018,
  "fy" : 729.3313,
  "t_20" : -0.27240166,
  "t_01" : -0.98667276,
  "t_11" : -0.0020018765,
  "fx" : 729.3313
}