{
  "t_11" : -0.011365748,
  "t_20" : -0.28515175,
  "t_10" : -0.95787275,
  "t_12" : 0.28696787,
  "t_02" : -0.15320325,
  "cx" : 515.3826,
  "timestamp" : 61527647872,
  "fx" : 729.3153,
  "t_01" : -0.9876033,
  "t_13" : -0.41453117,
  "t_22" : -0.94560987,
  "t_23" : -0.7777948,
  "t_00" : -0.03417945,
  "t_21" : 0.1565576,
  "manual_keyframe" : false,
  "t_03" : 0.95055467,
  "height" : 768,
  "blur_score" : 1023.0864,
  "width" : 1024,
  "cy" : 384.19385,
  "fy" : 729.3153,
  "angular_velocity" : 3.4028235e+38
}