{
  "width" : 1024,
  "cx" : 515.4134,
  "t_00" : 0.28460798,
  "t_22" : -0.4780952,
  "cy" : 384.16632,
  "fy" : 728.3751,
  "timestamp" : 61538348491,
  "t_21" : -0.81238174,
  "t_03" : 1.5898794,
  "t_23" : -0.23857345,
  "t_10" : -0.89863086,
  "height" : 768,
  "t_13" : 0.24268068,
  "blur_score" : 1037.169,
  "angular_velocity" : 3.4028235e+38,
  "manual_keyframe" : false,
  "t_01" : -0.5703996,
  "t_20" : -0.33385745,
  "t_02" : 0.77048194,
  "fx" : 728.3751,
  "t_12" : 0.4216425,
  "t_11" : 0.12116144
}