{
  "t_00" : -0.00015669732,
  "fy" : 725.63226,
  "angular_velocity" : 3.4028235e+38,
  "manual_keyframe" : false,
  "t_20" : -0.08040647,
  "width" : 1024,
  "cy" : 384.2303,
  "center_depth" : 0.48035026,
  "blur_score" : 498.7831,
  "t_11" : 0.008445636,
  "t_13" : -0.3828984,
  "t_03" : 1.3613428,
  "cx" : 515.7671,
  "t_12" : 0.07996185,
  "t_01" : -0.99467045,
  "t_10" : -0.99676216,
  "fx" : 725.63226,
  "t_21" : -0.10275822,
  "t_22" : -0.9914511,
  "t_23" : -0.68343556,
  "t_02" : 0.10310459,
  "height" : 768,
  "timestamp" : 61532148133
}