{
  "t_00" : 0.15573473,
  "t_01" : -0.8607376,
  "angular_velocity" : 3.4028235e+38,
  "fx" : 726.9711,
  "t_11" : 0.0055557135,
  "t_13" : 0.13284688,
  "t_21" : -0.5090182,
  "cy" : 383.9761,
  "width" : 1024,
  "fy" : 726.9711,
  "timestamp" : 61535514995,
  "t_12" : 0.31485838,
  "t_22" : -0.8160802,
  "t_10" : -0.94912237,
  "height" : 768,
  "blur_score" : 967.6709,
  "t_23" : -0.45289093,
  "t_03" : 1.4939605,
  "cx" : 515.5232,
  "t_20" : -0.273703,
  "t_02" : 0.48464116,
  "manual_keyframe" : false
}