{
  "t_11" : 0.02350751,
  "t_23" : -0.6088458,
  "t_01" : -0.91948414,
  "cx" : 515.6714,
  "angular_velocity" : 3.4028235e+38,
  "blur_score" : 970.18634,
  "cy" : 384.30356,
  "t_21" : -0.39242318,
  "width" : 1024,
  "manual_keyframe" : false,
  "t_12" : 0.053442325,
  "fy" : 727.50323,
  "t_03" : 1.4835675,
  "t_10" : -0.9982941,
  "fx" : 727.50323,
  "t_22" : -0.91792995,
  "t_00" : -0.0006062398,
  "timestamp" : 61533481543,
  "t_13" : -0.1039942,
  "t_02" : 0.39312613,
  "t_20" : -0.058380798,
  "height" : 768
}