{
  "t_03" : 1.6325864,
  "t_02" : 0.82055205,
  "cy" : 384.2435,
  "t_23" : -0.21051227,
  "blur_score" : 1051.8899,
  "t_13" : 0.2695568,
  "t_10" : -0.89710313,
  "fx" : 727.1379,
  "t_00" : 0.30347025,
  "t_22" : -0.3905206,
  "cx" : 515.3966,
  "center_depth" : 0.620056,
  "t_20" : -0.32111034,
  "t_12" : 0.4173583,
  "width" : 1024,
  "height" : 768,
  "t_01" : -0.48435533,
  "fy" : 727.1379,
  "t_21" : -0.8627756,
  "angular_velocity" : 3.4028235e+38,
  "timestamp" : 61538548502,
  "manual_keyframe" : false,
  "t_11" : 0.14497633
}