{
  "height" : 768,
  "t_23" : -0.27031642,
  "fx" : 728.41327,
  "t_10" : -0.92266303,
  "t_22" : -0.5724819,
  "t_01" : -0.63343567,
  "angular_velocity" : 3.4028235e+38,
  "t_00" : 0.2706151,
  "width" : 1024,
  "blur_score" : 1017.7108,
  "timestamp" : 61538048474,
  "t_20" : -0.27470055,
  "t_13" : 0.20890976,
  "t_12" : 0.38306367,
  "cx" : 515.3578,
  "t_02" : 0.7249321,
  "t_11" : 0.044217054,
  "cy" : 384.20096,
  "t_03" : 1.5430946,
  "t_21" : -0.7725309,
  "manual_keyframe" : false,
  "fy" : 728.41327
}