{
  "t_11" : -0.065480776,
  "t_20" : 0.14841047,
  "t_21" : -0.9062372,
  "timestamp" : 61546448957,
  "t_12" : 0.21537733,
  "t_23" : 0.4415356,
  "t_22" : 0.3958638,
  "t_13" : -0.70261794,
  "t_10" : -0.97433305,
  "height" : 768,
  "cy" : 384.0145,
  "fy" : 725.30194,
  "t_01" : 0.41766745,
  "t_03" : 1.6903726,
  "t_00" : 0.16926152,
  "cx" : 515.60706,
  "center_depth" : 0.56696206,
  "angular_velocity" : 3.4028235e+38,
  "manual_keyframe" : false,
  "fx" : 725.30194,
  "blur_score" : 868.2692,
  "width" : 1024,
  "t_02" : 0.8926949
}