{
  "height" : 768,
  "t_13" : -0.36758783,
  "t_02" : 0.83185285,
  "t_20" : 0.100026146,
  "t_10" : -0.93003047,
  "t_11" : 0.06568271,
  "fy" : 727.2999,
  "blur_score" : 650.81683,
  "t_22" : 0.42105973,
  "angular_velocity" : 3.4028235e+38,
  "width" : 1024,
  "t_12" : 0.36156476,
  "t_21" : -0.90150046,
  "t_03" : 1.7831471,
  "timestamp" : 61543648797,
  "manual_keyframe" : false,
  "cx" : 515.37396,
  "t_00" : 0.3536072,
  "cy" : 384.12766,
  "t_23" : 0.2127015,
  "t_01" : 0.4277643,
  "fx" : 727.2999
}