{
  "fy" : 725.85144,
  "height" : 768,
  "t_21" : 0.07026366,
  "t_10" : -0.87295085,
  "t_23" : 0.63225895,
  "t_02" : -0.062283512,
  "t_12" : 0.48780423,
  "cy" : 384.19785,
  "blur_score" : 1589.1692,
  "timestamp" : 61554382737,
  "manual_keyframe" : false,
  "t_11" : 0.0019452375,
  "cx" : 515.2212,
  "t_01" : 0.99752647,
  "t_22" : 0.8707282,
  "center_depth" : 0.7015582,
  "fx" : 725.85144,
  "angular_velocity" : 3.4028235e+38,
  "width" : 1024,
  "t_00" : -0.032581136,
  "t_20" : 0.48671877,
  "t_13" : 0.054685667,
  "t_03" : 1.005696
}