{
  "cy" : 384.48615,
  "height" : 768,
  "t_11" : 0.08535504,
  "t_13" : 0.088330396,
  "t_10" : -0.9199294,
  "fx" : 728.71497,
  "manual_keyframe" : false,
  "angular_velocity" : 3.4028235e+38,
  "t_23" : 0.5672907,
  "blur_score" : 1395.5853,
  "width" : 1024,
  "cx" : 515.43524,
  "t_12" : 0.38268042,
  "t_01" : 0.9654306,
  "t_02" : 0.1964646,
  "fy" : 728.71497,
  "t_03" : 1.1922665,
  "t_00" : 0.17130397,
  "t_20" : 0.35268223,
  "center_depth" : 0.5532634,
  "t_22" : 0.9027497,
  "timestamp" : 61551815927,
  "t_21" : -0.24628825
}