{
  "t_20" : 0.16120066,
  "manual_keyframe" : false,
  "t_23" : 0.7554331,
  "t_10" : -0.98104167,
  "width" : 1024,
  "t_13" : -0.6057009,
  "t_01" : 0.959568,
  "height" : 768,
  "fx" : 726.99817,
  "t_00" : -0.107571155,
  "cx" : 515.8537,
  "fy" : 726.99817,
  "t_22" : 0.94783366,
  "blur_score" : 1006.9263,
  "angular_velocity" : 3.4028235e+38,
  "timestamp" : 61556582861,
  "t_11" : -0.060029633,
  "t_03" : 0.9156203,
  "t_12" : 0.18426517,
  "t_21" : 0.2750006,
  "cy" : 383.8673,
  "t_02" : -0.26011023
}