{
  "t_23" : 0.68692416,
  "t_21" : -0.13666926,
  "fy" : 723.5739,
  "t_13" : 0.25390562,
  "t_22" : 0.9228146,
  "cy" : 384.5866,
  "angular_velocity" : 3.4028235e+38,
  "t_03" : 1.101972,
  "blur_score" : 1459.1693,
  "center_depth" : 0.7308807,
  "width" : 1024,
  "height" : 768,
  "t_10" : -0.91008425,
  "t_02" : 0.06463767,
  "timestamp" : 61552815983,
  "t_01" : 0.9766318,
  "manual_keyframe" : false,
  "t_11" : 0.16586629,
  "t_00" : 0.2049685,
  "t_12" : 0.379783,
  "t_20" : 0.360187,
  "fx" : 723.5739,
  "cx" : 515.2147
}