{
  "angular_velocity" : 3.4028235e+38,
  "blur_score" : 1641.5621,
  "height" : 768,
  "t_21" : 0.16752678,
  "center_depth" : 0.692748,
  "t_10" : -0.9141552,
  "t_23" : 0.63903445,
  "width" : 1024,
  "manual_keyframe" : false,
  "t_11" : -0.048303533,
  "fy" : 725.5942,
  "cx" : 515.26715,
  "t_02" : -0.13431564,
  "timestamp" : 61554716089,
  "fx" : 725.5942,
  "cy" : 384.1376,
  "t_13" : 0.025550203,
  "t_00" : -0.11116549,
  "t_03" : 0.9530699,
  "t_22" : 0.9055231,
  "t_20" : 0.3898235,
  "t_01" : 0.98468333,
  "t_12" : 0.40247598
}