{
  "t_21" : 0.2443949,
  "width" : 1024,
  "cx" : 515.29956,
  "t_01" : 0.9680979,
  "t_23" : 0.680777,
  "t_20" : 0.35429555,
  "height" : 768,
  "fy" : 725.55286,
  "t_22" : 0.9026326,
  "t_11" : -0.055292547,
  "angular_velocity" : 3.4028235e+38,
  "cy" : 384.17874,
  "t_10" : -0.92425394,
  "blur_score" : 1607.8271,
  "timestamp" : 61555282788,
  "manual_keyframe" : false,
  "t_00" : -0.14222978,
  "t_12" : 0.37775308,
  "fx" : 725.55286,
  "t_13" : -0.06895063,
  "t_03" : 0.9255713,
  "t_02" : -0.20629305
}