{
  "t_20" : 0.19532208,
  "t_13" : -0.6673767,
  "manual_keyframe" : false,
  "timestamp" : 61559249676,
  "fy" : 728.607,
  "cy" : 384.08585,
  "fx" : 728.607,
  "t_00" : -0.16507499,
  "cx" : 515.89703,
  "angular_velocity" : 3.4028235e+38,
  "t_12" : 0.2522041,
  "height" : 768,
  "t_21" : 0.51430297,
  "t_22" : 0.8350697,
  "t_23" : 0.5935164,
  "t_03" : 0.67656356,
  "t_10" : -0.96674687,
  "center_depth" : 0.5087631,
  "t_02" : -0.4889288,
  "blur_score" : 999.2385,
  "width" : 1024,
  "t_11" : -0.042350527,
  "t_01" : 0.8565621
}