{
  "fy" : 729.40106,
  "t_21" : -0.26136002,
  "t_10" : -0.9240411,
  "t_00" : 0.173359,
  "t_22" : 0.90310353,
  "angular_velocity" : 3.4028235e+38,
  "cy" : 384.53964,
  "cx" : 515.4418,
  "t_12" : 0.3729441,
  "t_11" : 0.084028386,
  "t_01" : 0.96157676,
  "t_03" : 1.2060922,
  "t_23" : 0.5510568,
  "center_depth" : 0.5225543,
  "width" : 1024,
  "t_13" : 0.06273305,
  "t_02" : 0.21287665,
  "height" : 768,
  "timestamp" : 61551682586,
  "fx" : 729.40106,
  "manual_keyframe" : false,
  "blur_score" : 1315.2762,
  "t_20" : 0.34072667
}