{
  "t_12" : 0.4962459,
  "t_10" : -0.86809397,
  "cx" : 515.1017,
  "t_03" : 1.026151,
  "t_20" : 0.4963763,
  "width" : 1024,
  "t_22" : 0.86754173,
  "fy" : 725.8626,
  "t_21" : 0.0313295,
  "t_01" : 0.9994325,
  "angular_velocity" : 3.4028235e+38,
  "center_depth" : 0.66069037,
  "t_02" : -0.033332184,
  "blur_score" : 1562.3883,
  "t_23" : 0.62225693,
  "fx" : 725.8626,
  "height" : 768,
  "timestamp" : 61554216061,
  "manual_keyframe" : false,
  "t_11" : 0.0123600345,
  "t_13" : 0.07298907,
  "cy" : 384.25632,
  "t_00" : -0.0048242905
}