{
  "height" : 768,
  "t_02" : -0.40552622,
  "t_21" : 0.41743994,
  "t_00" : -0.10144331,
  "t_12" : 0.19585282,
  "t_22" : 0.89285487,
  "t_03" : 0.6497102,
  "t_11" : -0.02204894,
  "t_23" : 0.5282978,
  "blur_score" : 1340.1462,
  "fy" : 729.5917,
  "t_20" : 0.16897851,
  "angular_velocity" : 3.4028235e+38,
  "t_01" : 0.9084369,
  "fx" : 729.5917,
  "t_10" : -0.98038536,
  "cy" : 384.05075,
  "t_13" : -0.51247066,
  "width" : 1024,
  "cx" : 515.4044,
  "timestamp" : 61559783039,
  "manual_keyframe" : false
}