{
  "t_01" : 0.00089172646,
  "t_13" : 0.26891878,
  "timestamp" : 61565616696,
  "manual_keyframe" : false,
  "t_11" : -0.03407099,
  "center_depth" : 0.5762873,
  "cx" : 515.32446,
  "angular_velocity" : 3.4028235e+38,
  "width" : 1024,
  "t_02" : -0.8770755,
  "t_23" : 0.106590755,
  "t_12" : 0.48004612,
  "cy" : 384.10452,
  "fy" : 721.676,
  "blur_score" : 979.8853,
  "height" : 768,
  "t_20" : -0.029454762,
  "t_21" : 0.99941885,
  "t_10" : -0.8765814,
  "t_03" : 0.431586,
  "t_22" : 0.017147718,
  "t_00" : -0.48035142,
  "fx" : 721.676
}