{
  "blur_score" : 1299.4998,
  "timestamp" : 61561549804,
  "t_01" : 0.6800808,
  "manual_keyframe" : false,
  "t_20" : 0.115366675,
  "t_03" : 0.6671623,
  "cx" : 515.48395,
  "t_21" : 0.73131955,
  "t_13" : -0.16939862,
  "fy" : 730.70026,
  "t_00" : -0.19790226,
  "t_23" : 0.39115313,
  "t_02" : -0.7059212,
  "t_22" : 0.67220676,
  "t_10" : -0.97340906,
  "fx" : 730.70026,
  "cy" : 383.9838,
  "t_11" : -0.0515915,
  "t_12" : 0.22318849,
  "angular_velocity" : 3.4028235e+38,
  "center_depth" : 0.39751083,
  "width" : 1024,
  "height" : 768
}