{
  "t_13" : -0.37577724,
  "t_01" : 0.8533564,
  "fy" : 732.77606,
  "t_02" : -0.51479244,
  "t_21" : 0.52118313,
  "t_22" : 0.83870834,
  "t_11" : 0.012276807,
  "blur_score" : 1114.8069,
  "t_23" : 0.39852804,
  "center_depth" : 0.38767242,
  "t_20" : 0.1579123,
  "t_12" : 0.1776424,
  "angular_velocity" : 3.4028235e+38,
  "timestamp" : 61560516413,
  "manual_keyframe" : false,
  "fx" : 732.77606,
  "cx" : 515.5764,
  "t_10" : -0.9840185,
  "width" : 1024,
  "height" : 768,
  "t_03" : 0.63459164,
  "t_00" : -0.08228755,
  "cy" : 384.24377
}