{
  "t_11" : -0.16944528,
  "t_10" : -0.9334021,
  "timestamp" : 61569950271,
  "t_21" : 0.98532075,
  "t_23" : 0.011701479,
  "center_depth" : 0.81735945,
  "fx" : 721.02325,
  "t_13" : 0.13770136,
  "t_01" : -0.020767044,
  "t_20" : -0.16720846,
  "height" : 768,
  "t_12" : 0.3163048,
  "t_03" : 0.20800221,
  "width" : 1024,
  "fy" : 721.02325,
  "manual_keyframe" : false,
  "t_22" : 0.03441367,
  "cy" : 383.7609,
  "angular_velocity" : 3.4028235e+38,
  "t_02" : -0.9480331,
  "cx" : 515.282,
  "t_00" : -0.31749293,
  "blur_score" : 1813.586
}