{
  "fy" : 733.12067,
  "t_02" : -0.57838297,
  "width" : 1024,
  "timestamp" : 61560916436,
  "manual_keyframe" : false,
  "height" : 768,
  "fx" : 733.12067,
  "angular_velocity" : 3.4028235e+38,
  "t_21" : 0.59398746,
  "t_01" : 0.8043113,
  "center_depth" : 0.4046736,
  "t_00" : -0.13622099,
  "t_03" : 0.6433489,
  "t_11" : -0.016185483,
  "cx" : 515.5796,
  "cy" : 384.29514,
  "t_23" : 0.4203354,
  "t_20" : 0.15780504,
  "t_12" : 0.20783797,
  "blur_score" : 1167.1912,
  "t_22" : 0.7888448,
  "t_10" : -0.9780293,
  "t_13" : -0.30414084
}