{
  "blur_score" : 1144.0531,
  "t_12" : 0.17573719,
  "width" : 1024,
  "timestamp" : 61562016497,
  "t_13" : -0.09744999,
  "t_20" : 0.057556115,
  "manual_keyframe" : false,
  "t_00" : -0.19329813,
  "height" : 768,
  "t_01" : 0.70926476,
  "t_10" : -0.97945035,
  "t_21" : 0.6979612,
  "fx" : 731.3292,
  "t_11" : -0.09896125,
  "t_23" : 0.36931178,
  "cy" : 384.03928,
  "t_02" : -0.67792255,
  "cx" : 515.4892,
  "t_22" : 0.71381867,
  "t_03" : 0.6699469,
  "fy" : 731.3292,
  "angular_velocity" : 3.4028235e+38
}