{
  "t_13" : 0.031116886,
  "t_12" : 0.12427,
  "cy" : 383.52814,
  "t_20" : -0.02874195,
  "t_01" : 0.43490905,
  "fy" : 728.32104,
  "t_10" : -0.9878532,
  "t_23" : 0.3594512,
  "t_02" : -0.887431,
  "center_depth" : 0.48705742,
  "height" : 768,
  "fx" : 728.32104,
  "t_21" : 0.89562875,
  "t_03" : 0.59495926,
  "t_22" : 0.44387245,
  "angular_velocity" : 3.4028235e+38,
  "cx" : 515.66,
  "blur_score" : 882.32245,
  "width" : 1024,
  "t_11" : -0.09328962,
  "timestamp" : 61563116558,
  "manual_keyframe" : false,
  "t_00" : -0.1527085
}