{
  "t_21" : 0.96823925,
  "manual_keyframe" : false,
  "t_23" : 0.029097855,
  "cx" : 515.7412,
  "t_03" : 0.20173883,
  "cy" : 383.14273,
  "t_00" : -0.084698215,
  "t_11" : -0.20789452,
  "t_12" : 0.11267313,
  "t_02" : -0.986678,
  "t_01" : -0.13889703,
  "angular_velocity" : 3.4028235e+38,
  "t_22" : -0.117349625,
  "t_10" : -0.9716401,
  "timestamp" : 61569250232,
  "height" : 768,
  "width" : 1024,
  "t_20" : -0.22077493,
  "center_depth" : 0.7376735,
  "fx" : 720.6468,
  "t_13" : 0.032139257,
  "fy" : 720.6468,
  "blur_score" : 1342.4846
}