{
  "t_01" : -0.76280594,
  "t_03" : 0.47597504,
  "center_depth" : 0.64589316,
  "fx" : 723.836,
  "cx" : 515.3005,
  "blur_score" : 1674.8599,
  "height" : 768,
  "t_00" : -0.028160987,
  "t_11" : -0.015672397,
  "t_10" : -0.9979526,
  "angular_velocity" : 3.4028235e+38,
  "t_13" : -0.24296911,
  "fy" : 723.836,
  "t_02" : -0.6460139,
  "cy" : 383.89948,
  "t_20" : -0.05742501,
  "t_21" : 0.64643735,
  "width" : 1024,
  "t_12" : 0.062008467,
  "manual_keyframe" : false,
  "t_23" : -0.45922226,
  "t_22" : -0.76080275,
  "timestamp" : 61575050557
}