{
  "cy" : 384.01544,
  "width" : 1024,
  "t_02" : -0.6305597,
  "fy" : 727.16174,
  "t_21" : 0.62688833,
  "t_01" : -0.7760892,
  "timestamp" : 61574217177,
  "t_20" : -0.11959411,
  "height" : 768,
  "t_13" : -0.61749554,
  "blur_score" : 1328.5269,
  "t_00" : -0.008938145,
  "t_22" : -0.7698753,
  "t_12" : 0.09841893,
  "center_depth" : 0.5414173,
  "t_10" : -0.9927826,
  "fx" : 727.16174,
  "t_11" : -0.06852998,
  "t_03" : 0.45105213,
  "manual_keyframe" : false,
  "cx" : 515.94904,
  "t_23" : -0.5346377,
  "angular_velocity" : 3.4028235e+38
}