{
  "t_00" : -0.023143351,
  "fx" : 723.69464,
  "t_10" : -0.92761606,
  "fy" : 723.69464,
  "t_21" : 0.058004066,
  "t_23" : -0.64705473,
  "angular_velocity" : 3.4028235e+38,
  "t_03" : 1.0232769,
  "cy" : 384.54297,
  "t_22" : -0.9260898,
  "manual_keyframe" : false,
  "t_12" : 0.3735316,
  "t_11" : 0.0015948765,
  "t_01" : -0.9983149,
  "t_13" : 0.14277452,
  "t_20" : -0.37281734,
  "cx" : 515.3807,
  "t_02" : -0.053210903,
  "blur_score" : 1568.7898,
  "height" : 768,
  "timestamp" : 61578750761,
  "width" : 1024
}