{
  "t_22" : -0.9786249,
  "t_10" : -0.9750233,
  "t_20" : -0.20490243,
  "manual_keyframe" : false,
  "cy" : 384.01874,
  "t_01" : -0.9963209,
  "fy" : 726.15314,
  "t_03" : 1.1030515,
  "t_00" : 0.08569953,
  "fx" : 726.15314,
  "blur_score" : 1517.461,
  "width" : 1024,
  "t_02" : -7.676364e-05,
  "t_13" : -0.014391484,
  "t_21" : -0.01754948,
  "t_23" : -0.699033,
  "angular_velocity" : 3.4028235e+38,
  "height" : 768,
  "timestamp" : 61579450799,
  "cx" : 515.35913,
  "t_11" : -0.083883435,
  "t_12" : 0.2056526
}