{
  "width" : 1024,
  "t_01" : -0.9930054,
  "center_depth" : 0.58949316,
  "manual_keyframe" : false,
  "blur_score" : 1449.6355,
  "t_20" : -0.20647329,
  "height" : 768,
  "timestamp" : 61579717480,
  "t_02" : 0.09767358,
  "angular_velocity" : 3.4028235e+38,
  "t_22" : -0.9723135,
  "t_12" : 0.21228781,
  "cx" : 515.4481,
  "cy" : 383.78387,
  "t_11" : -0.044328064,
  "t_03" : 1.1675181,
  "fy" : 726.4295,
  "fx" : 726.4295,
  "t_13" : -0.07704154,
  "t_00" : 0.06633153,
  "t_10" : -0.97620124,
  "t_21" : -0.10943044,
  "t_23" : -0.73735815
}