{
  "fy" : 727.5921,
  "cx" : 516.0599,
  "angular_velocity" : 3.4028235e+38,
  "cy" : 384.01483,
  "fx" : 727.5921,
  "t_22" : -0.77823913,
  "blur_score" : 1407.8906,
  "t_12" : 0.09157953,
  "t_10" : -0.9946076,
  "t_03" : 0.44191244,
  "t_01" : -0.7833817,
  "height" : 768,
  "timestamp" : 61574317183,
  "manual_keyframe" : false,
  "t_00" : -0.018868836,
  "t_11" : -0.04866986,
  "t_23" : -0.5207516,
  "t_13" : -0.54716414,
  "t_02" : -0.6212542,
  "t_20" : -0.101978086,
  "width" : 1024,
  "t_21" : 0.6196322
}