{
  "t_22" : -0.64118326,
  "manual_keyframe" : false,
  "t_21" : 0.7626293,
  "t_10" : -0.99278104,
  "timestamp" : 61572550417,
  "t_02" : -0.7673219,
  "cy" : 383.7773,
  "t_03" : 0.19635895,
  "width" : 1024,
  "t_01" : -0.63569766,
  "t_12" : -0.010042646,
  "angular_velocity" : 3.4028235e+38,
  "blur_score" : 957.4443,
  "cx" : 515.6705,
  "t_11" : -0.11951932,
  "t_13" : -0.76415056,
  "fx" : 717.6928,
  "t_20" : -0.08532572,
  "center_depth" : 2.263132,
  "t_23" : -0.16767207,
  "fy" : 717.6928,
  "height" : 768,
  "t_00" : 0.084292606
}