{
  "t_00" : 0.12280227,
  "cy" : 383.95496,
  "t_13" : -0.11789853,
  "width" : 1024,
  "t_23" : -0.7873002,
  "fx" : 726.3343,
  "t_20" : -0.2300999,
  "blur_score" : 1388.6746,
  "angular_velocity" : 3.4028235e+38,
  "center_depth" : 0.64445657,
  "t_12" : 0.2515856,
  "fy" : 726.3343,
  "t_10" : -0.96538776,
  "height" : 768,
  "t_11" : -0.068782635,
  "t_03" : 1.2592674,
  "timestamp" : 61580184173,
  "t_01" : -0.9708607,
  "manual_keyframe" : false,
  "t_02" : 0.2057886,
  "t_22" : -0.9457037,
  "t_21" : -0.22956109,
  "cx" : 515.70276
}