{
  "cx" : 515.64276,
  "t_23" : 0.06287658,
  "t_02" : 0.9621264,
  "width" : 1024,
  "fy" : 727.6017,
  "t_21" : -0.9894319,
  "height" : 768,
  "timestamp" : 61585984490,
  "t_10" : -0.9726721,
  "manual_keyframe" : false,
  "t_20" : 0.021678315,
  "cy" : 384.25803,
  "center_depth" : 0.5611189,
  "fx" : 727.6017,
  "angular_velocity" : 3.4028235e+38,
  "t_22" : 0.14336874,
  "blur_score" : 1160.4432,
  "t_12" : 0.23185804,
  "t_01" : 0.14447708,
  "t_13" : 0.04066542,
  "t_11" : 0.012285138,
  "t_03" : 1.7109967,
  "t_00" : 0.23116906
}