{
  "t_22" : -0.20498002,
  "fy" : 730.48425,
  "t_23" : -0.16949207,
  "height" : 768,
  "t_02" : 0.97166914,
  "t_11" : -0.06810051,
  "t_01" : -0.19803315,
  "cy" : 384.16098,
  "t_00" : 0.12900335,
  "cx" : 515.469,
  "t_03" : 1.6756852,
  "fx" : 730.48425,
  "t_10" : -0.990717,
  "t_12" : 0.11765285,
  "t_21" : -0.9778267,
  "angular_velocity" : 3.4028235e+38,
  "manual_keyframe" : false,
  "width" : 1024,
  "center_depth" : 0.398247,
  "t_20" : 0.042871997,
  "blur_score" : 579.41125,
  "timestamp" : 61584884431,
  "t_13" : -0.21590926
}