{
  "t_12" : 0.20133701,
  "height" : 768,
  "t_21" : -0.8430231,
  "t_20" : 0.03939342,
  "t_03" : 1.7720255,
  "t_23" : -0.44167337,
  "cx" : 515.9134,
  "width" : 1024,
  "t_13" : -0.61699975,
  "angular_velocity" : 3.4028235e+38,
  "t_11" : -0.17316572,
  "cy" : 383.8942,
  "manual_keyframe" : false,
  "fy" : 727.90497,
  "t_02" : 0.819575,
  "t_10" : -0.9640938,
  "t_00" : 0.26262352,
  "fx" : 727.90497,
  "t_22" : -0.5364326,
  "blur_score" : 406.39786,
  "timestamp" : 61583484354,
  "t_01" : -0.5092401
}