{
  "cx" : 515.5596,
  "t_00" : -0.13016722,
  "t_10" : -0.991301,
  "t_02" : -0.67366505,
  "blur_score" : 1185.1993,
  "cy" : 383.8592,
  "t_21" : 0.6811893,
  "height" : 768,
  "t_01" : 0.72748303,
  "fx" : 728.5895,
  "t_20" : 0.019458428,
  "t_11" : -0.08215426,
  "t_03" : 0.7439183,
  "t_23" : 0.39243013,
  "t_12" : 0.10282421,
  "fy" : 728.5895,
  "width" : 1024,
  "t_22" : 0.7318486,
  "angular_velocity" : 3.4028235e+38,
  "manual_keyframe" : false,
  "timestamp" : 61595751689,
  "t_13" : -0.0040690852
}