{
  "t_13" : -0.3293023,
  "t_11" : -0.22587046,
  "t_23" : 0.5900416,
  "height" : 768,
  "t_02" : -0.29390067,
  "timestamp" : 61593984927,
  "t_20" : 0.0057365894,
  "t_03" : 0.8098562,
  "t_01" : 0.9255083,
  "cx" : 515.7265,
  "width" : 1024,
  "t_00" : -0.23886572,
  "blur_score" : 1516.213,
  "t_22" : 0.9526542,
  "fx" : 728.51965,
  "t_10" : -0.9710357,
  "manual_keyframe" : false,
  "angular_velocity" : 3.4028235e+38,
  "fy" : 728.51965,
  "t_21" : 0.30400163,
  "t_12" : 0.07792483,
  "cy" : 383.2222
}