{
  "t_12" : 0.17947188,
  "t_22" : 0.9613202,
  "fy" : 726.55023,
  "t_21" : -0.19918884,
  "t_13" : -0.38005096,
  "width" : 1024,
  "timestamp" : 61590518072,
  "t_02" : 0.20893262,
  "t_10" : -0.98120475,
  "t_23" : 0.6531009,
  "manual_keyframe" : false,
  "t_00" : -0.032410774,
  "fx" : 726.55023,
  "t_03" : 1.3925266,
  "angular_velocity" : 3.4028235e+38,
  "cy" : 383.737,
  "blur_score" : 759.82196,
  "cx" : 515.6306,
  "height" : 768,
  "t_20" : 0.19022828,
  "t_01" : 0.9773927,
  "t_11" : -0.07090205
}