{
  "t_12" : 0.10520029,
  "t_00" : -0.13605286,
  "t_20" : 0.031366996,
  "blur_score" : 1356.071,
  "angular_velocity" : 3.4028235e+38,
  "fy" : 727.4698,
  "t_02" : -0.579305,
  "t_23" : 0.437858,
  "t_22" : 0.8082935,
  "height" : 768,
  "cy" : 383.8368,
  "manual_keyframe" : false,
  "fx" : 727.4698,
  "cx" : 515.6144,
  "t_10" : -0.9902049,
  "t_01" : 0.80367607,
  "t_03" : 0.7481606,
  "width" : 1024,
  "t_21" : 0.5879434,
  "timestamp" : 61595418338,
  "t_13" : -0.05636483,
  "t_11" : -0.091799624
}