{
  "fy" : 726.76306,
  "t_22" : 0.93976855,
  "cy" : 383.6361,
  "t_10" : -0.98491645,
  "t_12" : 0.16358809,
  "t_13" : -0.36497194,
  "t_20" : 0.17296515,
  "t_23" : 0.59342307,
  "t_01" : 0.95388854,
  "t_11" : -0.05637796,
  "width" : 1024,
  "height" : 768,
  "timestamp" : 61590351396,
  "angular_velocity" : 3.4028235e+38,
  "blur_score" : 715.08026,
  "cx" : 515.7741,
  "manual_keyframe" : false,
  "fx" : 726.76306,
  "t_00" : -0.0047534457,
  "t_03" : 1.4379647,
  "t_02" : 0.30012295,
  "t_21" : -0.29481846
}