{
  "t_03" : 0.60953116,
  "fy" : 716.6128,
  "t_21" : 0.9712353,
  "fx" : 716.6128,
  "width" : 1024,
  "t_11" : -0.16458918,
  "t_00" : -0.16799262,
  "timestamp" : 61597651793,
  "cx" : 515.38226,
  "t_23" : 0.32927465,
  "t_20" : -0.13570027,
  "manual_keyframe" : false,
  "t_02" : -0.9706523,
  "cy" : 383.57294,
  "t_22" : 0.1956715,
  "angular_velocity" : 3.4028235e+38,
  "height" : 768,
  "t_01" : 0.17208225,
  "blur_score" : 1214.1364,
  "t_10" : -0.97640353,
  "t_12" : 0.13980874,
  "t_13" : 0.25636467,
  "center_depth" : 3.2367194
}