{
  "t_13" : -0.5928908,
  "t_22" : 0.9698982,
  "t_00" : -0.11430657,
  "fy" : 726.08655,
  "t_01" : 0.9817847,
  "manual_keyframe" : false,
  "t_20" : 0.208594,
  "height" : 768,
  "t_10" : -0.9712994,
  "t_23" : 0.7524204,
  "cy" : 384.1153,
  "timestamp" : 61591018100,
  "t_03" : 1.3164806,
  "t_21" : -0.12564117,
  "t_11" : -0.14252296,
  "t_02" : 0.1517646,
  "t_12" : 0.19043282,
  "fx" : 726.08655,
  "blur_score" : 745.5991,
  "width" : 1024,
  "cx" : 515.20996,
  "angular_velocity" : 3.4028235e+38
}