{
  "fx" : 723.269,
  "t_22" : -0.1632429,
  "t_01" : -0.20229086,
  "t_21" : 0.9680758,
  "t_03" : 0.18644571,
  "cy" : 383.61862,
  "t_11" : -0.14801145,
  "angular_velocity" : 3.4028235e+38,
  "cx" : 515.2543,
  "t_00" : -0.20831183,
  "t_02" : -0.95691395,
  "t_10" : -0.959388,
  "fy" : 723.269,
  "t_13" : -0.27423978,
  "center_depth" : 0.7122955,
  "t_20" : -0.19021231,
  "timestamp" : 61602152042,
  "t_23" : -0.1576429,
  "blur_score" : 2115.7825,
  "t_12" : 0.24013992,
  "manual_keyframe" : false,
  "width" : 1024,
  "height" : 768
}