{
  "t_22" : -0.14130567,
  "center_depth" : 0.71337295,
  "fx" : 723.54694,
  "t_12" : 0.29026225,
  "fy" : 723.54694,
  "t_01" : -0.18490854,
  "cx" : 515.47363,
  "t_20" : -0.17540498,
  "t_11" : -0.12861972,
  "t_23" : -0.08463263,
  "timestamp" : 61602485394,
  "manual_keyframe" : false,
  "t_00" : -0.2646286,
  "cy" : 383.98804,
  "t_02" : -0.94645673,
  "t_03" : 0.16299742,
  "t_10" : -0.948264,
  "height" : 768,
  "blur_score" : 2061.257,
  "t_21" : 0.97430265,
  "width" : 1024,
  "t_13" : -0.39387098,
  "angular_velocity" : 3.4028235e+38
}