{
  "t_11" : -0.09309376,
  "cx" : 515.59344,
  "t_20" : -0.09949074,
  "t_03" : 0.14826784,
  "t_13" : -0.6632543,
  "manual_keyframe" : false,
  "t_12" : 0.039162144,
  "cy" : 383.6909,
  "t_21" : 0.97007173,
  "t_00" : -0.017369833,
  "t_02" : -0.9743736,
  "timestamp" : 61603018757,
  "fy" : 724.39185,
  "height" : 768,
  "t_01" : -0.22426364,
  "t_22" : -0.2214999,
  "angular_velocity" : 3.4028235e+38,
  "t_10" : -0.9948868,
  "fx" : 724.39185,
  "width" : 1024,
  "blur_score" : 1481.3762,
  "t_23" : -0.031290416
}