{
  "timestamp" : 61605918917,
  "t_01" : -0.39299497,
  "t_03" : 0.5527648,
  "manual_keyframe" : false,
  "t_12" : 0.24460346,
  "t_10" : -0.9693744,
  "t_00" : -0.2333379,
  "cx" : 515.12366,
  "t_13" : 0.12671426,
  "t_02" : -0.8894426,
  "center_depth" : 0.7352731,
  "width" : 1024,
  "fy" : 721.65216,
  "blur_score" : 998.0587,
  "t_11" : 0.021962203,
  "t_20" : -0.07659381,
  "fx" : 721.65216,
  "cy" : 384.4479,
  "t_21" : 0.9192782,
  "t_22" : -0.38608387,
  "angular_velocity" : 3.4028235e+38,
  "height" : 768,
  "t_23" : -0.3992467
}