{
  "height" : 768,
  "t_10" : -0.9076802,
  "t_22" : -0.35540795,
  "t_00" : 0.35804337,
  "manual_keyframe" : false,
  "center_depth" : 1.1087441,
  "t_20" : -0.21890949,
  "fy" : 731.7215,
  "t_11" : 0.055993386,
  "timestamp" : 60469206808,
  "t_03" : 0.06059022,
  "t_01" : -0.41364345,
  "cx" : 515.1226,
  "angular_velocity" : 3.4028235e+38,
  "t_12" : 0.41591,
  "t_13" : 0.20293748,
  "t_21" : -0.9087153,
  "blur_score" : 97.439316,
  "t_02" : 0.8370805,
  "cy" : 384.2224,
  "width" : 1024,
  "t_23" : -0.37601388,
  "fx" : 731.7215
}