{
  "t_23" : 0.021677412,
  "fx" : 730.18567,
  "t_00" : 0.185381,
  "t_12" : 0.21417901,
  "t_11" : 0.0019501222,
  "cx" : 515.45276,
  "t_03" : 0.13742144,
  "height" : 768,
  "timestamp" : 60462573000,
  "t_21" : -0.86101586,
  "manual_keyframe" : false,
  "t_01" : 0.5085744,
  "t_02" : 0.8408245,
  "t_10" : -0.9767924,
  "cy" : 384.09393,
  "t_20" : 0.107286274,
  "t_22" : 0.49713317,
  "width" : 1024,
  "t_13" : -0.037631482,
  "angular_velocity" : 3.4028235e+38,
  "blur_score" : 143.63867,
  "center_depth" : 0.44845372,
  "fy" : 730.18567
}