{
  "t_13" : 0.12741257,
  "t_10" : -0.88320106,
  "t_03" : -0.40944389,
  "timestamp" : 60476473979,
  "height" : 768,
  "manual_keyframe" : false,
  "angular_velocity" : 3.4028235e+38,
  "cy" : 384.2172,
  "t_11" : 0.01387758,
  "t_23" : -0.56830865,
  "t_00" : -0.19152613,
  "t_20" : -0.42810464,
  "fy" : 731.64844,
  "t_12" : 0.46878907,
  "fx" : 731.64844,
  "t_02" : -0.33351,
  "t_01" : -0.9230865,
  "t_22" : -0.81792897,
  "width" : 1024,
  "blur_score" : 101.0371,
  "t_21" : 0.3843418,
  "center_depth" : 0.4488532,
  "cx" : 515.1899
}