{
  "t_12" : 0.2930091,
  "fy" : 734.2769,
  "cx" : 515.29846,
  "fx" : 734.2769,
  "timestamp" : 60479874209,
  "t_10" : -0.95609957,
  "angular_velocity" : 3.4028235e+38,
  "height" : 768,
  "t_20" : -0.13061853,
  "manual_keyframe" : false,
  "t_21" : 0.9014523,
  "t_23" : -0.39199528,
  "t_03" : -0.69499546,
  "t_00" : -0.26232123,
  "cy" : 384.18048,
  "t_01" : -0.43285623,
  "t_13" : -0.016047126,
  "t_11" : -0.00439179,
  "t_22" : -0.4127016,
  "t_02" : -0.86245173,
  "blur_score" : 98.5677,
  "width" : 1024
}