{
  "t_10" : -0.9417539,
  "fx" : 730.21906,
  "t_20" : -0.33509827,
  "t_01" : -0.97317165,
  "manual_keyframe" : false,
  "t_02" : 0.22831585,
  "height" : 768,
  "t_22" : -0.9150526,
  "cy" : 384.2335,
  "timestamp" : 60473907136,
  "angular_velocity" : 3.4028235e+38,
  "fy" : 730.21906,
  "t_13" : -0.083492726,
  "t_12" : 0.33249122,
  "t_03" : -0.14270256,
  "t_11" : 0.050488114,
  "blur_score" : 158.5933,
  "cx" : 515.36176,
  "t_00" : 0.02843567,
  "t_21" : -0.22447197,
  "t_23" : -0.67325443,
  "width" : 1024
}