{
  "angular_velocity" : 3.4028235e+38,
  "t_01" : -0.9863482,
  "t_03" : -0.28911683,
  "t_00" : -0.098945744,
  "t_20" : -0.20657076,
  "cy" : 384.1888,
  "fx" : 731.60876,
  "t_13" : 0.0074723028,
  "t_10" : -0.97341573,
  "t_12" : 0.2185687,
  "t_22" : -0.9669027,
  "timestamp" : 60474873870,
  "cx" : 515.58545,
  "t_02" : -0.13163151,
  "height" : 768,
  "t_11" : 0.06847969,
  "blur_score" : 134.73956,
  "width" : 1024,
  "t_21" : 0.1497588,
  "t_23" : -0.6902528,
  "manual_keyframe" : false,
  "fy" : 731.60876
}