{
  "t_01" : -0.9935073,
  "t_02" : 0.11291042,
  "cx" : 515.34705,
  "cy" : 384.26318,
  "t_20" : -0.3192507,
  "fx" : 730.8956,
  "blur_score" : 151.68214,
  "height" : 768,
  "t_03" : -0.19871274,
  "t_10" : -0.9475677,
  "t_21" : -0.111433476,
  "angular_velocity" : 3.4028235e+38,
  "timestamp" : 60474340500,
  "t_23" : -0.6655498,
  "width" : 1024,
  "t_12" : 0.31873137,
  "t_13" : -0.09717132,
  "t_00" : 0.013940277,
  "fy" : 730.8956,
  "t_22" : -0.9410959,
  "manual_keyframe" : false,
  "t_11" : 0.022927599
}