{
  "width" : 1024,
  "t_02" : -0.8704608,
  "t_10" : -0.9489853,
  "t_20" : 0.1847525,
  "cy" : 384.16736,
  "t_01" : 0.42071888,
  "t_13" : 0.023785062,
  "angular_velocity" : 3.4028235e+38,
  "blur_score" : 122.95298,
  "t_11" : 0.062907085,
  "height" : 768,
  "t_00" : -0.2555256,
  "t_12" : 0.30898142,
  "t_21" : 0.90500724,
  "fy" : 733.5399,
  "t_22" : 0.38318163,
  "fx" : 733.5399,
  "t_23" : -0.12681328,
  "cx" : 515.4238,
  "manual_keyframe" : false,
  "t_03" : -0.71525735,
  "timestamp" : 60482341041
}