{
  "t_23" : -0.16642052,
  "t_11" : 0.032162078,
  "fx" : 733.89734,
  "t_12" : 0.32962403,
  "t_20" : 0.13498992,
  "t_10" : -0.9435643,
  "angular_velocity" : 3.4028235e+38,
  "blur_score" : 125.401024,
  "height" : 768,
  "t_02" : -0.8971385,
  "cy" : 384.1952,
  "t_13" : -0.027669284,
  "t_03" : -0.7160628,
  "cx" : 515.46387,
  "t_21" : 0.94619614,
  "t_22" : 0.2940927,
  "width" : 1024,
  "timestamp" : 60482074356,
  "t_01" : 0.32199124,
  "t_00" : -0.30243033,
  "manual_keyframe" : false,
  "fy" : 733.89734
}