{
  "t_00" : 0.43715805,
  "t_10" : -0.8986411,
  "width" : 1024,
  "t_20" : -0.036566358,
  "fy" : 737.4311,
  "t_01" : 0.05010699,
  "t_22" : 0.07341251,
  "timestamp" : 60498042055,
  "t_23" : -0.20813245,
  "t_13" : -0.09070909,
  "fx" : 737.4311,
  "cy" : 384.19485,
  "t_11" : 0.06492899,
  "t_21" : -0.99663115,
  "blur_score" : 97.226204,
  "cx" : 515.3223,
  "t_03" : 0.11075925,
  "height" : 768,
  "t_02" : 0.89798784,
  "manual_keyframe" : false,
  "angular_velocity" : 3.4028235e+38,
  "t_12" : 0.43385306
}