{
  "cx" : 515.11224,
  "angular_velocity" : 3.4028235e+38,
  "manual_keyframe" : false,
  "blur_score" : 141.44084,
  "t_03" : -0.18069604,
  "cy" : 384.178,
  "t_00" : 0.25333732,
  "t_21" : -0.40015882,
  "t_02" : 0.31526232,
  "width" : 1024,
  "t_11" : 0.05867748,
  "t_10" : -0.8543748,
  "t_23" : 0.14727774,
  "timestamp" : 60492075005,
  "t_13" : 0.17971276,
  "fy" : 728.6944,
  "t_22" : 0.79624677,
  "fx" : 728.6944,
  "t_12" : 0.51633394,
  "height" : 768,
  "t_20" : 0.45372236,
  "t_01" : 0.91456544
}