{
  "t_10" : -0.86534715,
  "t_12" : 0.50092405,
  "cy" : 384.2749,
  "cx" : 514.80554,
  "blur_score" : 91.68687,
  "fy" : 735.1759,
  "height" : 768,
  "t_13" : 0.05458807,
  "t_02" : -0.67119735,
  "t_23" : -0.5279167,
  "t_20" : -0.33035147,
  "manual_keyframe" : false,
  "t_11" : -0.015795367,
  "t_21" : 0.7696096,
  "width" : 1024,
  "t_03" : -0.5191714,
  "timestamp" : 60508209357,
  "angular_velocity" : 3.4028235e+38,
  "t_01" : -0.63831955,
  "t_00" : -0.37688512,
  "t_22" : -0.5464149,
  "fx" : 735.1759
}