{
  "t_13" : 0.054291233,
  "timestamp" : 60503742413,
  "t_02" : 0.42011878,
  "t_12" : 0.5585245,
  "t_00" : 0.25368744,
  "manual_keyframe" : false,
  "fy" : 737.98224,
  "cy" : 384.1662,
  "t_20" : -0.49836978,
  "t_22" : -0.7152276,
  "blur_score" : 89.80719,
  "t_01" : -0.871288,
  "width" : 1024,
  "t_03" : -0.081541575,
  "height" : 768,
  "t_11" : 0.02793025,
  "angular_velocity" : 3.4028235e+38,
  "t_10" : -0.82901764,
  "t_23" : -0.5104679,
  "t_21" : -0.48997653,
  "cx" : 514.97034,
  "fx" : 737.98224
}