{
  "height" : 768,
  "t_22" : -0.24904181,
  "t_23" : -0.30253792,
  "cy" : 384.04178,
  "angular_velocity" : 3.4028235e+38,
  "center_depth" : 0.4962447,
  "fx" : 734.1515,
  "t_20" : -0.13587566,
  "cx" : 515.148,
  "t_03" : -0.72637767,
  "t_10" : -0.8699098,
  "fy" : 734.1515,
  "t_02" : -0.8335133,
  "t_00" : -0.474125,
  "t_11" : 0.004822777,
  "t_01" : -0.28365603,
  "t_13" : 0.12896472,
  "t_12" : 0.49318704,
  "t_21" : 0.95891386,
  "blur_score" : 107.389404,
  "width" : 1024,
  "timestamp" : 60509776120,
  "manual_keyframe" : false
}