{
  "t_11" : 0.052367337,
  "t_03" : -0.011917371,
  "t_10" : -0.76809424,
  "t_02" : 0.6219078,
  "t_23" : -0.38349408,
  "angular_velocity" : 3.4028235e+38,
  "cx" : 514.80273,
  "t_20" : -0.4302611,
  "height" : 768,
  "t_13" : 0.16173005,
  "blur_score" : 59.558914,
  "t_21" : -0.7803419,
  "timestamp" : 60501342263,
  "t_01" : -0.6231565,
  "fy" : 744.79565,
  "manual_keyframe" : false,
  "t_22" : -0.45380813,
  "cy" : 384.035,
  "t_00" : 0.4742431,
  "fx" : 744.79565,
  "t_12" : 0.6381918,
  "width" : 1024
}