{
  "height" : 768,
  "cx" : 514.38116,
  "t_02" : 0.62178296,
  "width" : 1024,
  "timestamp" : 60502742351,
  "t_20" : -0.43190464,
  "manual_keyframe" : false,
  "cy" : 384.31134,
  "t_11" : 0.057482313,
  "t_23" : -0.45439938,
  "t_21" : -0.7463703,
  "blur_score" : 80.73416,
  "t_13" : 0.15555514,
  "t_00" : 0.41684383,
  "center_depth" : 0.3525081,
  "t_12" : 0.59749156,
  "t_03" : -0.04153,
  "fy" : 738.8192,
  "t_22" : -0.5063494,
  "t_10" : -0.7998122,
  "fx" : 738.8192,
  "t_01" : -0.6630438,
  "angular_velocity" : 3.4028235e+38
}