{
  "manual_keyframe" : false,
  "t_00" : 0.35540938,
  "t_20" : 0.39186993,
  "cx" : 515.03204,
  "t_22" : 0.70190775,
  "blur_score" : 126.25162,
  "t_01" : 0.8015667,
  "t_12" : 0.52550036,
  "width" : 1024,
  "height" : 768,
  "t_23" : 0.07296297,
  "timestamp" : 60517043220,
  "t_11" : 0.061051086,
  "t_13" : 0.083431825,
  "t_03" : -0.078304306,
  "cy" : 384.1751,
  "fy" : 730.73364,
  "t_10" : -0.84860003,
  "t_02" : 0.4808062,
  "t_21" : -0.59478,
  "angular_velocity" : 3.4028235e+38,
  "fx" : 730.73364
}