{
  "fx" : 729.8919,
  "t_10" : -0.909729,
  "t_00" : -0.108014,
  "angular_velocity" : 3.4028235e+38,
  "cy" : 384.20465,
  "t_22" : 0.8528638,
  "t_02" : -0.31858724,
  "t_21" : 0.3345106,
  "t_12" : 0.41367307,
  "t_23" : 0.20870495,
  "t_13" : 0.061525404,
  "t_01" : 0.9417191,
  "t_11" : 0.03560243,
  "blur_score" : 142.36426,
  "fy" : 729.8919,
  "width" : 1024,
  "height" : 768,
  "timestamp" : 60514243055,
  "cx" : 515.1787,
  "manual_keyframe" : false,
  "t_03" : -0.5101891,
  "t_20" : 0.40090638
}