{
  "t_00" : 0.5012361,
  "t_21" : -0.89041513,
  "cx" : 515.07556,
  "t_23" : -0.03583297,
  "timestamp" : 60518076614,
  "t_22" : 0.3941655,
  "width" : 1024,
  "cy" : 384.1107,
  "t_12" : 0.5496684,
  "t_13" : 0.15233955,
  "fy" : 733.07947,
  "fx" : 733.07947,
  "t_20" : 0.22758378,
  "blur_score" : 98.56877,
  "manual_keyframe" : false,
  "t_11" : 0.029944351,
  "t_10" : -0.8348461,
  "angular_velocity" : 3.4028235e+38,
  "t_03" : 0.058191378,
  "t_01" : 0.45416313,
  "t_02" : 0.73654467,
  "height" : 768
}