{
  "cy" : 384.08075,
  "width" : 1024,
  "t_10" : -0.78744715,
  "fx" : 729.88715,
  "t_21" : 0.9993482,
  "cx" : 514.9454,
  "t_03" : -0.682654,
  "t_13" : 0.18914083,
  "t_20" : 0.009867404,
  "t_23" : -0.16408366,
  "angular_velocity" : 3.4028235e+38,
  "blur_score" : 126.81424,
  "t_02" : -0.7872217,
  "t_11" : 0.02917084,
  "fy" : 729.88715,
  "timestamp" : 60510809516,
  "manual_keyframe" : false,
  "t_00" : -0.6163032,
  "height" : 768,
  "t_12" : 0.61569154,
  "t_22" : -0.034728043,
  "t_01" : -0.021271184
}