{
  "t_13" : 0.08280933,
  "t_21" : -0.66694325,
  "fx" : 731.77704,
  "height" : 768,
  "cy" : 384.2134,
  "width" : 1024,
  "manual_keyframe" : false,
  "t_10" : -0.8570723,
  "t_22" : 0.65041023,
  "t_01" : 0.74432516,
  "fy" : 731.77704,
  "blur_score" : 118.83948,
  "timestamp" : 60517276567,
  "t_11" : 0.03415727,
  "t_23" : 0.039713625,
  "t_12" : 0.5140625,
  "cx" : 514.9419,
  "t_03" : -0.049785946,
  "t_02" : 0.5592014,
  "t_00" : 0.36506677,
  "angular_velocity" : 3.4028235e+38,
  "t_20" : 0.36352894
}