{
  "fy" : 734.7344,
  "t_03" : 0.067901306,
  "angular_velocity" : 3.4028235e+38,
  "t_12" : 0.6554586,
  "t_02" : 0.74407566,
  "t_23" : -0.29807577,
  "blur_score" : 92.50815,
  "t_11" : 0.11653418,
  "t_10" : -0.74618614,
  "height" : 768,
  "t_01" : -0.26883525,
  "t_00" : 0.61161995,
  "cx" : 514.34827,
  "center_depth" : 0.39953706,
  "t_13" : 0.2300237,
  "cy" : 384.5129,
  "width" : 1024,
  "t_21" : -0.9561106,
  "timestamp" : 60519776712,
  "t_22" : -0.1293266,
  "fx" : 734.7344,
  "t_20" : -0.26292077,
  "manual_keyframe" : false
}