{
  "t_11" : -0.06879165,
  "t_00" : 0.36963385,
  "fy" : 736.39246,
  "t_12" : 0.46992317,
  "t_23" : -0.51648957,
  "t_22" : -0.6594764,
  "height" : 768,
  "t_03" : -0.03737713,
  "cx" : 514.9789,
  "t_13" : 0.062759034,
  "t_10" : -0.8800226,
  "blur_score" : 106.98293,
  "t_02" : 0.5867392,
  "t_20" : -0.29821286,
  "fx" : 736.39246,
  "t_21" : -0.69004333,
  "width" : 1024,
  "manual_keyframe" : false,
  "cy" : 383.9964,
  "t_01" : -0.7204913,
  "angular_velocity" : 3.4028235e+38,
  "timestamp" : 60521543480
}