{
  "t_11" : -0.026175816,
  "cx" : 515.3492,
  "t_02" : -0.03416559,
  "t_10" : -0.9670797,
  "t_12" : 0.25312364,
  "width" : 1024,
  "t_23" : 0.016754614,
  "t_00" : -0.03597604,
  "t_03" : 0.004454674,
  "center_depth" : 1.4204736,
  "height" : 768,
  "t_22" : 0.96683025,
  "blur_score" : 1025.0076,
  "t_21" : 0.042147223,
  "timestamp" : 61211112716,
  "cy" : 383.98737,
  "fy" : 716.6239,
  "t_20" : 0.25191763,
  "t_01" : 0.9987683,
  "t_13" : 0.016629664,
  "fx" : 716.6239,
  "manual_keyframe" : false,
  "angular_velocity" : 3.4028235e+38
}