{
  "blur_score" : 848.13605,
  "height" : 768,
  "center_depth" : 1.0279907,
  "cx" : 515.16876,
  "t_01" : 0.028937604,
  "manual_keyframe" : false,
  "width" : 1024,
  "cy" : 384.19095,
  "t_03" : 1.0415037,
  "t_11" : 0.005006117,
  "timestamp" : 61225096933,
  "fx" : 718.9523,
  "t_22" : 0.029218145,
  "t_23" : -1.132474,
  "fy" : 718.9523,
  "t_13" : -0.12540095,
  "t_12" : 0.26874912,
  "t_20" : 0.0029572276,
  "t_02" : 0.9627668,
  "t_10" : -0.9631972,
  "t_21" : -0.9995685,
  "angular_velocity" : 3.4028235e+38,
  "t_00" : 0.26877946
}