{
  "t_22" : 0.48072404,
  "t_21" : -0.8584328,
  "width" : 1024,
  "cy" : 384.22278,
  "t_02" : 0.7973584,
  "cx" : 515.329,
  "t_11" : 0.010323367,
  "t_20" : 0.17887737,
  "blur_score" : 982.74805,
  "t_00" : 0.3181716,
  "t_03" : 0.8138629,
  "t_10" : -0.93100464,
  "t_23" : -0.79871976,
  "height" : 768,
  "manual_keyframe" : false,
  "t_13" : -0.07756102,
  "t_12" : 0.36486125,
  "timestamp" : 61223163483,
  "fx" : 718.1057,
  "t_01" : 0.51282173,
  "angular_velocity" : 3.4028235e+38,
  "fy" : 718.1057
}