{
  "width" : 1024,
  "t_21" : -0.94685423,
  "t_23" : -0.86955816,
  "t_10" : -0.9296428,
  "angular_velocity" : 3.4028235e+38,
  "blur_score" : 1083.7512,
  "t_20" : 0.081192836,
  "center_depth" : 1.1574701,
  "t_03" : 0.86963564,
  "fy" : 718.04535,
  "t_02" : 0.87693465,
  "t_01" : 0.31908217,
  "t_00" : 0.35940504,
  "timestamp" : 61223413498,
  "fx" : 718.04535,
  "t_13" : -0.10182842,
  "cy" : 384.2534,
  "cx" : 515.1641,
  "t_12" : 0.3662114,
  "manual_keyframe" : false,
  "t_11" : 0.040662874,
  "t_22" : 0.31124684,
  "height" : 768
}