{
  "t_10" : -0.9527962,
  "t_22" : -0.61976707,
  "height" : 768,
  "t_03" : 1.0546869,
  "cx" : 515.3193,
  "t_01" : -0.6549314,
  "cy" : 384.2105,
  "t_02" : 0.72394305,
  "fx" : 717.49426,
  "t_23" : -1.7801325,
  "angular_velocity" : 3.4028235e+38,
  "timestamp" : 61231313967,
  "t_13" : -0.04909444,
  "t_12" : 0.30297682,
  "manual_keyframe" : false,
  "width" : 1024,
  "t_11" : 0.019605692,
  "t_20" : -0.21262246,
  "blur_score" : 1145.0125,
  "t_00" : 0.21672796,
  "t_21" : -0.75543374,
  "fy" : 717.49426
}