{
  "height" : 768,
  "t_10" : -0.9207059,
  "t_13" : 0.31611264,
  "t_03" : 0.55543077,
  "fx" : 717.5022,
  "t_21" : -0.6054099,
  "cx" : 515.3021,
  "t_22" : -0.6943359,
  "t_00" : -0.030401608,
  "t_12" : 0.2714038,
  "fy" : 717.5022,
  "blur_score" : 1219.6399,
  "width" : 1024,
  "t_11" : 0.28042936,
  "t_20" : -0.38907117,
  "t_23" : -2.160886,
  "center_depth" : 1.1392156,
  "cy" : 384.79666,
  "timestamp" : 61236447600,
  "angular_velocity" : 3.4028235e+38,
  "t_01" : -0.7448746,
  "t_02" : 0.6665115,
  "manual_keyframe" : false
}