{
  "t_00" : -0.16380435,
  "cx" : 515.4434,
  "t_10" : -0.98269147,
  "t_11" : 0.17362492,
  "t_22" : -0.668726,
  "height" : 768,
  "angular_velocity" : 3.4028235e+38,
  "timestamp" : 61248864976,
  "t_12" : 0.06458979,
  "t_03" : -0.96887577,
  "fx" : 718.0724,
  "t_13" : 0.16975997,
  "cy" : 384.5107,
  "t_23" : -1.9129882,
  "t_02" : -0.74069786,
  "t_20" : 0.08651929,
  "blur_score" : 871.0545,
  "width" : 1024,
  "t_21" : 0.73845744,
  "t_01" : -0.6515631,
  "fy" : 718.0724,
  "manual_keyframe" : false
}