{
  "t_02" : -0.50095165,
  "fx" : 719.227,
  "t_03" : -0.81456804,
  "t_13" : 0.09044725,
  "center_depth" : 1.0330757,
  "manual_keyframe" : false,
  "t_12" : 0.18033506,
  "width" : 1024,
  "t_11" : 0.06847895,
  "cy" : 384.10043,
  "t_23" : -2.0712483,
  "t_10" : -0.9812186,
  "height" : 768,
  "timestamp" : 61247531567,
  "t_20" : -0.11935987,
  "fy" : 719.227,
  "t_21" : 0.51887035,
  "t_01" : -0.85210556,
  "cx" : 515.3487,
  "t_22" : -0.8464789,
  "blur_score" : 956.4129,
  "angular_velocity" : 3.4028235e+38,
  "t_00" : -0.15153651
}