{
  "t_22" : -0.96385795,
  "center_depth" : 1.398224,
  "height" : 768,
  "t_12" : 0.2473022,
  "timestamp" : 61242131260,
  "t_03" : -0.12174845,
  "t_23" : -2.350685,
  "manual_keyframe" : false,
  "cx" : 515.36383,
  "t_20" : -0.24078944,
  "width" : 1024,
  "t_02" : -0.099092826,
  "fy" : 716.93365,
  "fx" : 716.93365,
  "t_10" : -0.96781194,
  "t_01" : -0.9923809,
  "blur_score" : 1240.6655,
  "angular_velocity" : 3.4028235e+38,
  "cy" : 384.3553,
  "t_11" : 0.04670926,
  "t_00" : -0.07321594,
  "t_13" : -0.018667592,
  "t_21" : 0.11400971
}