{
  "t_01" : -0.8147321,
  "blur_score" : 556.9015,
  "cy" : 384.0105,
  "t_00" : -0.26273695,
  "t_03" : -0.54194033,
  "cx" : 515.0598,
  "fy" : 723.2277,
  "t_10" : -0.9159766,
  "t_02" : -0.51689523,
  "fx" : 723.2277,
  "t_12" : 0.39900148,
  "t_20" : -0.30324274,
  "t_22" : -0.757375,
  "t_23" : -2.036789,
  "angular_velocity" : 3.4028235e+38,
  "height" : 768,
  "timestamp" : 61246264829,
  "t_13" : 0.01636887,
  "t_11" : 0.04224566,
  "center_depth" : 1.1742444,
  "t_21" : 0.5782964,
  "width" : 1024,
  "manual_keyframe" : false
}