{
  "blur_score" : 598.1518,
  "t_11" : 0.045119062,
  "angular_velocity" : 3.4028235e+38,
  "cx" : 515.33966,
  "t_02" : -0.9548604,
  "fy" : 720.9534,
  "height" : 768,
  "t_12" : 0.1681507,
  "t_01" : -0.24070272,
  "fx" : 720.9534,
  "timestamp" : 61251081767,
  "t_13" : 0.112900205,
  "cy" : 384.29428,
  "t_10" : -0.98472816,
  "t_00" : -0.17407924,
  "width" : 1024,
  "manual_keyframe" : false,
  "t_22" : -0.24488103,
  "t_03" : -1.0748752,
  "t_20" : 0.0026080795,
  "t_23" : -1.6365299,
  "t_21" : 0.9695495
}