{
  "cx" : 515.4304,
  "height" : 768,
  "cy" : 384.4439,
  "t_13" : 0.22170778,
  "t_10" : -0.95165324,
  "t_03" : -0.9548349,
  "t_12" : 0.22425058,
  "t_23" : -0.8715589,
  "blur_score" : 585.78253,
  "t_22" : 0.4238562,
  "width" : 1024,
  "t_20" : 0.28921267,
  "angular_velocity" : 3.4028235e+38,
  "manual_keyframe" : false,
  "t_11" : 0.20992349,
  "fy" : 719.2603,
  "timestamp" : 61256015373,
  "t_00" : -0.10349991,
  "t_02" : -0.8775292,
  "fx" : 719.2603,
  "t_01" : 0.46822014,
  "t_21" : 0.8583134
}