{
  "height" : 768,
  "fy" : 719.4096,
  "t_10" : -0.9552583,
  "t_13" : 0.026702505,
  "t_11" : 0.10482346,
  "fx" : 719.4096,
  "manual_keyframe" : false,
  "t_20" : 0.08583234,
  "t_22" : -0.079934575,
  "angular_velocity" : 3.4028235e+38,
  "t_21" : 0.99309766,
  "t_12" : 0.27657464,
  "t_23" : -1.5202218,
  "blur_score" : 799.6448,
  "timestamp" : 61252048487,
  "t_00" : -0.2830447,
  "t_02" : -0.957662,
  "cx" : 515.36536,
  "t_03" : -1.2441065,
  "cy" : 384.49518,
  "t_01" : -0.052619148,
  "center_depth" : 1.329366,
  "width" : 1024
}