{
  "cy" : 384.41922,
  "angular_velocity" : 3.4028235e+38,
  "blur_score" : 925.1519,
  "manual_keyframe" : false,
  "t_21" : 0.8763297,
  "fx" : 718.1137,
  "t_10" : -0.975144,
  "height" : 768,
  "fy" : 718.1137,
  "t_11" : 0.1718088,
  "t_00" : -0.20403041,
  "t_02" : -0.86939263,
  "t_23" : -1.666886,
  "t_20" : 0.086403936,
  "t_13" : 0.15078437,
  "width" : 1024,
  "t_03" : -1.1264151,
  "t_12" : 0.13991353,
  "t_22" : -0.47389898,
  "cx" : 515.4806,
  "timestamp" : 61250381728,
  "t_01" : -0.45003074
}