{
  "blur_score" : 660.85535,
  "t_12" : 0.23030856,
  "cy" : 383.7544,
  "t_01" : 0.47762147,
  "angular_velocity" : 3.4028235e+38,
  "manual_keyframe" : false,
  "t_21" : 0.87676007,
  "t_13" : 0.042817146,
  "t_03" : -0.9975941,
  "width" : 1024,
  "cx" : 515.46545,
  "t_20" : 0.15845266,
  "t_02" : -0.860682,
  "height" : 768,
  "timestamp" : 61255231996,
  "t_22" : 0.4540751,
  "t_00" : -0.1763631,
  "fy" : 718.0867,
  "t_23" : -0.88387245,
  "t_11" : 0.05629528,
  "fx" : 718.0867,
  "t_10" : -0.97148794
}