{
  "height" : 768,
  "t_01" : 0.97602,
  "cx" : 515.0997,
  "timestamp" : 61265215881,
  "t_10" : -0.9421404,
  "t_12" : 0.33521286,
  "t_20" : 0.3275713,
  "t_21" : -0.21767178,
  "t_23" : -0.43883878,
  "fy" : 718.6393,
  "angular_velocity" : 3.4028235e+38,
  "t_13" : -0.044843573,
  "t_02" : 0.20570923,
  "t_00" : 0.071192905,
  "manual_keyframe" : false,
  "t_03" : 0.37124833,
  "t_22" : 0.91941047,
  "cy" : 384.0611,
  "t_11" : -0.0019289324,
  "blur_score" : 783.25305,
  "fx" : 718.6393,
  "width" : 1024
}