{
  "t_02" : -0.5288986,
  "height" : 768,
  "t_22" : 0.8257123,
  "t_12" : 0.19612566,
  "center_depth" : 1.4782112,
  "angular_velocity" : 3.4028235e+38,
  "t_03" : -0.33955842,
  "t_00" : -0.09422796,
  "t_20" : 0.17253165,
  "t_11" : 0.0134465555,
  "blur_score" : 675.67145,
  "cx" : 515.3347,
  "t_10" : -0.98048663,
  "cy" : 384.04282,
  "fx" : 718.08984,
  "timestamp" : 61260848971,
  "t_13" : 0.12461637,
  "t_01" : 0.84343773,
  "t_21" : 0.5370585,
  "fy" : 718.08984,
  "t_23" : -0.16470616,
  "width" : 1024,
  "manual_keyframe" : false
}