{
  "t_23" : -0.4929325,
  "t_13" : 0.114766076,
  "t_10" : -0.9904235,
  "center_depth" : 1.1385967,
  "angular_velocity" : 3.4028235e+38,
  "t_12" : 0.09839671,
  "width" : 1024,
  "t_01" : 0.80208665,
  "t_22" : 0.80759585,
  "blur_score" : 769.74744,
  "timestamp" : 61266749300,
  "t_20" : 0.022609165,
  "t_03" : 0.65708107,
  "t_00" : 0.1361986,
  "fx" : 718.35187,
  "t_21" : -0.58930254,
  "height" : 768,
  "manual_keyframe" : false,
  "t_02" : 0.5814695,
  "t_11" : 0.0968469,
  "cx" : 515.5806,
  "cy" : 383.91177,
  "fy" : 718.35187
}