{
  "t_23" : -1.4467981,
  "width" : 1024,
  "t_10" : -0.9568373,
  "t_00" : 0.28722644,
  "cy" : 384.07767,
  "manual_keyframe" : false,
  "t_12" : 0.2903346,
  "t_13" : -0.059295107,
  "t_03" : 1.292793,
  "t_20" : -0.044309128,
  "height" : 768,
  "cx" : 515.304,
  "blur_score" : 1090.8096,
  "fy" : 718.1549,
  "t_21" : -0.99383384,
  "t_11" : 0.012966746,
  "angular_velocity" : 3.4028235e+38,
  "timestamp" : 61275683137,
  "t_01" : -0.11011813,
  "fx" : 718.1549,
  "t_22" : -0.10164077,
  "t_02" : 0.95151174,
  "center_depth" : 1.3136958
}