{
  "width" : 1024,
  "t_22" : -0.10716498,
  "height" : 768,
  "t_21" : -0.9928336,
  "center_depth" : 1.2354007,
  "t_23" : -1.4130781,
  "t_10" : -0.95280695,
  "cy" : 384.24075,
  "t_03" : 1.255515,
  "angular_velocity" : 3.4028235e+38,
  "t_11" : 0.018043619,
  "t_20" : -0.052885424,
  "cx" : 515.221,
  "t_02" : 0.9469329,
  "fy" : 718.33276,
  "t_00" : 0.29893482,
  "fx" : 718.33276,
  "blur_score" : 1051.0107,
  "t_12" : 0.30304015,
  "t_13" : -0.05812398,
  "timestamp" : 61275449791,
  "manual_keyframe" : false,
  "t_01" : -0.118133925
}