{
  "t_01" : -0.99394125,
  "blur_score" : 1259.354,
  "cy" : 384.0093,
  "t_00" : 0.030044012,
  "t_03" : 0.15454304,
  "cx" : 515.4026,
  "fy" : 716.9114,
  "t_12" : 0.25090158,
  "t_02" : 0.10572623,
  "fx" : 716.9114,
  "t_10" : -0.96800923,
  "t_20" : -0.24910957,
  "t_22" : -0.9622215,
  "t_23" : -2.338217,
  "angular_velocity" : 3.4028235e+38,
  "height" : 768,
  "timestamp" : 61286583744,
  "t_11" : -0.0025715823,
  "t_13" : -0.14317463,
  "t_21" : -0.109882034,
  "width" : 1024,
  "manual_keyframe" : false
}