{
  "t_10" : -0.96523374,
  "t_22" : -0.9305086,
  "height" : 768,
  "t_03" : -0.24584024,
  "cx" : 515.3463,
  "cy" : 383.95236,
  "t_01" : -0.9586049,
  "t_02" : -0.28106692,
  "fx" : 717.4562,
  "t_23" : -2.2627912,
  "angular_velocity" : 3.4028235e+38,
  "center_depth" : 2.2108035,
  "t_13" : -0.4090233,
  "t_12" : 0.23485035,
  "timestamp" : 61288883872,
  "width" : 1024,
  "manual_keyframe" : false,
  "t_11" : -0.11475685,
  "t_20" : -0.25738308,
  "blur_score" : 1134.6052,
  "t_00" : 0.045582555,
  "t_21" : 0.26059023,
  "fy" : 717.4562
}