{
  "timestamp" : 61280483405,
  "t_23" : -2.1487625,
  "cx" : 515.4508,
  "cy" : 384.47336,
  "t_10" : -0.9904864,
  "t_12" : 0.020571692,
  "angular_velocity" : 3.4028235e+38,
  "t_13" : 0.18492118,
  "t_03" : 0.86466295,
  "t_00" : -0.08107611,
  "manual_keyframe" : false,
  "t_20" : -0.11119115,
  "fy" : 717.24646,
  "width" : 1024,
  "t_01" : -0.69779646,
  "t_21" : -0.7032541,
  "t_22" : -0.70218945,
  "blur_score" : 1245.8708,
  "t_11" : 0.13606475,
  "height" : 768,
  "fx" : 717.24646,
  "t_02" : 0.7116928
}