{
  "t_13" : 0.26507103,
  "t_20" : -0.3258151,
  "cx" : 515.45087,
  "t_21" : -0.48443088,
  "t_11" : 0.13521019,
  "t_22" : -0.81189346,
  "t_23" : -2.2134557,
  "angular_velocity" : 3.4028235e+38,
  "blur_score" : 1194.6365,
  "width" : 1024,
  "height" : 768,
  "t_01" : -0.8643175,
  "t_12" : 0.2984722,
  "t_02" : 0.50174016,
  "cy" : 384.493,
  "t_00" : 0.034812897,
  "t_03" : 0.5156749,
  "t_10" : -0.9447924,
  "fx" : 717.8198,
  "timestamp" : 61282483515,
  "fy" : 717.8198,
  "manual_keyframe" : false
}