{
  "t_13" : 0.10561604,
  "width" : 1024,
  "center_depth" : 0.76799303,
  "cx" : 515.38763,
  "timestamp" : 61291550686,
  "t_02" : -0.46519372,
  "t_01" : -0.8837591,
  "cy" : 384.21274,
  "t_23" : -1.9807149,
  "height" : 768,
  "t_11" : 0.026592702,
  "t_22" : -0.8832989,
  "angular_velocity" : 3.4028235e+38,
  "manual_keyframe" : false,
  "t_00" : -0.050640557,
  "t_12" : 0.058116604,
  "fx" : 717.8405,
  "t_20" : -0.03899032,
  "t_21" : 0.4671858,
  "blur_score" : 1029.7395,
  "t_03" : -0.7654715,
  "t_10" : -0.9979555,
  "fy" : 717.8405
}