{
  "width" : 1024,
  "t_02" : -0.70417064,
  "t_23" : -2.0119677,
  "manual_keyframe" : false,
  "t_21" : 0.73580855,
  "fy" : 734.68823,
  "t_22" : -0.6541569,
  "height" : 768,
  "timestamp" : 61290217279,
  "t_10" : -0.9609877,
  "t_12" : 0.27608365,
  "cx" : 515.08167,
  "t_01" : -0.67698234,
  "cy" : 384.02277,
  "t_20" : -0.175112,
  "t_03" : -0.434001,
  "t_11" : 0.016745597,
  "t_13" : -0.15666045,
  "blur_score" : 162.97998,
  "center_depth" : 1.2226161,
  "fx" : 734.68823,
  "t_00" : -0.21409896,
  "angular_velocity" : 3.4028235e+38
}