{
  "fy" : 717.82623,
  "cx" : 515.2317,
  "fx" : 717.82623,
  "t_10" : -0.93814915,
  "t_23" : -1.5657618,
  "t_13" : 0.31439713,
  "t_11" : 0.15026718,
  "cy" : 384.4207,
  "t_22" : -0.35078275,
  "t_12" : 0.31192297,
  "t_03" : -1.0558003,
  "blur_score" : 1018.0316,
  "manual_keyframe" : false,
  "height" : 768,
  "t_01" : -0.31870872,
  "t_00" : -0.34462908,
  "t_20" : 0.033270508,
  "t_02" : -0.88298094,
  "t_21" : 0.9358655,
  "angular_velocity" : 3.4028235e+38,
  "timestamp" : 61294750860,
  "width" : 1024
}