{
  "height" : 768,
  "fx" : 719.77966,
  "t_13" : 0.24928893,
  "t_21" : 0.7574941,
  "cx" : 515.31586,
  "t_22" : -0.6340085,
  "t_02" : -0.7020978,
  "angular_velocity" : 3.4028235e+38,
  "cy" : 384.2619,
  "width" : 1024,
  "t_23" : -1.8641574,
  "t_20" : -0.15567796,
  "timestamp" : 61293250779,
  "t_01" : -0.64821726,
  "t_03" : -1.0448877,
  "t_00" : -0.29474184,
  "t_12" : 0.32417846,
  "manual_keyframe" : false,
  "fy" : 719.77966,
  "t_11" : 0.07756771,
  "t_10" : -0.9428105,
  "blur_score" : 828.90356
}