{
  "t_11" : -0.0382495,
  "t_01" : 0.2557809,
  "cy" : 383.91718,
  "t_13" : -0.17402332,
  "fy" : 719.2603,
  "t_02" : -0.91949105,
  "t_22" : 0.25530806,
  "t_21" : 0.96597767,
  "manual_keyframe" : false,
  "t_03" : -0.9335401,
  "t_10" : -0.95351094,
  "fx" : 719.2603,
  "width" : 1024,
  "blur_score" : 703.9848,
  "cx" : 515.4805,
  "t_00" : -0.2985165,
  "t_20" : 0.04128825,
  "angular_velocity" : 3.4028235e+38,
  "height" : 768,
  "t_23" : -1.0157627,
  "timestamp" : 61299084430,
  "t_12" : 0.29892105
}