{
  "t_02" : 0.6632115,
  "t_23" : -0.8635793,
  "cy" : 384.42703,
  "fx" : 732.21387,
  "t_22" : -0.49021074,
  "angular_velocity" : 3.4028235e+38,
  "t_01" : -0.65816396,
  "t_00" : 0.35632953,
  "width" : 1024,
  "height" : 768,
  "timestamp" : 60322661427,
  "blur_score" : 299.02927,
  "cx" : 514.61615,
  "t_12" : 0.5655474,
  "fy" : 732.21387,
  "t_03" : -0.59183764,
  "t_20" : -0.4576903,
  "t_13" : 0.084651716,
  "manual_keyframe" : false,
  "t_11" : 0.1288689,
  "t_21" : -0.7417636,
  "t_10" : -0.81458503
}