{
  "fx" : 729.031,
  "t_12" : 0.47070262,
  "cx" : 515.1065,
  "t_13" : 0.03161109,
  "t_10" : -0.8808937,
  "fy" : 729.031,
  "blur_score" : 208.96553,
  "t_21" : -0.99621445,
  "t_22" : -0.039672457,
  "t_20" : -0.077350095,
  "t_01" : -0.07135611,
  "t_00" : 0.466951,
  "t_02" : 0.8813995,
  "angular_velocity" : 3.4028235e+38,
  "width" : 1024,
  "manual_keyframe" : false,
  "t_11" : 0.049651287,
  "t_03" : -0.34430173,
  "t_23" : -0.39278352,
  "cy" : 384.3174,
  "height" : 768,
  "timestamp" : 60328728423
}