{
  "fy" : 729.63934,
  "cy" : 384.262,
  "t_10" : -0.91763407,
  "t_00" : 0.39705622,
  "t_13" : -0.042023532,
  "t_21" : -0.9842233,
  "t_20" : 0.01714854,
  "blur_score" : 236.47871,
  "center_depth" : 0.48828125,
  "fx" : 729.63934,
  "manual_keyframe" : false,
  "t_02" : 0.9022232,
  "t_23" : -0.24315037,
  "t_22" : 0.17609745,
  "t_11" : 0.054448754,
  "t_12" : 0.3936788,
  "t_01" : 0.16834396,
  "angular_velocity" : 3.4028235e+38,
  "height" : 768,
  "t_03" : -0.3971741,
  "cx" : 515.1739,
  "width" : 1024,
  "timestamp" : 60329545134
}