{
  "cy" : 384.28735,
  "t_03" : -0.7126912,
  "timestamp" : 60334795421,
  "t_02" : 0.32887223,
  "fx" : 733.6623,
  "t_20" : 0.47264972,
  "t_12" : 0.562816,
  "t_00" : 0.3171825,
  "t_10" : -0.8221908,
  "angular_velocity" : 3.4028235e+38,
  "t_11" : 0.085091196,
  "t_22" : 0.75834125,
  "width" : 1024,
  "manual_keyframe" : false,
  "height" : 768,
  "t_01" : 0.88951594,
  "cx" : 514.9943,
  "fy" : 733.6623,
  "t_21" : -0.44891107,
  "blur_score" : 293.88242,
  "t_23" : 0.083199754,
  "t_13" : -0.045042902
}