{
  "t_23" : 0.16669814,
  "t_01" : 0.9947612,
  "t_20" : 0.53323394,
  "t_03" : -1.0380293,
  "fy" : 735.63965,
  "t_10" : -0.8426473,
  "manual_keyframe" : false,
  "t_02" : -0.06959356,
  "angular_velocity" : 3.4028235e+38,
  "t_00" : 0.074880034,
  "width" : 1024,
  "cx" : 514.8885,
  "t_12" : 0.5290153,
  "fx" : 735.63965,
  "height" : 768,
  "timestamp" : 60337912258,
  "t_21" : 0.019030148,
  "blur_score" : 137.03609,
  "cy" : 384.15646,
  "t_13" : -0.003387658,
  "t_11" : 0.10043971,
  "t_22" : 0.8457538
}