{
  "t_11" : 0.035103083,
  "t_13" : -0.026757877,
  "t_10" : -0.8277326,
  "t_01" : 0.9935019,
  "cy" : 384.11334,
  "t_22" : 0.8254996,
  "angular_velocity" : 3.4028235e+38,
  "fy" : 734.8185,
  "height" : 768,
  "timestamp" : 60337412230,
  "t_20" : 0.5539212,
  "manual_keyframe" : false,
  "fx" : 734.8185,
  "t_12" : 0.56002355,
  "t_23" : 0.10723354,
  "t_02" : 0.07017242,
  "t_21" : -0.10826766,
  "width" : 1024,
  "t_03" : -0.96842873,
  "t_00" : 0.089610055,
  "blur_score" : 195.77611,
  "cx" : 514.8049
}