{
  "fx" : 730.4954,
  "t_21" : -0.768343,
  "angular_velocity" : 3.4028235e+38,
  "t_13" : -0.15060987,
  "timestamp" : 60332011935,
  "width" : 1024,
  "t_20" : 0.12161936,
  "manual_keyframe" : false,
  "blur_score" : 351.2799,
  "cx" : 515.3789,
  "t_10" : -0.9179994,
  "height" : 768,
  "cy" : 384.49023,
  "t_02" : 0.6866472,
  "t_12" : 0.36559233,
  "t_03" : -0.53576815,
  "fy" : 730.4954,
  "t_23" : -0.0011062175,
  "t_11" : 0.15368582,
  "t_22" : 0.62837726,
  "t_01" : 0.62131304,
  "t_00" : 0.37747297
}