{
  "t_13" : 0.007442644,
  "t_01" : 0.9753888,
  "t_20" : 0.4828752,
  "t_23" : 0.15240301,
  "cy" : 384.41583,
  "angular_velocity" : 3.4028235e+38,
  "cx" : 515.01746,
  "fy" : 733.9656,
  "timestamp" : 60338528958,
  "blur_score" : 152.00064,
  "t_12" : 0.49848327,
  "t_03" : -1.1056198,
  "t_21" : 0.21972348,
  "width" : 1024,
  "t_10" : -0.866704,
  "t_22" : 0.8476752,
  "t_02" : -0.18155222,
  "height" : 768,
  "fx" : 733.9656,
  "manual_keyframe" : false,
  "t_00" : -0.12512241,
  "t_11" : -0.018396134
}