{
  "fx" : 734.8153,
  "t_00" : 0.3198948,
  "t_12" : 0.437808,
  "blur_score" : 196.49373,
  "t_23" : -0.010377243,
  "fy" : 734.8153,
  "t_13" : -0.123961024,
  "t_22" : 0.75612545,
  "t_21" : -0.5751736,
  "t_11" : 0.0900369,
  "t_10" : -0.89454883,
  "timestamp" : 60334162053,
  "cy" : 384.37524,
  "cx" : 515.2462,
  "t_03" : -0.68114805,
  "t_02" : 0.48641407,
  "t_20" : 0.31216958,
  "angular_velocity" : 3.4028235e+38,
  "width" : 1024,
  "t_01" : 0.8130614,
  "height" : 768,
  "manual_keyframe" : false
}