{
  "fy" : 733.62573,
  "t_23" : 0.11731307,
  "cy" : 383.79834,
  "angular_velocity" : 3.4028235e+38,
  "height" : 768,
  "t_22" : 0.78245056,
  "t_10" : -0.84651434,
  "fx" : 733.62573,
  "t_11" : -0.110911235,
  "t_20" : 0.42118433,
  "t_13" : 0.004671758,
  "t_02" : -0.34155378,
  "cx" : 514.9547,
  "t_03" : -1.1824814,
  "t_21" : 0.45866668,
  "t_00" : -0.32560316,
  "blur_score" : 161.88234,
  "width" : 1024,
  "timestamp" : 60339012317,
  "t_01" : 0.88165975,
  "t_12" : 0.52068436,
  "manual_keyframe" : false
}