{
  "cy" : 383.93472,
  "angular_velocity" : 3.4028235e+38,
  "height" : 768,
  "t_02" : -0.67095655,
  "manual_keyframe" : false,
  "t_03" : -1.3900087,
  "t_01" : 0.54963976,
  "t_20" : 0.3372791,
  "timestamp" : 60343945918,
  "t_23" : -0.19381957,
  "t_10" : -0.79908025,
  "t_12" : 0.6011373,
  "cx" : 514.6753,
  "fx" : 737.952,
  "t_21" : 0.83533925,
  "width" : 1024,
  "t_22" : 0.43411,
  "t_00" : -0.49770847,
  "t_13" : -0.13334948,
  "t_11" : 0.010239423,
  "fy" : 737.952,
  "blur_score" : 261.99915
}