{
  "t_12" : 0.33324724,
  "manual_keyframe" : false,
  "t_20" : -0.053853706,
  "fy" : 735.673,
  "height" : 768,
  "t_03" : -1.4820498,
  "t_01" : -0.22615156,
  "angular_velocity" : 3.4028235e+38,
  "t_11" : 0.023467975,
  "cx" : 515.1556,
  "t_23" : -0.5015563,
  "center_depth" : 0.49233127,
  "t_00" : -0.3297033,
  "timestamp" : 60347296100,
  "t_21" : 0.9738095,
  "fx" : 735.673,
  "blur_score" : 177.70639,
  "cy" : 384.25845,
  "t_02" : -0.91659766,
  "t_13" : -0.07458697,
  "t_10" : -0.9425473,
  "t_22" : -0.22089602,
  "width" : 1024
}