{
  "t_10" : -0.927735,
  "t_20" : 0.041562084,
  "t_00" : -0.37091836,
  "manual_keyframe" : false,
  "timestamp" : 60346846076,
  "cx" : 515.1493,
  "t_12" : 0.36504734,
  "t_23" : -0.44057024,
  "fx" : 737.4264,
  "height" : 768,
  "t_13" : -0.07531764,
  "t_22" : -0.10602989,
  "blur_score" : 140.90007,
  "t_03" : -1.4626558,
  "angular_velocity" : 3.4028235e+38,
  "cy" : 384.21277,
  "width" : 1024,
  "t_11" : 0.07777052,
  "t_01" : -0.08319548,
  "fy" : 737.4264,
  "center_depth" : 0.45923883,
  "t_02" : -0.9249315,
  "t_21" : 0.993494
}