{
  "fx" : 739.1829,
  "cx" : 514.8677,
  "cy" : 384.20297,
  "t_11" : 0.10954711,
  "t_21" : 0.9657407,
  "t_22" : 0.12995966,
  "height" : 768,
  "width" : 1024,
  "t_03" : -1.4982094,
  "t_13" : -0.10824498,
  "timestamp" : 60344729294,
  "manual_keyframe" : false,
  "center_depth" : 0.3987822,
  "t_00" : -0.5463857,
  "blur_score" : 208.72423,
  "t_23" : -0.26659375,
  "t_01" : 0.23525394,
  "t_20" : 0.22462295,
  "t_10" : -0.80685014,
  "t_12" : 0.58051026,
  "angular_velocity" : 3.4028235e+38,
  "fy" : 739.1829,
  "t_02" : -0.8038148
}