{
  "t_11" : -0.019974487,
  "t_03" : -1.3776721,
  "fy" : 730.47955,
  "timestamp" : 60354913182,
  "t_20" : -0.13758834,
  "t_13" : -0.23657782,
  "t_01" : -0.5787328,
  "t_12" : 0.21014142,
  "height" : 768,
  "t_00" : -0.16008703,
  "t_02" : -0.79965043,
  "angular_velocity" : 3.4028235e+38,
  "cx" : 515.4059,
  "fx" : 730.47955,
  "t_23" : -0.79979026,
  "manual_keyframe" : false,
  "t_22" : -0.56249446,
  "t_10" : -0.977467,
  "blur_score" : 211.71263,
  "t_21" : 0.81527275,
  "cy" : 383.8553,
  "center_depth" : 0.4217577,
  "width" : 1024
}