{
  "t_13" : 0.1218819,
  "cy" : 383.63037,
  "width" : 1024,
  "t_10" : -0.8642144,
  "t_12" : 0.50312364,
  "t_02" : 0.08597864,
  "angular_velocity" : 3.4028235e+38,
  "timestamp" : 60365380419,
  "cx" : 513.9101,
  "t_01" : -0.99506,
  "fy" : 729.849,
  "t_03" : -0.842682,
  "t_00" : 0.04963396,
  "t_22" : -0.859927,
  "t_21" : -0.09927601,
  "t_23" : -0.97588646,
  "t_20" : -0.5006696,
  "height" : 768,
  "manual_keyframe" : false,
  "center_depth" : 0.49190018,
  "fx" : 729.849,
  "t_11" : 0.00036533177,
  "blur_score" : 183.01416
}