{
  "t_03" : -1.1566889,
  "t_10" : -0.96585333,
  "t_20" : 0.012700461,
  "t_01" : -0.7808274,
  "t_23" : -0.99963295,
  "t_00" : -0.25877815,
  "t_02" : -0.56863236,
  "width" : 1024,
  "blur_score" : 140.0926,
  "cy" : 384.5665,
  "height" : 768,
  "manual_keyframe" : false,
  "t_22" : -0.81029594,
  "t_21" : 0.5858835,
  "fx" : 735.5968,
  "t_11" : 0.21690872,
  "fy" : 735.5968,
  "cx" : 515.25635,
  "angular_velocity" : 3.4028235e+38,
  "t_13" : -0.119718,
  "t_12" : 0.14169694,
  "timestamp" : 60361613547
}