{
  "cy" : 384.0783,
  "blur_score" : 248.32729,
  "t_13" : 0.09348537,
  "fx" : 729.89343,
  "width" : 1024,
  "t_12" : 0.50366163,
  "t_10" : -0.86133665,
  "t_21" : 0.18771972,
  "t_22" : -0.8415166,
  "manual_keyframe" : false,
  "fy" : 729.89343,
  "timestamp" : 60363546986,
  "t_03" : -0.92068744,
  "t_00" : -0.038573712,
  "t_23" : -1.0264633,
  "t_11" : -0.06651501,
  "t_20" : -0.50656825,
  "angular_velocity" : 3.4028235e+38,
  "height" : 768,
  "cx" : 515.1847,
  "t_01" : -0.979968,
  "t_02" : -0.19538419
}