{
  "fy" : 730.56525,
  "angular_velocity" : 3.4028235e+38,
  "cy" : 384.0037,
  "t_22" : -0.93487877,
  "width" : 1024,
  "t_00" : -0.06846636,
  "t_12" : 0.31616488,
  "t_23" : -0.9853132,
  "t_01" : -0.98451567,
  "t_20" : -0.33019724,
  "height" : 768,
  "timestamp" : 60365780441,
  "t_03" : -0.7896435,
  "fx" : 730.56525,
  "t_02" : 0.16137373,
  "t_13" : -0.040849257,
  "blur_score" : 103.22649,
  "t_10" : -0.94142556,
  "t_21" : -0.13027474,
  "manual_keyframe" : false,
  "cx" : 514.9595,
  "t_11" : 0.11729289
}