{
  "t_20" : 0.5858523,
  "timestamp" : 60377464409,
  "t_21" : -0.56261307,
  "t_02" : 0.56403404,
  "t_03" : -0.5390457,
  "t_10" : -0.7837268,
  "cx" : 514.62665,
  "t_13" : 0.077396065,
  "t_22" : 0.58330405,
  "blur_score" : 409.55576,
  "t_23" : 0.06870668,
  "height" : 768,
  "angular_velocity" : 3.4028235e+38,
  "cy" : 383.23834,
  "fy" : 726.14526,
  "width" : 1024,
  "t_00" : 0.20627491,
  "t_01" : 0.7995726,
  "fx" : 726.14526,
  "t_11" : -0.21011966,
  "manual_keyframe" : false,
  "t_12" : 0.58448434
}