{
  "t_12" : 0.6174543,
  "t_22" : -0.70189553,
  "t_13" : 0.1066149,
  "t_00" : 0.46995455,
  "t_01" : -0.80811507,
  "angular_velocity" : 3.4028235e+38,
  "height" : 768,
  "t_21" : -0.56251955,
  "timestamp" : 60370064007,
  "cy" : 384.01318,
  "manual_keyframe" : false,
  "t_10" : -0.76696044,
  "fy" : 736.3051,
  "t_02" : 0.35509527,
  "t_20" : -0.43693748,
  "t_23" : -0.65241027,
  "t_03" : -0.7867719,
  "t_11" : -0.17470455,
  "cx" : 515.3444,
  "blur_score" : 92.753456,
  "width" : 1024,
  "fx" : 736.3051
}