{
  "fx" : 729.3106,
  "t_02" : -0.19797266,
  "fy" : 729.3106,
  "t_00" : -0.27148637,
  "t_12" : 0.54075575,
  "angular_velocity" : 3.4028235e+38,
  "height" : 768,
  "width" : 1024,
  "timestamp" : 60379697863,
  "t_20" : 0.48435953,
  "t_13" : -0.010928257,
  "t_01" : 0.94186103,
  "cy" : 383.49142,
  "cx" : 515.045,
  "t_10" : -0.8316796,
  "t_21" : 0.31145766,
  "t_23" : 0.21264231,
  "t_03" : -1.0954462,
  "t_22" : 0.8175513,
  "blur_score" : 317.2756,
  "t_11" : -0.1260641,
  "center_depth" : 0.3966385,
  "manual_keyframe" : false
}