{
  "timestamp" : 60372530807,
  "t_10" : -0.57434916,
  "fy" : 734.8153,
  "t_20" : -0.48747635,
  "angular_velocity" : 3.4028235e+38,
  "cy" : 383.4364,
  "cx" : 514.0763,
  "t_02" : 0.28042552,
  "t_13" : 0.14494158,
  "t_21" : -0.67877597,
  "t_12" : 0.7872302,
  "t_03" : -0.7883383,
  "width" : 1024,
  "manual_keyframe" : false,
  "t_00" : 0.6576396,
  "center_depth" : 0.30047557,
  "t_11" : -0.2244805,
  "t_23" : -0.6097096,
  "height" : 768,
  "t_22" : -0.54920864,
  "blur_score" : 114.035866,
  "t_01" : -0.69919366,
  "fx" : 734.8153
}