{
  "t_03" : -1.1720933,
  "t_21" : 0.38441592,
  "t_13" : 0.00046614613,
  "t_22" : 0.7928875,
  "fy" : 730.20154,
  "t_10" : -0.8082797,
  "cy" : 383.48203,
  "t_23" : 0.1390698,
  "blur_score" : 234.40004,
  "center_depth" : 0.43049183,
  "width" : 1024,
  "height" : 768,
  "manual_keyframe" : false,
  "angular_velocity" : 3.4028235e+38,
  "timestamp" : 60379964544,
  "fx" : 730.20154,
  "t_00" : -0.350899,
  "cx" : 514.88654,
  "t_12" : 0.5639878,
  "t_01" : 0.90753675,
  "t_02" : -0.23075329,
  "t_11" : -0.16911991,
  "t_20" : 0.47281474
}