{
  "t_01" : -0.6605581,
  "t_12" : 0.43043,
  "fx" : 730.5939,
  "t_00" : -0.24057573,
  "blur_score" : 167.54858,
  "t_23" : -0.7780588,
  "t_03" : -1.2339333,
  "height" : 768,
  "cy" : 383.51923,
  "t_22" : -0.55582696,
  "angular_velocity" : 3.4028235e+38,
  "width" : 1024,
  "t_20" : -0.3828815,
  "t_13" : 0.050378766,
  "fy" : 730.5939,
  "cx" : 514.9737,
  "t_21" : 0.7378741,
  "manual_keyframe" : false,
  "t_02" : -0.7111866,
  "timestamp" : 60384198106,
  "t_10" : -0.89192206,
  "t_11" : -0.13858171
}