{
  "t_22" : 0.27530986,
  "t_13" : 0.039541792,
  "fx" : 730.74786,
  "t_02" : -0.78654957,
  "fy" : 730.74786,
  "t_23" : -0.22496922,
  "angular_velocity" : 3.4028235e+38,
  "cx" : 514.90533,
  "t_03" : -1.4478843,
  "t_11" : -0.16148481,
  "t_21" : 0.96134824,
  "timestamp" : 60381564631,
  "blur_score" : 191.84584,
  "height" : 768,
  "manual_keyframe" : false,
  "t_10" : -0.81754416,
  "cy" : 383.43918,
  "t_20" : -0.0037462409,
  "t_01" : 0.2230073,
  "t_00" : -0.5758536,
  "t_12" : 0.5527603,
  "width" : 1024
}