{
  "t_22" : -0.76037854,
  "t_12" : 0.36477074,
  "t_10" : -0.93067,
  "t_00" : -0.18568431,
  "blur_score" : 218.03131,
  "fy" : 732.3584,
  "t_03" : -1.1891526,
  "width" : 1024,
  "t_01" : -0.82265097,
  "t_11" : -0.028209085,
  "cx" : 514.9555,
  "fx" : 732.3584,
  "t_20" : -0.3152377,
  "t_13" : 0.049240734,
  "cy" : 383.6687,
  "t_21" : 0.5678468,
  "center_depth" : 0.394849,
  "height" : 768,
  "angular_velocity" : 3.4028235e+38,
  "timestamp" : 60384631462,
  "t_02" : -0.5373705,
  "t_23" : -0.87609375,
  "manual_keyframe" : false
}