{
  "manual_keyframe" : false,
  "t_03" : -0.63171387,
  "t_10" : -0.7938502,
  "cx" : 515.2378,
  "fx" : 735.1028,
  "timestamp" : 60387664959,
  "t_22" : -0.6171038,
  "blur_score" : 95.96496,
  "t_21" : -0.60719883,
  "t_00" : 0.3454119,
  "t_01" : -0.7936654,
  "t_23" : -0.6460446,
  "fy" : 735.1028,
  "t_13" : 0.09201561,
  "t_11" : 0.03748434,
  "angular_velocity" : 3.4028235e+38,
  "height" : 768,
  "t_12" : 0.6069571,
  "cy" : 383.986,
  "t_02" : 0.50078547,
  "t_20" : -0.50049245,
  "width" : 1024
}