{
  "t_02" : -0.81458217,
  "t_20" : -0.07320161,
  "cx" : 514.9125,
  "t_13" : 0.044755302,
  "t_23" : -0.28873718,
  "angular_velocity" : 3.4028235e+38,
  "t_11" : -0.18265341,
  "blur_score" : 196.56476,
  "t_12" : 0.5372713,
  "fy" : 730.70184,
  "height" : 768,
  "cy" : 383.48572,
  "t_22" : 0.2186214,
  "t_01" : 0.14068241,
  "width" : 1024,
  "t_00" : -0.5627294,
  "t_10" : -0.8233937,
  "timestamp" : 60381764642,
  "manual_keyframe" : false,
  "fx" : 730.70184,
  "t_03" : -1.4492172,
  "t_21" : 0.9730603
}