{
  "t_11" : -0.1760868,
  "t_02" : 0.41862318,
  "t_23" : -0.5444365,
  "t_13" : 0.17037152,
  "manual_keyframe" : false,
  "t_22" : -0.59717435,
  "blur_score" : 52.97835,
  "height" : 768,
  "t_00" : 0.5788346,
  "timestamp" : 60388498337,
  "t_03" : -0.7283915,
  "t_10" : -0.7077118,
  "fx" : 739.15906,
  "fy" : 739.15906,
  "t_20" : -0.40508595,
  "cx" : 514.27094,
  "t_01" : -0.6997894,
  "t_21" : -0.69230646,
  "center_depth" : 1.4910616,
  "t_12" : 0.6842057,
  "width" : 1024,
  "angular_velocity" : 3.4028235e+38,
  "cy" : 384.17267
}