{
  "t_10" : -0.8431017,
  "fy" : 731.6659,
  "blur_score" : 162.55554,
  "t_00" : -0.5259437,
  "cy" : 383.5195,
  "t_01" : 0.43855268,
  "t_21" : 0.8850776,
  "t_02" : -0.728735,
  "t_20" : 0.11208379,
  "height" : 768,
  "t_12" : 0.5146556,
  "manual_keyframe" : false,
  "t_03" : -1.4365158,
  "t_11" : -0.15591377,
  "t_23" : -0.08553253,
  "timestamp" : 60381164609,
  "t_13" : 0.04657556,
  "angular_velocity" : 3.4028235e+38,
  "fx" : 731.6659,
  "width" : 1024,
  "center_depth" : 0.48819333,
  "t_22" : 0.45174646,
  "cx" : 514.7842
}