{
  "fy" : 730.902,
  "t_03" : -1.2239419,
  "manual_keyframe" : false,
  "t_11" : -0.18892534,
  "t_20" : 0.44292727,
  "t_02" : -0.27325842,
  "fx" : 730.902,
  "t_00" : -0.39803636,
  "cx" : 514.8421,
  "cy" : 383.57846,
  "t_21" : 0.4443088,
  "blur_score" : 210.08717,
  "t_01" : 0.8757266,
  "t_23" : 0.087530255,
  "timestamp" : 60380197890,
  "width" : 1024,
  "t_10" : -0.803357,
  "angular_velocity" : 3.4028235e+38,
  "t_13" : 0.013739411,
  "height" : 768,
  "t_12" : 0.56473416,
  "t_22" : 0.77872026
}