{
  "t_21" : -0.5999118,
  "blur_score" : 79.62551,
  "manual_keyframe" : false,
  "height" : 768,
  "cx" : 514.30444,
  "angular_velocity" : 3.4028235e+38,
  "t_11" : -0.2767839,
  "t_01" : -0.75066406,
  "cy" : 383.2657,
  "t_02" : 0.36509982,
  "t_00" : 0.5506411,
  "t_13" : 0.19895875,
  "t_03" : -0.8298587,
  "width" : 1024,
  "timestamp" : 60388998364,
  "t_12" : 0.5829933,
  "fx" : 731.7533,
  "fy" : 731.7533,
  "t_23" : -0.5745223,
  "t_22" : -0.72582424,
  "t_20" : -0.33657843,
  "t_10" : -0.76387775
}