{"cx":514.7147,"cy":384.81836,"fx":723.8159365895056,"fy":723.8159365895056,"t_12":0.4416124224662781,"t_02":-0.8768128752708435,"t_22":0.19020415842533112,"t_21":0.9690735340118408,"t_11":0.0585748590528965,"t_01":0.23971955478191376,"t_20":0.15722233057022095,"t_10":-0.895291805267334,"t_00":-0.4168137311935425,"t_23":0.5467159152030945,"t_03":1.1570920944213867,"t_13":-0.07605726271867752,"timestamp":56314219162,"width":1024,"height":768,"blur_score":1000.1005,"manual_keyframe":false,"neighbors":[56317902812,56318769554,56314152489,56347872004,56347605316,56348005349,56347088606,56347205282,56346638569,56319869649]}