{"cx":514.8593,"cy":384.87265,"fx":720.8801629014746,"fy":720.8801629014746,"t_12":0.2571903169155121,"t_02":0.9124042391777039,"t_22":0.31838908791542053,"t_21":-0.9475905299186707,"t_11":0.0594746358692646,"t_01":0.31390273571014404,"t_20":0.026467831805348396,"t_10":-0.9645288586616516,"t_00":0.26264718174934387,"t_23":0.6382981538772583,"t_03":2.2821688652038574,"t_13":-0.11193578690290451,"timestamp":56328920422,"width":1024,"height":768,"blur_score":632.0604,"manual_keyframe":false,"neighbors":[56328003677,56330420548,56326686899,56358156178,56357156097,56356106012,56356722728,56330987263,56355072595,56325820158]}