{"cx":514.8124,"cy":384.70227,"fx":722.6390497104826,"fy":722.6390497104826,"t_12":0.27584192156791687,"t_02":0.5254923105239868,"t_22":0.8048410415649414,"t_21":-0.5702535510063171,"t_11":0.11409376561641693,"t_01":0.8135069012641907,"t_20":0.16444392502307892,"t_10":-0.9544075727462769,"t_00":0.24912719428539276,"t_23":0.8784894347190857,"t_03":1.996187448501587,"t_13":-0.06005020812153816,"timestamp":56325820158,"width":1024,"height":768,"blur_score":573.6447,"manual_keyframe":false,"neighbors":[56325236775,56326686899,56328003677,56354539218,56354089181,56354022509,56324253358,56355072595,56356106012,56328920422]}