{"cx":515.1291,"cy":384.8213,"fx":723.203470941041,"fy":723.203470941041,"t_12":0.29920434951782227,"t_02":0.36491915583610535,"t_22":0.881652295589447,"t_21":-0.39371457695961,"t_11":0.040082160383462906,"t_01":0.9183584451675415,"t_20":0.26015010476112366,"t_10":-0.953346848487854,"t_00":0.1531396508216858,"t_23":0.9146309494972229,"t_03":1.9051873683929443,"t_13":-0.11139684915542603,"timestamp":56325236775,"width":1024,"height":768,"blur_score":598.62195,"manual_keyframe":false,"neighbors":[56325820158,56324253358,56326686899,56354089181,56354022509,56352889083,56354539218,56352822411,56352739071,56323219936]}