{"cx":514.97473,"cy":384.82858,"fx":720.6563012853516,"fy":720.6563012853516,"t_12":0.2718712091445923,"t_02":0.8166508674621582,"t_22":0.5090848803520203,"t_21":-0.8573824763298035,"t_11":0.07675155997276306,"t_01":0.5089248418807983,"t_20":0.07568278163671494,"t_10":-0.9592680931091309,"t_00":0.27217066287994385,"t_23":0.7278584241867065,"t_03":2.2258994579315186,"t_13":-0.11095970869064331,"timestamp":56328003677,"width":1024,"height":768,"blur_score":656.3103,"manual_keyframe":false,"neighbors":[56326686899,56328920422,56355072595,56325820158,56357156097,56356722728,56356106012,56330420548,56354539218,56358156178]}