{"cx":515.00476,"cy":384.69458,"fx":723.5584680440091,"fy":723.5584680440091,"t_12":0.22785939276218414,"t_02":0.1788223385810852,"t_22":0.9571325182914734,"t_21":-0.1976272463798523,"t_11":0.06238655000925064,"t_01":0.9782900214195251,"t_20":0.21175646781921387,"t_10":-0.9716933965682983,"t_00":0.10474342107772827,"t_23":0.987882673740387,"t_03":1.777989387512207,"t_13":-0.15521679818630219,"timestamp":56324253358,"width":1024,"height":768,"blur_score":519.03375,"manual_keyframe":false,"neighbors":[56325236775,56323219936,56352739071,56352889083,56352822411,56354022509,56351688985,56352555723,56322653221,56325820158]}