{"cx":514.8814,"cy":384.5574,"fx":723.8287229287218,"fy":723.8287229287218,"t_12":0.31967324018478394,"t_02":-0.546215832233429,"t_22":0.7742462754249573,"t_21":0.5794231295585632,"t_11":-0.010871079750359058,"t_01":0.814954400062561,"t_20":0.25458115339279175,"t_10":-0.9474654793739319,"t_00":-0.19364294409751892,"t_23":0.8310037851333618,"t_03":1.3991217613220215,"t_13":-0.09146194905042648,"timestamp":56320669717,"width":1024,"height":768,"blur_score":564.78687,"manual_keyframe":false,"neighbors":[56321403114,56321236433,56319869649,56318769554,56349172112,56349288788,56348805415,56350722240,56322653221,56349455469]}