{"cx":514.83386,"cy":385.0151,"fx":722.3655932069738,"fy":722.3655932069738,"t_12":0.33290955424308777,"t_02":0.8552640080451965,"t_22":-0.3971079885959625,"t_21":-0.8825339078903198,"t_11":0.11723138391971588,"t_01":-0.455401748418808,"t_20":-0.25187137722969055,"t_10":-0.9356431365013123,"t_00":0.24725042283535004,"t_23":0.10552895814180374,"t_03":2.2094736099243164,"t_13":-0.11818873882293701,"timestamp":56333170780,"width":1024,"height":768,"blur_score":895.4956,"manual_keyframe":false,"neighbors":[56331737326,56331870670,56333770830,56359256266,56360656380,56360139671,56334737578,56360006327,56330987263,56358572878]}