{"cx":515.02295,"cy":384.84842,"fx":724.1053911190102,"fy":724.1053911190102,"t_12":0.31244391202926636,"t_02":0.5086316466331482,"t_22":-0.8022921085357666,"t_21":-0.5119867324829102,"t_11":0.0779239684343338,"t_01":-0.8554515838623047,"t_20":-0.3069152534008026,"t_10":-0.9467347264289856,"t_00":0.09744935482740402,"t_23":-0.07705776393413544,"t_03":1.970381498336792,"t_13":-0.19052691757678986,"timestamp":56335821002,"width":1024,"height":768,"blur_score":775.0237,"manual_keyframe":false,"neighbors":[56334737578,56336337712,56333770830,56337037770,56361439776,56360656380,56361589788,56362923229,56362323181,56360139671]}