{"cx":514.9212,"cy":384.9473,"fx":722.7621207424361,"fy":722.7621207424361,"t_12":0.31930217146873474,"t_02":-0.10037766396999359,"t_22":-0.9423218369483948,"t_21":0.13190463185310364,"t_11":0.07863904535770416,"t_01":-0.9881381988525391,"t_20":-0.3076210618019104,"t_10":-0.9443844556808472,"t_00":-0.11622072756290436,"t_23":-0.19673694670200348,"t_03":1.6692821979522705,"t_13":-0.15772807598114014,"timestamp":56338621236,"width":1024,"height":768,"blur_score":1034.814,"manual_keyframe":false,"neighbors":[56339321294,56337037770,56338387883,56363523277,56362923229,56340104693,56364423350,56363823301,56365106738,56336337712]}