{"cx":514.9557,"cy":385.01956,"fx":722.399210204331,"fy":722.399210204331,"t_12":0.3043171465396881,"t_02":0.9071017503738403,"t_22":-0.29078778624534607,"t_21":-0.9322566986083984,"t_11":0.12318859249353409,"t_01":-0.34017932415008545,"t_20":-0.21526698768138885,"t_10":-0.9445716738700867,"t_00":0.2478799670934677,"t_23":0.2558673024177551,"t_03":2.2941884994506836,"t_13":-0.11158043146133423,"timestamp":56331870670,"width":1024,"height":768,"blur_score":815.22534,"manual_keyframe":false,"neighbors":[56333170780,56330987263,56331737326,56333770830,56360006327,56358572878,56359256266,56360139671,56358156178,56330420548]}