{"cx":514.946,"cy":384.90182,"fx":723.5584680440091,"fy":723.5584680440091,"t_12":0.242076113820076,"t_02":0.20147642493247986,"t_22":-0.9491082429885864,"t_21":-0.18000270426273346,"t_11":0.10800427943468094,"t_01":-0.9777188301086426,"t_20":-0.2584426999092102,"t_10":-0.9642272591590881,"t_00":-0.05893339589238167,"t_23":-0.2332577258348465,"t_03":1.7924516201019287,"t_13":-0.1619514524936676,"timestamp":56337037770,"width":1024,"height":768,"blur_score":763.0465,"manual_keyframe":false,"neighbors":[56336337712,56338621236,56338387883,56335821002,56363823301,56362923229,56362323181,56339321294,56363523277,56364423350]}