{"cx":514.85846,"cy":384.86707,"fx":722.7350378664581,"fy":722.7350378664581,"t_12":0.2788991332054138,"t_02":0.9592178463935852,"t_22":-0.04600483924150467,"t_21":-0.9919506311416626,"t_11":0.10064664483070374,"t_01":-0.0768384337425232,"t_20":-0.1179722249507904,"t_10":-0.95503169298172,"t_00":0.2720239460468292,"t_23":0.3626929819583893,"t_03":2.270984649658203,"t_13":-0.13014397025108337,"timestamp":56330987263,"width":1024,"height":768,"blur_score":642.8806,"manual_keyframe":false,"neighbors":[56330420548,56331737326,56331870670,56359256266,56358572878,56328920422,56333170780,56357156097,56358156178,56356722728]}