{"cx":514.7966,"cy":384.88235,"fx":724.2269116814838,"fy":724.2269116814838,"t_12":0.3019309341907501,"t_02":0.3919505476951599,"t_22":-0.8690296411514282,"t_21":-0.3717823028564453,"t_11":0.12418502569198608,"t_01":-0.9199760556221008,"t_20":-0.3264436423778534,"t_10":-0.9452067613601685,"t_00":0.004332111682742834,"t_23":-0.14566157758235931,"t_03":1.8580663204193115,"t_13":-0.17636309564113617,"timestamp":56336337712,"width":1024,"height":768,"blur_score":731.7264,"manual_keyframe":false,"neighbors":[56335821002,56337037770,56338387883,56338621236,56334737578,56361589788,56363523277,56362323181,56361439776,56363823301]}