{"cx":514.96265,"cy":384.96634,"fx":722.3960186535187,"fy":722.3960186535187,"t_12":0.29169192910194397,"t_02":0.9221702218055725,"t_22":-0.25400376319885254,"t_21":-0.9480957388877869,"t_11":0.11349025368690491,"t_01":-0.2970428466796875,"t_20":-0.1913023442029953,"t_10":-0.9497556686401367,"t_00":0.24772492051124573,"t_23":0.2669820785522461,"t_03":2.2992234230041504,"t_13":-0.11340918391942978,"timestamp":56331737326,"width":1024,"height":768,"blur_score":781.7313,"manual_keyframe":false,"neighbors":[56333170780,56330987263,56331870670,56360006327,56359256266,56330420548,56333770830,56360139671,56358156178,56358572878]}