{"cx":515.13715,"cy":384.83466,"fx":724.7146048087604,"fy":724.7146048087604,"t_12":0.25032055377960205,"t_02":-0.8491969704627991,"t_22":0.46497756242752075,"t_21":0.8636661171913147,"t_11":0.08260463178157806,"t_01":0.4972497820854187,"t_20":0.19461944699287415,"t_10":-0.9646326303482056,"t_00":-0.17778408527374268,"t_23":0.646120548248291,"t_03":1.173944354057312,"t_13":-0.18303760886192322,"timestamp":56347605316,"width":1024,"height":768,"blur_score":540.9655,"manual_keyframe":false,"neighbors":[56348005349,56347872004,56347088606,56347205282,56318769554,56317902812,56348805415,56346638569,56314219162,56314152489]}