{"cx":514.97943,"cy":384.88202,"fx":721.5133484602596,"fy":721.5133484602596,"t_12":0.23757216334342957,"t_02":-0.587780237197876,"t_22":-0.7733523845672607,"t_21":0.6160425543785095,"t_11":0.06264352053403854,"t_01":-0.7852180004119873,"t_20":-0.1497253179550171,"t_10":-0.9693478345870972,"t_00":-0.19480007886886597,"t_23":-0.08738315105438232,"t_03":1.31667959690094,"t_13":-0.1257685273885727,"timestamp":56341604818,"width":1024,"height":768,"blur_score":959.55725,"manual_keyframe":false,"neighbors":[56340104693,56339321294,56342704909,56342821586,56341871507,56365106738,56343771665,56364423350,56343955014,56338621236]}