{"cx":514.8397,"cy":384.77008,"fx":723.1987691926836,"fy":723.1987691926836,"t_12":0.30150657892227173,"t_02":-0.5280875563621521,"t_22":0.7938622832298279,"t_21":0.5368953943252563,"t_11":0.06023846194148064,"t_01":0.8414954543113708,"t_20":0.28552761673927307,"t_10":-0.95155930519104,"t_00":-0.11405646055936813,"t_23":0.8120098114013672,"t_03":1.388150930404663,"t_13":-0.16276215016841888,"timestamp":56349172112,"width":1024,"height":768,"blur_score":597.38715,"manual_keyframe":false,"neighbors":[56349288788,56349455469,56348805415,56350722240,56348005349,56321236433,56321403114,56320669717,56350888920,56319869649]}