{"cx":514.8587,"cy":384.81955,"fx":724.7113830539973,"fy":724.7113830539973,"t_12":0.2910600006580353,"t_02":-0.9240763187408447,"t_22":0.2477237731218338,"t_21":0.9507008194923401,"t_11":0.11062752455472946,"t_01":0.2897059917449951,"t_20":0.1865500956773758,"t_10":-0.9502871036529541,"t_00":-0.24930590391159058,"t_23":0.5653387904167175,"t_03":1.1681538820266724,"t_13":-0.2459331899881363,"timestamp":56347088606,"width":1024,"height":768,"blur_score":665.4184,"manual_keyframe":false,"neighbors":[56346638569,56347205282,56347605316,56347872004,56348005349,56344738412,56314219162,56314152489,56369757110,56369540427]}