{"cx":515.0457,"cy":384.88528,"fx":722.3641333493468,"fy":722.3641333493468,"t_12":0.21410895884037018,"t_02":-0.9747738838195801,"t_22":-0.06303329020738602,"t_21":0.9934548139572144,"t_11":0.10668781399726868,"t_01":-0.040807317942380905,"t_20":0.09525927901268005,"t_10":-0.9709660410881042,"t_00":-0.21943245828151703,"t_23":0.25948604941368103,"t_03":1.1206130981445313,"t_13":-0.14633198082447052,"timestamp":56344738412,"width":1024,"height":768,"blur_score":685.32294,"manual_keyframe":false,"neighbors":[56343771665,56343955014,56346638569,56369540427,56347088606,56369457087,56369757110,56342821586,56342704909,56347205282]}