{"cx":515.1434,"cy":384.89746,"fx":723.8015393729074,"fy":723.8015393729074,"t_12":0.30951401591300964,"t_02":-0.9458131194114685,"t_22":0.09817632287740707,"t_21":0.9884897470474243,"t_11":0.07959899306297302,"t_01":0.12865468859672546,"t_20":0.11510620266199112,"t_10":-0.9475574493408203,"t_00":-0.29813671112060547,"t_23":0.47860291600227356,"t_03":1.1348634958267212,"t_13":-0.24809512495994568,"timestamp":56346638569,"width":1024,"height":768,"blur_score":744.2286,"manual_keyframe":false,"neighbors":[56347088606,56347205282,56344738412,56347605316,56343955014,56369757110,56369540427,56347872004,56369457087,56314219162]}