{"cx":515.1076,"cy":384.7772,"fx":721.8107667648195,"fy":721.8107667648195,"t_12":0.2451358288526535,"t_02":-0.9335533380508423,"t_22":-0.2615082859992981,"t_21":0.9648144245147705,"t_11":0.09376880526542664,"t_01":-0.2456430345773697,"t_20":0.027322271838784218,"t_10":-0.9649434089660645,"t_00":-0.2610319256782532,"t_23":0.15992841124534607,"t_03":1.176210880279541,"t_13":-0.19128459692001343,"timestamp":56343955014,"width":1024,"height":768,"blur_score":794.0163,"manual_keyframe":false,"neighbors":[56342821586,56342704909,56344738412,56343771665,56346638569,56368557014,56341871507,56368390334,56367873626,56369540427]}