{"cx":514.9533,"cy":384.78995,"fx":721.5084956921477,"fy":721.5084956921477,"t_12":0.2530723512172699,"t_02":-0.6949148178100586,"t_22":-0.6730882525444031,"t_21":0.7291441559791565,"t_11":0.06992066651582718,"t_01":-0.6807789206504822,"t_20":-0.12369741499423981,"t_10":-0.9649173617362976,"t_00":-0.23158900439739227,"t_23":-0.06226984038949013,"t_03":1.2915070056915283,"t_13":-0.13441242277622223,"timestamp":56341871507,"width":1024,"height":768,"blur_score":987.5759,"manual_keyframe":false,"neighbors":[56340104693,56342821586,56342704909,56341604818,56343771665,56339321294,56343955014,56365106738,56367873626,56367390254]}