{"cx":514.9671,"cy":384.8937,"fx":724.0845503928858,"fy":724.0845503928858,"t_12":0.2938607633113861,"t_02":-0.7765616774559021,"t_22":0.557313084602356,"t_21":0.7800374031066895,"t_11":0.13517221808433533,"t_01":0.6109583973884583,"t_20":0.28450626134872437,"t_10":-0.9462422132492065,"t_00":-0.15388913452625275,"t_23":0.725044310092926,"t_03":1.1996185779571533,"t_13":-0.1346263289451599,"timestamp":56348005349,"width":1024,"height":768,"blur_score":624.974,"manual_keyframe":false,"neighbors":[56347605316,56347872004,56348805415,56349172112,56318769554,56347205282,56319869649,56317902812,56347088606,56349288788]}