{"cx":515.0229,"cy":384.7508,"fx":721.4718079597819,"fy":721.4718079597819,"t_12":0.2338968962430954,"t_02":-0.8197952508926392,"t_22":-0.5227121114730835,"t_21":0.8494052886962891,"t_11":0.060905180871486664,"t_01":-0.5242148637771606,"t_20":-0.0726824551820755,"t_10":-0.9703518748283386,"t_00":-0.23050913214683533,"t_23":-0.028124740347266197,"t_03":1.1956909894943237,"t_13":-0.12075144797563553,"timestamp":56342704909,"width":1024,"height":768,"blur_score":899.5128,"manual_keyframe":false,"neighbors":[56343771665,56343955014,56341871507,56341604818,56342821586,56367873626,56344738412,56340104693,56368390334,56368557014]}