{"cx":514.83734,"cy":384.84668,"fx":724.7705827977707,"fy":724.7705827977707,"t_12":0.26397910714149475,"t_02":-0.9232237339019775,"t_22":0.27923643589019775,"t_21":0.948858380317688,"t_11":0.07162502408027649,"t_01":0.3074697256088257,"t_20":0.14729151129722595,"t_10":-0.9618653059005737,"t_00":-0.23047848045825958,"t_23":0.5831858515739441,"t_03":1.1689690351486206,"t_13":-0.24357105791568756,"timestamp":56347205282,"width":1024,"height":768,"blur_score":619.6282,"manual_keyframe":false,"neighbors":[56346638569,56347088606,56347872004,56347605316,56348005349,56314219162,56314152489,56317902812,56344738412,56318769554]}