{"cx":514.9615,"cy":384.86465,"fx":723.1827006908022,"fy":723.1827006908022,"t_12":0.26888447999954224,"t_02":-0.2828255295753479,"t_22":0.9207121729850769,"t_21":0.27138978242874146,"t_11":0.0796113982796669,"t_01":0.9591712951660156,"t_20":0.2804224193096161,"t_10":-0.9598766565322876,"t_00":0.0003266854037065059,"t_23":0.9212073683738708,"t_03":1.5339864492416382,"t_13":-0.14403562247753143,"timestamp":56350722240,"width":1024,"height":768,"blur_score":592.59344,"manual_keyframe":false,"neighbors":[56350888920,56350955592,56349455469,56349288788,56351688985,56322653221,56349172112,56321236433,56321403114,56320669717]}