{"cx":514.976,"cy":384.91214,"fx":723.2627008887655,"fy":723.2627008887655,"t_12":0.30183812975883484,"t_02":-0.2333308309316635,"t_22":0.9243649244308472,"t_21":0.2156985104084015,"t_11":0.09098535776138306,"t_01":0.9722118377685547,"t_20":0.314680278301239,"t_10":-0.9490075707435608,"t_00":0.018997639417648315,"t_23":0.9219314455986023,"t_03":1.5571985244750977,"t_13":-0.13635575771331787,"timestamp":56350888920,"width":1024,"height":768,"blur_score":607.4312,"manual_keyframe":false,"neighbors":[56350955592,56350722240,56351688985,56349455469,56322653221,56349288788,56321403114,56321236433,56352555723,56323219936]}