{"cx":514.9178,"cy":384.8622,"fx":723.5376575218357,"fy":723.5376575218357,"t_12":0.23045134544372559,"t_02":-0.013252533040940762,"t_22":0.9729936122894287,"t_21":-0.016099512577056885,"t_11":0.12502224743366241,"t_01":0.9920232892036438,"t_20":0.23026996850967407,"t_10":-0.9650189876556396,"t_00":0.12535600364208221,"t_23":0.9465109705924988,"t_03":1.649914264678955,"t_13":-0.13042563199996948,"timestamp":56351688985,"width":1024,"height":768,"blur_score":512.6528,"manual_keyframe":false,"neighbors":[56352739071,56352555723,56352822411,56350888920,56350955592,56352889083,56323219936,56350722240,56324253358,56322653221]}