{"cx":514.725,"cy":385.22046,"fx":722.0810216495323,"fy":722.0810216495323,"t_12":0.35647037625312805,"t_02":0.9040158987045288,"t_22":0.23597489297389984,"t_21":-0.9690049886703491,"t_11":0.15630821883678436,"t_01":0.19130371510982513,"t_20":-0.07311100512742996,"t_10":-0.9211387634277344,"t_00":0.38230636715888977,"t_23":0.5734262466430664,"t_03":2.2685837745666504,"t_13":-0.11030912399291992,"timestamp":56357156097,"width":1024,"height":768,"blur_score":734.61694,"manual_keyframe":false,"neighbors":[56358156178,56356722728,56356106012,56358572878,56328003677,56328920422,56330420548,56355072595,56330987263,56326686899]}