{"cx":514.8714,"cy":385.14255000000003,"fx":722.3465143779857,"fy":722.3465143779857,"t_12":0.28147196769714355,"t_02":0.11989009380340576,"t_22":0.9520503878593445,"t_21":-0.15164002776145935,"t_11":0.09379260987043381,"t_01":0.9839757084846497,"t_20":0.2657167911529541,"t_10":-0.9549745917320251,"t_00":0.13197770714759827,"t_23":0.9658691883087158,"t_03":1.7509746551513672,"t_13":-0.15119655430316925,"timestamp":56352822411,"width":1024,"height":768,"blur_score":599.3056,"manual_keyframe":false,"neighbors":[56352739071,56352889083,56352555723,56351688985,56354022509,56324253358,56323219936,56354089181,56325236775,56350955592]}