{"cx":515.0887,"cy":385.04837,"fx":722.7653928371175,"fy":722.7653928371175,"t_12":0.20885930955410004,"t_02":0.09755263477563858,"t_22":0.9730679988861084,"t_21":-0.13285502791404724,"t_11":0.1622811257839203,"t_01":0.9777598977088928,"t_20":0.1883832961320877,"t_10":-0.9643871784210205,"t_00":0.18565857410430908,"t_23":0.9652854204177856,"t_03":1.7022178173065186,"t_13":-0.1134573370218277,"timestamp":56352555723,"width":1024,"height":768,"blur_score":525.81714,"manual_keyframe":false,"neighbors":[56352822411,56352739071,56351688985,56352889083,56324253358,56350955592,56354022509,56350888920,56323219936,56354089181]}