{"cx":515.0749,"cy":384.9055,"fx":722.7318161116949,"fy":722.7318161116949,"t_12":0.32232722640037537,"t_02":-0.53654944896698,"t_22":-0.7798845171928406,"t_21":0.5837589502334595,"t_11":0.06525998562574387,"t_01":-0.8093000650405884,"t_20":-0.22584424912929535,"t_10":-0.9443761110305786,"t_00":-0.23905667662620544,"t_23":-0.13620339334011078,"t_03":1.3170197010040283,"t_13":-0.31000980734825134,"timestamp":56366440178,"width":1024,"height":768,"blur_score":969.0449,"manual_keyframe":false,"neighbors":[56366873545,56365106738,56364423350,56367390254,56340104693,56367873626,56339321294,56341604818,56342821586,56363823301]}