{"cx":515.01654,"cy":385.10138,"fx":725.0183961469612,"fy":725.0183961469612,"t_12":0.2693401575088501,"t_02":-0.9624379277229309,"t_22":0.034191593527793884,"t_21":0.9884486794471741,"t_11":0.1331554353237152,"t_01":0.0723794624209404,"t_20":0.14764854311943054,"t_10":-0.953795313835144,"t_00":-0.2616761326789856,"t_23":0.40387314558029175,"t_03":1.1565234661102295,"t_13":-0.18574853241443634,"timestamp":56369540427,"width":1024,"height":768,"blur_score":557.92084,"manual_keyframe":false,"neighbors":[56369757110,56369457087,56344738412,56346638569,56347088606,56343955014,56368557014,56368390334,56347205282,56343771665]}