{"cx":514.94525,"cy":384.79056,"fx":725.6276098367116,"fy":725.6276098367116,"t_12":0.20227423310279846,"t_02":-0.7939926981925964,"t_22":-0.5732894539833069,"t_21":0.8182787299156189,"t_11":0.09173808991909027,"t_01":-0.5674539804458618,"t_20":-0.04194194823503494,"t_10":-0.9750226736068726,"t_00":-0.21810919046401978,"t_23":0.07683286815881729,"t_03":1.2426726818084717,"t_13":-0.2984446883201599,"timestamp":56367390254,"width":1024,"height":768,"blur_score":582.83856,"manual_keyframe":false,"neighbors":[56367873626,56366873545,56368390334,56366440178,56368557014,56343771665,56343955014,56342704909,56342821586,56341871507]}