{"cx":514.895,"cy":385.14923,"fx":725.0007369036655,"fy":725.0007369036655,"t_12":0.2985965311527252,"t_02":-0.9402804374694824,"t_22":-0.16344040632247925,"t_21":0.9714853167533875,"t_11":0.2146531343460083,"t_01":-0.10069897770881653,"t_20":0.1717657893896103,"t_10":-0.9299269318580627,"t_00":-0.32516515254974365,"t_23":0.27119138836860657,"t_03":1.270738959312439,"t_13":-0.20658332109451294,"timestamp":56368557014,"width":1024,"height":768,"blur_score":591.76385,"manual_keyframe":false,"neighbors":[56367873626,56368390334,56343771665,56343955014,56369457087,56344738412,56369540427,56369757110,56367390254,56342821586]}