{"cx":514.8526,"cy":384.99158,"fx":722.6438219347255,"fy":722.6438219347255,"t_12":0.3736644983291626,"t_02":0.8243663311004639,"t_22":-0.425199955701828,"t_21":-0.8592851161956787,"t_11":0.11944907158613205,"t_01":-0.4973539710044861,"t_20":-0.2843133211135864,"t_10":-0.9198406338691711,"t_00":0.27029460668563843,"t_23":0.0823388397693634,"t_03":2.1942391395568848,"t_13":-0.10285554081201553,"timestamp":56360006327,"width":1024,"height":768,"blur_score":947.87177,"manual_keyframe":false,"neighbors":[56359256266,56360656380,56360139671,56358572878,56331737326,56331870670,56333170780,56361439776,56334737578,56333770830]}