{"cx":514.8277,"cy":385.033,"fx":722.4375289500457,"fy":722.4375289500457,"t_12":0.33352309465408325,"t_02":0.5311495065689087,"t_22":-0.7788726091384888,"t_21":-0.5088562369346619,"t_11":0.15902204811573029,"t_01":-0.8460362553596497,"t_20":-0.36663708090782166,"t_10":-0.929233193397522,"t_00":0.04585738480091095,"t_23":-0.10380464047193527,"t_03":2.0484893321990967,"t_13":-0.11725858598947525,"timestamp":56361589788,"width":1024,"height":768,"blur_score":909.95667,"manual_keyframe":false,"neighbors":[56360656380,56362323181,56361439776,56362923229,56360139671,56334737578,56360006327,56333770830,56336337712,56335821002]}