{"cx":514.9144,"cy":384.98373,"fx":722.3704761790368,"fy":722.3704761790368,"t_12":0.3183209002017975,"t_02":-0.05471675470471382,"t_22":-0.9464026093482971,"t_21":0.09638833999633789,"t_11":0.11666078865528107,"t_01":-0.9884834289550781,"t_20":-0.3082716464996338,"t_10":-0.9407773613929749,"t_00":-0.1410904973745346,"t_23":-0.22017429769039154,"t_03":1.699206829071045,"t_13":-0.12928935885429382,"timestamp":56363823301,"width":1024,"height":768,"blur_score":1048.4706,"manual_keyframe":false,"neighbors":[56364423350,56362923229,56339321294,56363523277,56365106738,56338387883,56338621236,56337037770,56336337712,56340104693]}