{"cx":514.94354,"cy":385.12772,"fx":725.2726731416454,"fy":725.2726731416454,"t_12":0.25168901681900024,"t_02":-0.9417368173599243,"t_22":-0.22312422096729279,"t_21":0.9625898003578186,"t_11":0.2092587649822235,"t_01":-0.1721383035182953,"t_20":0.15374135971069336,"t_10":-0.9449145197868347,"t_00":-0.2889639735221863,"t_23":0.23752844333648682,"t_03":1.2689839601516724,"t_13":-0.20551186800003052,"timestamp":56368390334,"width":1024,"height":768,"blur_score":572.7933,"manual_keyframe":false,"neighbors":[56367873626,56368557014,56343771665,56367390254,56343955014,56344738412,56369457087,56369540427,56369757110,56342821586]}