{
  "t_02" : -0.9850125,
  "t_22" : -0.07636321,
  "t_01" : -0.07562088,
  "fy" : 723.0149,
  "t_20" : -0.0011694855,
  "height" : 768,
  "manual_keyframe" : false,
  "t_21" : 0.99707925,
  "cx" : 515.91046,
  "t_00" : -0.15502162,
  "fx" : 723.0149,
  "t_13" : -0.48997754,
  "blur_score" : 2111.137,
  "t_23" : -0.15010321,
  "t_10" : -0.9879104,
  "t_11" : 0.010685994,
  "t_12" : 0.1546573,
  "width" : 1024,
  "cy" : 384.008,
  "angular_velocity" : 3.4028235e+38,
  "center_depth" : 0.7578666,
  "t_03" : 0.0447158,
  "timestamp" : 61519714060
}