{
  "t_03" : 0.9930084,
  "t_10" : -0.96659195,
  "t_02" : -0.18545756,
  "fx" : 728.1861,
  "cx" : 515.5,
  "height" : 768,
  "t_00" : -0.037391268,
  "t_20" : -0.2535784,
  "t_13" : -0.71310383,
  "t_21" : 0.18883616,
  "t_22" : -0.94870377,
  "t_11" : -0.011554795,
  "t_23" : -0.84237945,
  "angular_velocity" : 3.4028235e+38,
  "fy" : 728.1861,
  "blur_score" : 830.8205,
  "center_depth" : 0.55855787,
  "width" : 1024,
  "t_01" : -0.9819406,
  "timestamp" : 61528614595,
  "manual_keyframe" : false,
  "t_12" : 0.25605974,
  "cy" : 384.09943
}