{
  "t_01" : -0.9817944,
  "t_13" : -0.6170251,
  "t_00" : -0.03342107,
  "t_21" : 0.18884028,
  "t_02" : -0.18698317,
  "t_22" : -0.9418874,
  "t_11" : -0.020469932,
  "cx" : 515.50806,
  "t_03" : 0.9791546,
  "angular_velocity" : 3.4028235e+38,
  "cy" : 384.0791,
  "fx" : 728.4608,
  "blur_score" : 768.3736,
  "width" : 1024,
  "height" : 768,
  "t_12" : 0.2790794,
  "timestamp" : 61528281242,
  "manual_keyframe" : false,
  "t_10" : -0.96004987,
  "t_20" : -0.27782616,
  "t_23" : -0.81415886,
  "fy" : 728.4608
}