{
  "t_13" : -0.07225988,
  "cy" : 384.37646,
  "t_20" : -0.037356265,
  "t_02" : -0.80628127,
  "manual_keyframe" : false,
  "cx" : 515.59015,
  "t_23" : -0.3815497,
  "blur_score" : 1961.5132,
  "width" : 1024,
  "height" : 768,
  "fx" : 723.54535,
  "t_01" : -0.5437779,
  "t_10" : -0.97179663,
  "t_00" : -0.23284286,
  "t_22" : -0.5513186,
  "t_21" : 0.8334578,
  "t_12" : 0.21437825,
  "t_11" : 0.09825095,
  "fy" : 723.54535,
  "angular_velocity" : 3.4028235e+38,
  "timestamp" : 61522314218,
  "t_03" : 0.35037214
}