{
  "t_03" : 0.30792847,
  "t_20" : -0.010163419,
  "t_21" : 0.90295476,
  "fy" : 723.28174,
  "t_22" : -0.42961514,
  "timestamp" : 61521914194,
  "angular_velocity" : 3.4028235e+38,
  "t_11" : 0.08899284,
  "t_00" : -0.22792192,
  "cx" : 515.5672,
  "blur_score" : 2047.3322,
  "height" : 768,
  "t_10" : -0.9736263,
  "t_02" : -0.87823606,
  "t_01" : -0.42041972,
  "width" : 1024,
  "t_13" : -0.13550098,
  "t_23" : -0.32626906,
  "manual_keyframe" : false,
  "fx" : 723.28174,
  "t_12" : 0.21007611,
  "cy" : 384.3308
}