{
  "t_01" : -0.12932225,
  "t_02" : -0.9850208,
  "t_10" : -0.99249053,
  "angular_velocity" : 3.4028235e+38,
  "t_22" : -0.13507356,
  "blur_score" : 2259.056,
  "center_depth" : 0.8682354,
  "t_03" : 0.06075721,
  "t_20" : 0.04419416,
  "t_23" : -0.19906788,
  "height" : 768,
  "fx" : 722.8545,
  "t_11" : 0.058938492,
  "width" : 1024,
  "timestamp" : 61520047414,
  "t_12" : 0.10718568,
  "t_00" : -0.11405872,
  "cx" : 515.61554,
  "t_13" : -0.36327642,
  "fy" : 722.8545,
  "t_21" : 0.9898494,
  "manual_keyframe" : false,
  "cy" : 384.1646
}