{
  "blur_score" : 1257.4287,
  "fx" : 722.66077,
  "t_12" : 0.46823338,
  "height" : 768,
  "timestamp" : 61539681902,
  "manual_keyframe" : false,
  "t_03" : 1.7751453,
  "t_21" : -0.95646375,
  "t_22" : -0.17389654,
  "cy" : 384.81415,
  "width" : 1024,
  "angular_velocity" : 3.4028235e+38,
  "fy" : 722.66077,
  "t_10" : -0.874126,
  "t_00" : 0.42540196,
  "t_20" : -0.23438612,
  "t_13" : 0.20864289,
  "cx" : 514.9298,
  "t_11" : 0.12907842,
  "t_23" : -0.11054249,
  "t_01" : -0.26175487,
  "t_02" : 0.866324
}