{
  "t_13" : 0.056377985,
  "t_01" : -0.85982794,
  "t_20" : -0.18490712,
  "t_12" : 0.21365735,
  "cy" : 384.44675,
  "cx" : 515.5784,
  "t_10" : -0.97690576,
  "t_00" : 0.10707279,
  "t_11" : 0.0024008085,
  "t_21" : -0.5105781,
  "t_03" : 1.502095,
  "t_23" : -0.5718439,
  "center_depth" : 0.6681443,
  "angular_velocity" : 3.4028235e+38,
  "width" : 1024,
  "timestamp" : 61534514937,
  "t_02" : 0.49923062,
  "manual_keyframe" : false,
  "fx" : 725.8626,
  "fy" : 725.8626,
  "height" : 768,
  "blur_score" : 1275.1636,
  "t_22" : -0.83971375
}