{
  "cx" : 515.6156,
  "fx" : 725.56714,
  "t_02" : 0.49149185,
  "timestamp" : 61534281590,
  "manual_keyframe" : false,
  "t_12" : 0.23392169,
  "t_21" : -0.49549347,
  "t_22" : -0.83887786,
  "t_03" : 1.5200636,
  "blur_score" : 1223.3435,
  "t_10" : -0.9711852,
  "t_11" : 0.045605514,
  "cy" : 384.53073,
  "t_00" : 0.07764922,
  "t_13" : 0.021245856,
  "t_20" : -0.22532156,
  "t_01" : -0.86741346,
  "angular_velocity" : 3.4028235e+38,
  "height" : 768,
  "t_23" : -0.59069204,
  "fy" : 725.56714,
  "width" : 1024
}