{
  "t_13" : -0.7825396,
  "fy" : 725.5608,
  "t_00" : 0.033203952,
  "t_22" : -0.9645496,
  "t_01" : -0.9664818,
  "t_12" : 0.06952428,
  "t_20" : -0.080569014,
  "angular_velocity" : 3.4028235e+38,
  "t_03" : 1.0500355,
  "t_11" : -0.05253802,
  "cx" : 515.8948,
  "fx" : 725.5608,
  "manual_keyframe" : false,
  "t_23" : -0.92942256,
  "blur_score" : 761.14343,
  "t_21" : 0.25130183,
  "timestamp" : 61530014677,
  "cy" : 384.07687,
  "width" : 1024,
  "t_10" : -0.99619585,
  "t_02" : -0.25457874,
  "height" : 768
}