{
  "width" : 1024,
  "t_00" : 0.35528925,
  "cx" : 515.25,
  "t_22" : -0.2804369,
  "cy" : 384.49924,
  "fy" : 724.692,
  "timestamp" : 61538881855,
  "t_21" : -0.91022855,
  "t_03" : 1.7075968,
  "t_23" : -0.15037173,
  "t_10" : -0.8837028,
  "height" : 768,
  "t_13" : 0.29204598,
  "blur_score" : 1179.892,
  "angular_velocity" : 3.4028235e+38,
  "manual_keyframe" : false,
  "t_01" : -0.3818058,
  "t_20" : -0.3046945,
  "t_02" : 0.8532254,
  "fx" : 724.692,
  "t_12" : 0.43972868,
  "t_11" : 0.16033691
}