{
  "cx" : 515.7724,
  "t_01" : 0.7811801,
  "angular_velocity" : 3.4028235e+38,
  "t_22" : 0.75166625,
  "blur_score" : 960.8248,
  "cy" : 384.2701,
  "fx" : 727.3269,
  "t_13" : -0.25337496,
  "center_depth" : 0.5665075,
  "t_20" : 0.21797562,
  "t_03" : 1.4548994,
  "t_02" : 0.5797748,
  "t_00" : 0.23155686,
  "width" : 1024,
  "manual_keyframe" : false,
  "t_12" : 0.31441835,
  "fy" : 727.3269,
  "t_11" : 0.047676735,
  "t_10" : -0.94808644,
  "height" : 768,
  "t_21" : -0.62248224,
  "t_23" : 0.5440175,
  "timestamp" : 61549082439
}