{
  "blur_score" : 761.8807,
  "t_21" : -0.9168202,
  "t_02" : 0.8788408,
  "t_22" : 0.3939992,
  "t_13" : -0.45930377,
  "height" : 768,
  "t_11" : 0.047596317,
  "t_12" : 0.26907873,
  "fy" : 727.01886,
  "t_20" : 0.06484754,
  "angular_velocity" : 3.4028235e+38,
  "width" : 1024,
  "t_10" : -0.9619414,
  "manual_keyframe" : false,
  "fx" : 727.01886,
  "t_23" : 0.24733265,
  "timestamp" : 61543982150,
  "cy" : 384.33545,
  "t_00" : 0.26544973,
  "t_01" : 0.3964532,
  "cx" : 515.24115,
  "t_03" : 1.7592295
}