{
  "cx" : 515.2464,
  "t_01" : 0.7992859,
  "angular_velocity" : 3.4028235e+38,
  "t_22" : 0.7779061,
  "blur_score" : 1235.6348,
  "cy" : 384.3058,
  "fx" : 727.64136,
  "t_13" : -0.16445017,
  "width" : 1024,
  "t_20" : 0.20258097,
  "t_03" : 1.4259961,
  "t_02" : 0.54554075,
  "t_00" : 0.2520459,
  "manual_keyframe" : false,
  "t_12" : 0.31184462,
  "fy" : 727.64136,
  "t_11" : 0.0855519,
  "t_10" : -0.94627357,
  "height" : 768,
  "t_21" : -0.59483,
  "t_23" : 0.5442973,
  "timestamp" : 61549449127
}