{
  "blur_score" : 625.9803,
  "t_02" : 0.81584495,
  "t_20" : 0.104051225,
  "fy" : 726.75354,
  "fx" : 726.75354,
  "cy" : 384.491,
  "t_21" : -0.92335975,
  "t_23" : 0.18344858,
  "center_depth" : 0.5794038,
  "timestamp" : 61542515399,
  "t_22" : 0.36956736,
  "t_00" : 0.43930706,
  "t_03" : 1.7418339,
  "angular_velocity" : 3.4028235e+38,
  "t_13" : -0.19512683,
  "t_01" : 0.37603995,
  "cx" : 515.2169,
  "t_11" : 0.077463895,
  "width" : 1024,
  "t_10" : -0.8922907,
  "t_12" : 0.44476593,
  "height" : 768,
  "manual_keyframe" : false
}