{
  "angular_velocity" : 3.4028235e+38,
  "t_00" : 0.16463044,
  "t_13" : -0.69382185,
  "cx" : 515.5461,
  "t_10" : -0.97695833,
  "t_20" : 0.13582805,
  "center_depth" : 0.6089604,
  "blur_score" : 913.39026,
  "t_02" : 0.8933625,
  "t_03" : 1.6626418,
  "t_12" : 0.20605916,
  "t_11" : -0.055606294,
  "t_23" : 0.4591686,
  "width" : 1024,
  "t_22" : 0.3993028,
  "height" : 768,
  "timestamp" : 61546582298,
  "manual_keyframe" : false,
  "t_21" : -0.90670156,
  "cy" : 383.93054,
  "fy" : 724.97955,
  "t_01" : 0.41809082,
  "fx" : 724.97955
}