{
  "manual_keyframe" : false,
  "t_00" : 0.2179183,
  "cx" : 515.8995,
  "t_12" : 0.2804183,
  "angular_velocity" : 3.4028235e+38,
  "fx" : 727.5921,
  "t_22" : 0.7248411,
  "cy" : 384.23428,
  "width" : 1024,
  "t_01" : 0.7460165,
  "t_21" : -0.66450036,
  "fy" : 727.5921,
  "t_02" : 0.629262,
  "t_10" : -0.9588886,
  "t_11" : 0.04356849,
  "t_13" : -0.3575873,
  "t_03" : 1.4701405,
  "t_20" : 0.18178074,
  "t_23" : 0.54820144,
  "blur_score" : 1007.6602,
  "height" : 768,
  "timestamp" : 61548849093
}