{
  "t_00" : -0.15223339,
  "blur_score" : 937.7387,
  "cy" : 383.82626,
  "t_12" : 0.23542182,
  "t_20" : 0.19523202,
  "fx" : 726.1183,
  "t_10" : -0.9688702,
  "t_01" : 0.93423074,
  "angular_velocity" : 3.4028235e+38,
  "timestamp" : 61556149503,
  "t_13" : -0.51956373,
  "t_03" : 0.9430634,
  "t_02" : -0.32254872,
  "t_22" : 0.9168089,
  "height" : 768,
  "fy" : 726.1183,
  "cx" : 515.51117,
  "t_21" : 0.34834695,
  "manual_keyframe" : false,
  "t_23" : 0.7451242,
  "center_depth" : 0.6253314,
  "t_11" : -0.07659712,
  "width" : 1024
}