{
  "t_13" : -0.043835882,
  "t_01" : 0.8828209,
  "fy" : 728.86743,
  "t_03" : 1.3159007,
  "fx" : 728.86743,
  "blur_score" : 1174.8258,
  "width" : 1024,
  "t_11" : 0.10111738,
  "t_10" : -0.9308344,
  "t_12" : 0.35117343,
  "t_20" : 0.26960573,
  "t_23" : 0.50504625,
  "t_00" : 0.24669868,
  "height" : 768,
  "manual_keyframe" : false,
  "t_02" : 0.39970866,
  "cy" : 384.3052,
  "t_21" : -0.45869657,
  "timestamp" : 61550649195,
  "t_22" : 0.84670544,
  "cx" : 515.4147,
  "angular_velocity" : 3.4028235e+38
}