{
  "center_depth" : 0.5960666,
  "t_21" : 0.28868186,
  "width" : 1024,
  "cx" : 515.1125,
  "t_01" : 0.9538001,
  "t_23" : 0.7311001,
  "t_20" : 0.19660158,
  "height" : 768,
  "fy" : 725.86096,
  "t_22" : 0.937022,
  "t_11" : -0.08323359,
  "angular_velocity" : 3.4028235e+38,
  "cy" : 383.98987,
  "t_10" : -0.969831,
  "blur_score" : 1089.504,
  "timestamp" : 61555816151,
  "manual_keyframe" : false,
  "t_00" : -0.14413694,
  "t_12" : 0.22912836,
  "t_13" : -0.33992106,
  "t_03" : 0.9487558,
  "fx" : 725.86096,
  "t_02" : -0.26360875
}