{
  "t_11" : 0.11326405,
  "cy" : 384.4047,
  "width" : 1024,
  "fx" : 726.9076,
  "height" : 768,
  "t_01" : 0.9703003,
  "angular_velocity" : 3.4028235e+38,
  "timestamp" : 61552115944,
  "t_20" : 0.34513676,
  "t_10" : -0.92044425,
  "t_03" : 1.1619693,
  "t_21" : -0.2137481,
  "fy" : 726.9076,
  "t_00" : 0.18347469,
  "t_23" : 0.6025634,
  "cx" : 515.4772,
  "t_22" : 0.9138884,
  "t_13" : 0.16500942,
  "t_12" : 0.37410375,
  "blur_score" : 1448.5856,
  "manual_keyframe" : false,
  "t_02" : 0.1576516
}