{
  "t_12" : 0.31692246,
  "timestamp" : 61555516134,
  "fx" : 725.5704,
  "fy" : 725.5704,
  "cx" : 515.18146,
  "t_00" : -0.13476136,
  "manual_keyframe" : false,
  "t_02" : -0.19137508,
  "t_23" : 0.7103408,
  "t_03" : 0.93483675,
  "t_20" : 0.29496437,
  "t_22" : 0.9289432,
  "t_13" : -0.15825132,
  "t_01" : 0.97222155,
  "t_11" : -0.068736844,
  "angular_velocity" : 3.4028235e+38,
  "width" : 1024,
  "blur_score" : 1536.7009,
  "t_10" : -0.9459573,
  "cy" : 384.1374,
  "t_21" : 0.22374156,
  "height" : 768
}