{
  "t_20" : 0.1635568,
  "t_21" : 0.46089703,
  "angular_velocity" : 3.4028235e+38,
  "blur_score" : 1167.5912,
  "width" : 1024,
  "t_03" : 0.65335256,
  "height" : 768,
  "timestamp" : 61559483022,
  "manual_keyframe" : false,
  "t_00" : -0.1581176,
  "t_23" : 0.56577927,
  "fy" : 729.5854,
  "fx" : 729.5854,
  "t_22" : 0.8722515,
  "t_12" : 0.21761957,
  "t_10" : -0.9737802,
  "center_depth" : 0.5055466,
  "t_13" : -0.5812936,
  "t_02" : -0.437971,
  "cx" : 515.6769,
  "cy" : 383.99377,
  "t_11" : -0.06628521,
  "t_01" : 0.88497454
}