{
  "width" : 1024,
  "height" : 768,
  "timestamp" : 61558349626,
  "t_10" : -0.99006814,
  "t_22" : 0.9825582,
  "angular_velocity" : 3.4028235e+38,
  "t_00" : -0.044506148,
  "t_20" : 0.13335778,
  "t_11" : -0.02710103,
  "fy" : 725.85944,
  "t_02" : -0.12469357,
  "fx" : 725.85944,
  "cy" : 384.07828,
  "t_12" : 0.13795154,
  "t_03" : 0.73937064,
  "t_21" : 0.1295948,
  "cx" : 515.6619,
  "blur_score" : 1115.731,
  "center_depth" : 0.6383832,
  "manual_keyframe" : false,
  "t_13" : -0.82596266,
  "t_01" : 0.9911965,
  "t_23" : 0.6481049
}