{
  "t_00" : -0.20327738,
  "t_01" : 0.33486056,
  "fy" : 726.4152,
  "t_02" : -0.92007947,
  "t_21" : 0.94202286,
  "t_22" : 0.331806,
  "t_11" : -0.021469656,
  "blur_score" : 960.2202,
  "t_23" : 0.30988526,
  "t_20" : 0.04997287,
  "t_12" : 0.2082259,
  "angular_velocity" : 3.4028235e+38,
  "timestamp" : 61563483245,
  "manual_keyframe" : false,
  "fx" : 726.4152,
  "cx" : 515.4598,
  "t_10" : -0.9778451,
  "width" : 1024,
  "height" : 768,
  "t_03" : 0.54331285,
  "t_13" : 0.052949924,
  "cy" : 383.82193
}