{
  "timestamp" : 61567983495,
  "manual_keyframe" : false,
  "t_03" : 0.19229813,
  "t_10" : -0.9604416,
  "t_12" : 0.14183754,
  "t_22" : -0.19662485,
  "fx" : 721.7793,
  "fy" : 721.7793,
  "blur_score" : 1256.9036,
  "width" : 1024,
  "t_21" : 0.9440966,
  "t_13" : -0.13545285,
  "height" : 768,
  "t_01" : -0.22637875,
  "cx" : 515.3359,
  "cy" : 383.6124,
  "t_00" : -0.08678638,
  "t_11" : -0.23965423,
  "t_20" : -0.2646132,
  "t_23" : 0.006676315,
  "t_02" : -0.9701653,
  "angular_velocity" : 3.4028235e+38
}