{
  "t_13" : 0.055753276,
  "t_02" : -0.9464832,
  "t_21" : 0.9777843,
  "t_01" : 0.19803509,
  "t_11" : -0.06870038,
  "t_03" : 0.494075,
  "fy" : 726.4851,
  "cy" : 384.0769,
  "t_20" : -0.016314449,
  "t_00" : -0.2548556,
  "cx" : 515.5478,
  "t_23" : 0.22377104,
  "angular_velocity" : 3.4028235e+38,
  "blur_score" : 1001.35895,
  "t_22" : 0.20897722,
  "center_depth" : 0.60116935,
  "height" : 768,
  "width" : 1024,
  "fx" : 726.4851,
  "t_12" : 0.245963,
  "t_10" : -0.96684146,
  "timestamp" : 61563916602,
  "manual_keyframe" : false
}