{
  "manual_keyframe" : false,
  "t_11" : -0.069036126,
  "t_22" : -0.061114747,
  "t_00" : -0.16336136,
  "height" : 768,
  "t_10" : -0.98329127,
  "fx" : 724.9541,
  "cx" : 515.69946,
  "t_03" : 0.48505104,
  "t_02" : -0.98381525,
  "cy" : 383.81546,
  "t_12" : 0.16844058,
  "t_20" : -0.08031987,
  "width" : 1024,
  "t_13" : 0.006092361,
  "timestamp" : 61564749982,
  "t_23" : 0.12523499,
  "angular_velocity" : 3.4028235e+38,
  "blur_score" : 700.8087,
  "t_01" : -0.07362272,
  "t_21" : 0.9948938,
  "fy" : 724.9541
}