{
  "height" : 768,
  "timestamp" : 61562783206,
  "angular_velocity" : 3.4028235e+38,
  "blur_score" : 1073.4789,
  "fx" : 728.77216,
  "manual_keyframe" : false,
  "t_03" : 0.63384163,
  "cy" : 383.51358,
  "cx" : 515.5971,
  "t_20" : -0.11872813,
  "t_21" : 0.7263845,
  "t_11" : -0.16628392,
  "t_12" : 0.00548439,
  "t_00" : -0.11655061,
  "t_01" : 0.6668695,
  "t_10" : -0.98606265,
  "fy" : 728.77216,
  "t_22" : 0.6769557,
  "t_13" : -0.029306414,
  "width" : 1024,
  "t_02" : -0.7360032,
  "t_23" : 0.38782308
}