{
  "manual_keyframe" : false,
  "center_depth" : 0.7202737,
  "t_11" : -0.059069395,
  "t_22" : -0.00065769884,
  "t_00" : -0.47540966,
  "height" : 768,
  "fx" : 722.10486,
  "t_02" : -0.8791541,
  "cx" : 514.82983,
  "t_03" : 0.30067384,
  "t_10" : -0.87716776,
  "cy" : 384.0955,
  "t_12" : 0.4765369,
  "t_20" : -0.06754455,
  "width" : 1024,
  "t_13" : 0.20742701,
  "timestamp" : 61566150059,
  "t_23" : 0.10162871,
  "angular_velocity" : 3.4028235e+38,
  "blur_score" : 1317.9119,
  "t_01" : -0.032764386,
  "t_21" : 0.9977159,
  "fy" : 722.10486
}