{
  "t_13" : 0.041647732,
  "t_02" : -0.9767057,
  "t_21" : 0.99250937,
  "t_01" : 0.08226886,
  "t_11" : -0.0903128,
  "fy" : 726.366,
  "t_03" : 0.48021984,
  "cy" : 384.0699,
  "t_20" : -0.07251752,
  "t_00" : -0.19818515,
  "cx" : 515.48,
  "t_23" : 0.17836654,
  "angular_velocity" : 3.4028235e+38,
  "blur_score" : 837.8108,
  "t_22" : 0.09831469,
  "height" : 768,
  "width" : 1024,
  "fx" : 726.366,
  "t_10" : -0.9774782,
  "t_12" : 0.19073476,
  "timestamp" : 61564116613,
  "manual_keyframe" : false
}