{
  "angular_velocity" : 3.4028235e+38,
  "t_22" : -0.7685979,
  "t_13" : -0.044989288,
  "t_02" : -0.59862846,
  "t_10" : -0.972109,
  "t_00" : -0.08646004,
  "cy" : 384.031,
  "t_03" : 0.5495011,
  "cx" : 515.66675,
  "blur_score" : 1531.6642,
  "t_01" : -0.79634684,
  "fy" : 724.4554,
  "fx" : 724.4554,
  "t_12" : 0.22561249,
  "t_23" : -0.44782114,
  "t_21" : 0.6014386,
  "height" : 768,
  "timestamp" : 61575650590,
  "width" : 1024,
  "manual_keyframe" : false,
  "t_11" : -0.06405434,
  "t_20" : -0.21801059
}