{
  "t_22" : -0.8398955,
  "manual_keyframe" : false,
  "t_02" : -0.46811962,
  "width" : 1024,
  "cy" : 384.02914,
  "t_10" : -0.96150726,
  "t_03" : 0.6356493,
  "blur_score" : 907.09125,
  "t_12" : 0.27466202,
  "t_00" : -0.14100626,
  "t_01" : -0.8723423,
  "t_23" : -0.43518877,
  "t_20" : -0.23584087,
  "center_depth" : 0.6170373,
  "height" : 768,
  "timestamp" : 61576750651,
  "fx" : 722.14453,
  "t_11" : 0.008028769,
  "t_21" : 0.48882952,
  "fy" : 722.14453,
  "cx" : 515.41766,
  "t_13" : 0.14948356,
  "angular_velocity" : 3.4028235e+38
}