{
  "t_01" : -0.9972199,
  "t_22" : -0.94652826,
  "t_10" : -0.9446393,
  "t_03" : 1.0719545,
  "timestamp" : 61579184118,
  "t_13" : 0.04605436,
  "manual_keyframe" : false,
  "fx" : 725.4417,
  "fy" : 725.4417,
  "t_12" : 0.32006118,
  "cy" : 384.22592,
  "t_21" : 0.018302925,
  "t_23" : -0.6700449,
  "blur_score" : 1540.9021,
  "width" : 1024,
  "t_20" : -0.32210073,
  "t_00" : 0.06251063,
  "t_11" : -0.07223099,
  "cx" : 515.40796,
  "height" : 768,
  "t_02" : -0.040555313,
  "angular_velocity" : 3.4028235e+38
}