{
  "t_21" : 0.9770661,
  "cy" : 383.78528,
  "t_01" : -0.038005553,
  "angular_velocity" : 3.4028235e+38,
  "timestamp" : 61571083668,
  "fx" : 721.6427,
  "t_12" : 0.15818065,
  "t_03" : 0.21174264,
  "t_00" : -0.15361266,
  "t_13" : -0.086405195,
  "t_02" : -0.9873999,
  "t_20" : -0.21288858,
  "blur_score" : 1710.5494,
  "width" : 1024,
  "manual_keyframe" : false,
  "cx" : 514.6329,
  "height" : 768,
  "t_22" : -0.0044881073,
  "t_10" : -0.9649257,
  "t_23" : -0.018241309,
  "t_11" : -0.20951678,
  "fy" : 721.6427
}