{
  "fy" : 724.43475,
  "height" : 768,
  "t_12" : 0.2200427,
  "t_03" : 0.5863236,
  "cx" : 515.61127,
  "t_11" : -0.06656013,
  "t_22" : -0.80774814,
  "t_23" : -0.44014978,
  "t_21" : 0.5469249,
  "t_00" : -0.06658302,
  "angular_velocity" : 3.4028235e+38,
  "blur_score" : 1273.7439,
  "timestamp" : 61575883937,
  "cy" : 383.9858,
  "manual_keyframe" : false,
  "fx" : 724.43475,
  "t_02" : -0.54692215,
  "t_10" : -0.9732167,
  "t_13" : 0.03580132,
  "t_20" : -0.22003576,
  "t_01" : -0.8345314,
  "width" : 1024
}