{
  "t_13" : 0.045288276,
  "t_02" : -0.96699744,
  "t_21" : 0.9845807,
  "t_01" : -0.02412499,
  "t_11" : -0.17325895,
  "fy" : 720.99304,
  "t_03" : 0.22508198,
  "cy" : 383.7605,
  "t_20" : -0.17366676,
  "t_00" : -0.25364128,
  "cx" : 514.6237,
  "t_23" : -0.0027695596,
  "angular_velocity" : 3.4028235e+38,
  "blur_score" : 1719.8589,
  "t_22" : 0.020988742,
  "height" : 768,
  "width" : 1024,
  "fx" : 720.99304,
  "t_10" : -0.9515808,
  "t_12" : 0.25392005,
  "timestamp" : 61570916992,
  "manual_keyframe" : false
}