{
  "manual_keyframe" : false,
  "center_depth" : 0.72280985,
  "fy" : 722.2748,
  "t_23" : -0.030942183,
  "t_12" : 0.2585227,
  "blur_score" : 1787.7352,
  "height" : 768,
  "t_02" : -0.95505434,
  "fx" : 722.2748,
  "t_01" : -0.20525642,
  "t_03" : 0.19143294,
  "angular_velocity" : 3.4028235e+38,
  "t_20" : -0.2667251,
  "t_10" : -0.93974286,
  "t_22" : -0.14504172,
  "t_13" : -0.23985527,
  "timestamp" : 61571317014,
  "t_21" : 0.95279604,
  "cx" : 515.3058,
  "t_00" : -0.21387114,
  "t_11" : -0.22371674,
  "cy" : 383.61417,
  "width" : 1024
}