{
  "blur_score" : 935.1204,
  "width" : 1024,
  "timestamp" : 61571683702,
  "manual_keyframe" : false,
  "angular_velocity" : 3.4028235e+38,
  "t_02" : -0.8718041,
  "t_00" : -0.14063887,
  "t_23" : -0.056598186,
  "t_03" : 0.18153201,
  "t_13" : -0.4542646,
  "cy" : 383.39868,
  "t_20" : -0.21060705,
  "height" : 768,
  "fx" : 722.68616,
  "t_01" : -0.4692312,
  "fy" : 722.68616,
  "t_11" : -0.12218397,
  "t_21" : 0.8745815,
  "t_12" : 0.2218236,
  "cx" : 515.5979,
  "t_10" : -0.96740127,
  "t_22" : -0.43675104
}