{
  "timestamp" : 61575450579,
  "t_00" : -0.079550944,
  "t_03" : 0.51839423,
  "t_20" : -0.15827227,
  "t_02" : -0.64061105,
  "cx" : 515.68024,
  "cy" : 384.08862,
  "t_11" : -0.041860983,
  "t_10" : -0.9841857,
  "t_21" : 0.6441728,
  "t_22" : -0.74832547,
  "t_23" : -0.45351428,
  "t_13" : -0.11555317,
  "blur_score" : 1641.5659,
  "height" : 768,
  "manual_keyframe" : false,
  "t_12" : 0.17212242,
  "fy" : 724.0981,
  "width" : 1024,
  "t_01" : -0.7637335,
  "angular_velocity" : 3.4028235e+38,
  "fx" : 724.0981
}