{
  "cy" : 383.79816,
  "fx" : 727.9002,
  "t_02" : 0.8019665,
  "blur_score" : 378.73514,
  "timestamp" : 61583384349,
  "angular_velocity" : 3.4028235e+38,
  "t_21" : -0.81382656,
  "width" : 1024,
  "t_10" : -0.97351664,
  "t_22" : -0.5784038,
  "height" : 768,
  "t_11" : -0.17310902,
  "t_00" : 0.22165318,
  "t_13" : -0.65701914,
  "t_01" : -0.55472463,
  "manual_keyframe" : false,
  "fy" : 727.9002,
  "t_20" : 0.05599232,
  "center_depth" : 0.4958828,
  "t_23" : -0.46471652,
  "t_12" : 0.14932697,
  "t_03" : 1.7668527,
  "cx" : 515.8953
}