{
  "cx" : 515.6592,
  "fy" : 727.9002,
  "t_01" : -0.44281238,
  "t_12" : 0.10091655,
  "t_20" : 0.009313402,
  "manual_keyframe" : false,
  "t_13" : -0.4516473,
  "t_11" : -0.060750354,
  "t_00" : 0.11742237,
  "t_22" : -0.44686314,
  "blur_score" : 461.7064,
  "t_03" : 1.7413119,
  "timestamp" : 61583917711,
  "cy" : 383.74203,
  "width" : 1024,
  "center_depth" : 0.5295308,
  "fx" : 727.9002,
  "t_02" : 0.8888919,
  "t_21" : -0.8945537,
  "t_23" : -0.33490795,
  "height" : 768,
  "t_10" : -0.99303836,
  "angular_velocity" : 3.4028235e+38
}