{
  "t_00" : 0.17327206,
  "t_13" : -0.69766045,
  "fx" : 728.0289,
  "t_02" : 0.77778435,
  "t_20" : 0.0226038,
  "angular_velocity" : 3.4028235e+38,
  "t_11" : -0.12439163,
  "t_01" : -0.60417557,
  "t_10" : -0.98461455,
  "cx" : 515.9781,
  "t_21" : -0.7870822,
  "t_22" : -0.6164336,
  "blur_score" : 382.25516,
  "height" : 768,
  "fy" : 728.0289,
  "t_03" : 1.7191693,
  "t_12" : 0.122722715,
  "timestamp" : 61583117667,
  "cy" : 383.67166,
  "manual_keyframe" : false,
  "t_23" : -0.5534153,
  "width" : 1024
}