{
  "fy" : 725.4147,
  "cy" : 384.42886,
  "t_23" : 0.24070564,
  "t_21" : -0.82035536,
  "timestamp" : 61587851258,
  "t_00" : 0.30925918,
  "t_13" : 0.26311013,
  "cx" : 515.5889,
  "t_11" : 0.14096692,
  "height" : 768,
  "t_12" : 0.27903098,
  "angular_velocity" : 3.4028235e+38,
  "t_02" : 0.7727958,
  "width" : 1024,
  "t_03" : 1.5552942,
  "t_10" : -0.94987893,
  "blur_score" : 670.38196,
  "t_22" : 0.57002467,
  "manual_keyframe" : false,
  "t_20" : 0.0457022,
  "fx" : 725.4147,
  "t_01" : 0.5542068
}