{
  "t_10" : -0.9521414,
  "width" : 1024,
  "t_02" : 0.5988167,
  "fx" : 729.0406,
  "t_12" : 0.2671533,
  "t_00" : 0.284773,
  "t_21" : -0.6462362,
  "t_22" : -0.7550149,
  "t_03" : 1.4596484,
  "blur_score" : 850.889,
  "t_01" : -0.7485471,
  "t_20" : -0.111045316,
  "angular_velocity" : 3.4028235e+38,
  "manual_keyframe" : false,
  "t_11" : -0.14851207,
  "t_23" : -0.6982487,
  "cy" : 383.75876,
  "cx" : 515.55334,
  "height" : 768,
  "timestamp" : 61581750925,
  "t_13" : -0.4136242,
  "fy" : 729.0406
}