{
  "cy" : 384.01038,
  "t_01" : 0.52534527,
  "cx" : 515.5988,
  "t_20" : -0.20818207,
  "fy" : 723.755,
  "manual_keyframe" : false,
  "t_10" : -0.9780589,
  "t_23" : 0.40323082,
  "fx" : 723.755,
  "blur_score" : 625.9577,
  "timestamp" : 61596918420,
  "width" : 1024,
  "t_22" : 0.515234,
  "t_12" : -0.10287199,
  "height" : 768,
  "t_21" : 0.8313807,
  "t_02" : -0.85085315,
  "angular_velocity" : 3.4028235e+38,
  "t_11" : -0.18115789,
  "t_03" : 0.6408269,
  "t_00" : -0.007812893,
  "t_13" : 0.14781222
}