{
  "fx" : 724.4331,
  "angular_velocity" : 3.4028235e+38,
  "blur_score" : 933.2149,
  "t_00" : -0.22288896,
  "fy" : 724.4331,
  "cx" : 516.1557,
  "t_23" : 0.8078684,
  "timestamp" : 61592251500,
  "t_20" : 0.068620995,
  "t_13" : -0.631094,
  "t_01" : 0.97412425,
  "t_22" : 0.99618024,
  "t_12" : 0.07888077,
  "t_02" : -0.037448153,
  "cy" : 383.49332,
  "width" : 1024,
  "height" : 768,
  "manual_keyframe" : false,
  "t_03" : 1.095105,
  "t_11" : -0.2194679,
  "center_depth" : 0.6126854,
  "t_10" : -0.97242564,
  "t_21" : 0.053997196
}