{
  "height" : 768,
  "cy" : 383.38345,
  "manual_keyframe" : false,
  "t_00" : -0.16497457,
  "blur_score" : 1590.8665,
  "t_20" : 0.0025744077,
  "fy" : 727.74457,
  "t_13" : -0.2446727,
  "t_02" : -0.3738942,
  "t_21" : 0.37948573,
  "width" : 1024,
  "t_23" : 0.56179816,
  "fx" : 727.74457,
  "t_10" : -0.9862945,
  "t_22" : 0.92519385,
  "timestamp" : 61594251608,
  "cx" : 515.6688,
  "center_depth" : 0.55518126,
  "t_12" : 0.06495512,
  "angular_velocity" : 3.4028235e+38,
  "t_11" : -0.15167093,
  "t_03" : 0.77819383,
  "t_01" : 0.9126809
}