{
  "fx" : 724.4173,
  "t_02" : -0.074987635,
  "angular_velocity" : 3.4028235e+38,
  "t_10" : -0.9751055,
  "cy" : 383.79404,
  "height" : 768,
  "t_23" : 0.8118471,
  "t_20" : 0.12997684,
  "t_11" : -0.16748866,
  "timestamp" : 61591884813,
  "t_13" : -0.8185446,
  "fy" : 724.4173,
  "t_12" : 0.14531666,
  "t_21" : 0.09922752,
  "width" : 1024,
  "blur_score" : 774.5101,
  "t_00" : -0.17965357,
  "manual_keyframe" : false,
  "t_03" : 1.1993713,
  "t_22" : 0.9865394,
  "t_01" : 0.9808677,
  "cx" : 515.96826
}