{
  "manual_keyframe" : false,
  "t_22" : 0.99401784,
  "t_01" : 0.95720327,
  "angular_velocity" : 3.4028235e+38,
  "fx" : 726.2469,
  "t_02" : -0.014703416,
  "t_13" : -0.47296846,
  "height" : 768,
  "timestamp" : 61592818197,
  "cy" : 383.48813,
  "t_12" : 0.10822268,
  "width" : 1024,
  "t_10" : -0.95214313,
  "cx" : 515.1423,
  "t_00" : -0.28904212,
  "t_23" : 0.71621984,
  "blur_score" : 1359.7338,
  "t_11" : -0.28585172,
  "t_21" : 0.045280673,
  "t_03" : 0.9635712,
  "fy" : 726.2469,
  "t_20" : 0.09938813
}