{
  "t_21" : 0.13590656,
  "angular_velocity" : 3.4028235e+38,
  "height" : 768,
  "t_12" : 0.14698067,
  "t_11" : -0.26245517,
  "t_22" : 0.98410976,
  "t_23" : 0.65411305,
  "blur_score" : 1432.8792,
  "cy" : 383.36075,
  "t_03" : 0.8909381,
  "width" : 1024,
  "cx" : 515.4462,
  "t_10" : -0.9536844,
  "fy" : 727.3841,
  "t_01" : 0.9553253,
  "t_20" : 0.114268124,
  "timestamp" : 61593284889,
  "manual_keyframe" : false,
  "t_02" : -0.099621706,
  "t_13" : -0.43651754,
  "fx" : 727.3841,
  "t_00" : -0.27826035
}