{
  "t_20" : -0.010350001,
  "t_01" : -0.5018613,
  "fy" : 714.9372,
  "timestamp" : 61605118873,
  "cx" : 515.65936,
  "manual_keyframe" : false,
  "angular_velocity" : 3.4028235e+38,
  "t_22" : -0.50334686,
  "t_21" : 0.86402243,
  "fx" : 714.9372,
  "blur_score" : 1626.0701,
  "t_11" : 0.0400041,
  "t_13" : 0.0351665,
  "t_00" : -0.09714905,
  "width" : 1024,
  "height" : 768,
  "t_02" : -0.8594749,
  "t_12" : 0.08913323,
  "t_23" : -0.10773796,
  "t_03" : 0.21233784,
  "t_10" : -0.9952161,
  "cy" : 383.66428
}