{
  "width" : 1024,
  "t_23" : -0.10820415,
  "blur_score" : 2064.5215,
  "fy" : 723.61676,
  "height" : 768,
  "t_12" : 0.26353437,
  "t_03" : 0.16742241,
  "t_02" : -0.9473525,
  "t_11" : -0.11932809,
  "fx" : 723.61676,
  "t_21" : 0.96838033,
  "cy" : 383.9673,
  "t_22" : -0.18185817,
  "manual_keyframe" : false,
  "angular_velocity" : 3.4028235e+38,
  "t_01" : -0.21908942,
  "timestamp" : 61602385388,
  "cx" : 515.51575,
  "t_00" : -0.23350075,
  "t_10" : -0.957241,
  "t_13" : -0.34544638,
  "t_20" : -0.17078337
}