{
  "t_02" : -0.95280415,
  "fx" : 718.7188,
  "angular_velocity" : 3.4028235e+38,
  "t_10" : -0.9881419,
  "cy" : 384.05814,
  "height" : 768,
  "t_23" : 0.032062218,
  "t_20" : -0.021785008,
  "t_11" : -0.06165006,
  "timestamp" : 61600018590,
  "fy" : 718.7188,
  "t_12" : 0.14062282,
  "t_13" : 0.029843105,
  "t_21" : 0.96287906,
  "width" : 1024,
  "blur_score" : 1295.7941,
  "t_00" : -0.15198986,
  "manual_keyframe" : false,
  "t_03" : 0.27393222,
  "t_22" : 0.26905212,
  "t_01" : 0.26279822,
  "cx" : 515.8735
}