{
  "t_02" : -0.736194,
  "fx" : 724.66504,
  "angular_velocity" : 3.4028235e+38,
  "t_10" : -0.88300455,
  "cy" : 383.90314,
  "height" : 768,
  "t_23" : -0.5294274,
  "t_20" : -0.30389205,
  "t_11" : -0.04846147,
  "timestamp" : 61607052313,
  "fy" : 724.66504,
  "t_12" : 0.46685582,
  "t_13" : -0.03638803,
  "t_21" : 0.81705904,
  "center_depth" : 0.6639246,
  "width" : 1024,
  "blur_score" : 1710.1371,
  "t_00" : -0.35770452,
  "manual_keyframe" : false,
  "t_03" : 0.52423483,
  "t_22" : -0.48996302,
  "t_01" : -0.5745135,
  "cx" : 515.19745
}