{
  "cy" : 383.91187,
  "center_depth" : 0.6802553,
  "t_21" : 0.9830089,
  "t_10" : -0.97474337,
  "t_02" : -0.9674965,
  "t_20" : -0.113503546,
  "t_03" : 0.15953453,
  "cx" : 515.3458,
  "t_01" : -0.16418879,
  "width" : 1024,
  "t_22" : -0.14425737,
  "t_23" : -0.060321078,
  "t_13" : -0.47343805,
  "t_11" : -0.082068786,
  "manual_keyframe" : false,
  "angular_velocity" : 3.4028235e+38,
  "fx" : 723.8265,
  "t_00" : -0.19233355,
  "height" : 768,
  "fy" : 723.8265,
  "timestamp" : 61602618734,
  "t_12" : 0.20770162,
  "blur_score" : 1939.2609
}