{
  "timestamp" : 56314219162,
  "t_13" : -0.0731073,
  "t_11" : 0.058881205,
  "t_02" : -0.87555575,
  "t_20" : 0.15950587,
  "fy" : 718.9284,
  "width" : 1024,
  "height" : 768,
  "blur_score" : 1000.1005,
  "t_01" : 0.24391076,
  "cy" : 384.81836,
  "t_10" : -0.89478964,
  "t_21" : 0.96800846,
  "center_depth" : 0.62540096,
  "t_22" : 0.19369392,
  "manual_keyframe" : false,
  "fx" : 718.9284,
  "cx" : 514.7147,
  "t_00" : -0.4170244,
  "t_03" : 1.1543924,
  "t_23" : 0.5499394,
  "t_12" : 0.4425884,
  "angular_velocity" : 3.4028235e+38
}