{
  "t_20" : 0.36956343,
  "cx" : 514.97595,
  "t_23" : 0.88819677,
  "t_13" : -0.0994575,
  "width" : 1024,
  "t_12" : 0.37619093,
  "timestamp" : 56322653221,
  "t_01" : 0.97933173,
  "height" : 768,
  "manual_keyframe" : false,
  "angular_velocity" : 3.4028235e+38,
  "fx" : 719.5256,
  "t_02" : -0.18955263,
  "t_00" : -0.07056299,
  "t_11" : 0.006054917,
  "t_21" : 0.2021699,
  "cy" : 384.47726,
  "blur_score" : 608.0724,
  "fy" : 719.5256,
  "t_03" : 1.6031824,
  "t_22" : 0.90694547,
  "t_10" : -0.9265225
}