{
  "t_01" : 0.8173487,
  "t_02" : -0.5431938,
  "t_20" : 0.2568702,
  "manual_keyframe" : false,
  "t_11" : -0.009495284,
  "t_12" : 0.3205828,
  "timestamp" : 56320669717,
  "blur_score" : 564.78687,
  "t_10" : -0.9471729,
  "t_03" : 1.399197,
  "width" : 1024,
  "t_13" : -0.09130064,
  "cy" : 384.5574,
  "angular_velocity" : 3.4028235e+38,
  "fy" : 718.9411,
  "t_00" : -0.19204475,
  "t_22" : 0.7759942,
  "t_23" : 0.8335091,
  "fx" : 718.9411,
  "height" : 768,
  "cx" : 514.8814,
  "t_21" : 0.57606477
}