{
  "t_12" : 0.2597005,
  "t_13" : -0.11035135,
  "angular_velocity" : 3.4028235e+38,
  "t_10" : -0.9635046,
  "blur_score" : 632.0604,
  "t_01" : 0.31361154,
  "t_22" : 0.31948406,
  "t_23" : 0.64240104,
  "width" : 1024,
  "t_00" : 0.26676247,
  "t_03" : 2.2839873,
  "fx" : 716.01245,
  "t_11" : 0.06491871,
  "t_02" : 0.91130966,
  "t_20" : 0.022284023,
  "fy" : 716.01245,
  "cx" : 514.8593,
  "t_21" : -0.94732946,
  "cy" : 384.87265,
  "height" : 768,
  "timestamp" : 56328920422,
  "manual_keyframe" : false
}