{
  "t_20" : -0.027180597,
  "t_13" : -0.1612183,
  "center_depth" : 0.91826767,
  "fx" : 717.21,
  "t_02" : 0.93863314,
  "manual_keyframe" : false,
  "fy" : 717.21,
  "angular_velocity" : 3.4028235e+38,
  "cx" : 515.0096,
  "timestamp" : 56330420548,
  "t_22" : 0.1389822,
  "t_23" : 0.48268032,
  "width" : 1024,
  "height" : 768,
  "blur_score" : 661.1368,
  "t_21" : -0.9899218,
  "cy" : 385.04468,
  "t_03" : 2.26131,
  "t_12" : 0.31567663,
  "t_10" : -0.94625896,
  "t_00" : 0.32226586,
  "t_01" : 0.12293287,
  "t_11" : 0.070301846
}