{
  "height" : 768,
  "center_depth" : 1.0453849,
  "t_01" : -0.995428,
  "t_10" : -0.9452865,
  "angular_velocity" : 3.4028235e+38,
  "t_12" : 0.31399643,
  "t_13" : -0.16112112,
  "t_03" : 1.7098364,
  "t_20" : -0.3120086,
  "t_22" : -0.9494035,
  "t_11" : 0.08854138,
  "t_23" : -0.2123656,
  "blur_score" : 1026.3733,
  "cy" : 384.90405,
  "t_00" : -0.09530982,
  "fy" : 717.8389,
  "width" : 1024,
  "fx" : 717.8389,
  "timestamp" : 56338387883,
  "t_21" : 0.03582306,
  "t_02" : -0.0062373714,
  "manual_keyframe" : false,
  "cx" : 514.9275
}