{
  "center_depth" : 1.1748787,
  "t_13" : -0.1702719,
  "t_20" : 0.27832258,
  "timestamp" : 56349288788,
  "cx" : 514.8652,
  "fy" : 718.4011,
  "blur_score" : 586.1015,
  "t_01" : 0.8665451,
  "t_11" : 0.045177,
  "cy" : 384.76413,
  "fx" : 718.4011,
  "t_12" : 0.2958048,
  "t_22" : 0.82187456,
  "t_10" : -0.95417947,
  "t_23" : 0.8163706,
  "height" : 768,
  "t_03" : 1.3948079,
  "angular_velocity" : 3.4028235e+38,
  "manual_keyframe" : false,
  "width" : 1024,
  "t_02" : -0.4868484,
  "t_00" : -0.109899856,
  "t_21" : 0.49704972
}