{
  "cy" : 384.84668,
  "blur_score" : 619.6282,
  "t_23" : 0.5726999,
  "t_01" : 0.29662278,
  "t_13" : -0.24570687,
  "cx" : 514.83734,
  "fx" : 719.8766,
  "t_21" : 0.95253485,
  "t_22" : 0.2692789,
  "center_depth" : 0.5688329,
  "width" : 1024,
  "height" : 768,
  "t_11" : 0.068497054,
  "timestamp" : 56347205282,
  "t_02" : -0.92590505,
  "t_12" : 0.26493093,
  "angular_velocity" : 3.4028235e+38,
  "t_10" : -0.9618314,
  "t_20" : 0.14200634,
  "fy" : 719.8766,
  "t_00" : -0.23391117,
  "manual_keyframe" : false,
  "t_03" : 1.1702532
}