{
  "center_depth" : 1.2750442,
  "t_21" : 0.8167218,
  "t_22" : 0.51747,
  "t_00" : -0.16988865,
  "t_11" : 0.11827812,
  "t_10" : -0.95181286,
  "t_13" : -0.13926913,
  "t_03" : 1.1854677,
  "t_01" : 0.5647792,
  "blur_score" : 597.41205,
  "timestamp" : 56347872004,
  "t_23" : 0.6970984,
  "manual_keyframe" : false,
  "cx" : 515.10443,
  "width" : 1024,
  "fy" : 719.4446,
  "angular_velocity" : 3.4028235e+38,
  "height" : 768,
  "t_20" : 0.25532344,
  "fx" : 719.4446,
  "cy" : 384.9209,
  "t_12" : 0.28295317,
  "t_02" : -0.80756545
}