{
  "t_13" : -0.17199661,
  "t_03" : 1.4081298,
  "t_10" : -0.94894147,
  "cy" : 384.72296,
  "height" : 768,
  "t_01" : 0.90108794,
  "width" : 1024,
  "manual_keyframe" : false,
  "t_21" : 0.43126065,
  "t_02" : -0.4228601,
  "t_00" : -0.09607022,
  "angular_velocity" : 3.4028235e+38,
  "center_depth" : 1.3964273,
  "fx" : 718.4265,
  "t_12" : 0.31217873,
  "t_11" : 0.045326244,
  "t_20" : 0.30046713,
  "t_22" : 0.85072523,
  "t_23" : 0.8290972,
  "blur_score" : 617.6401,
  "fy" : 718.4265,
  "cx" : 514.9257,
  "timestamp" : 56349455469
}