{
  "t_13" : -0.19188681,
  "t_03" : 1.1816406,
  "t_10" : -0.9643705,
  "cy" : 384.7772,
  "height" : 768,
  "t_01" : -0.25723046,
  "width" : 1024,
  "manual_keyframe" : false,
  "t_21" : 0.9620164,
  "t_02" : -0.9296714,
  "t_00" : -0.26371044,
  "angular_velocity" : 3.4028235e+38,
  "center_depth" : 1.6936154,
  "t_12" : 0.2482598,
  "fx" : 716.93677,
  "t_11" : 0.09141409,
  "t_20" : 0.02112508,
  "t_22" : -0.27217233,
  "t_23" : 0.15076897,
  "blur_score" : 794.0163,
  "fy" : 716.93677,
  "cx" : 515.1076,
  "timestamp" : 56343955014
}