{
  "height" : 768,
  "blur_score" : 685.32294,
  "fy" : 717.4864,
  "t_20" : 0.09043479,
  "fx" : 717.4864,
  "t_12" : 0.21693589,
  "timestamp" : 56344738412,
  "t_21" : 0.9930731,
  "center_depth" : 2.0922964,
  "t_13" : -0.14876944,
  "t_22" : -0.07501415,
  "t_23" : 0.24904954,
  "t_11" : 0.10477023,
  "t_10" : -0.97054726,
  "t_01" : -0.053186223,
  "t_00" : -0.22329246,
  "manual_keyframe" : false,
  "cy" : 384.88528,
  "cx" : 515.0457,
  "t_02" : -0.9732992,
  "t_03" : 1.1267313,
  "angular_velocity" : 3.4028235e+38,
  "width" : 1024
}