{
  "cx" : 514.9178,
  "fx" : 718.652,
  "t_00" : 0.12777317,
  "t_12" : 0.2311548,
  "height" : 768,
  "t_02" : -0.011501535,
  "fy" : 718.652,
  "t_11" : 0.12695746,
  "t_20" : 0.2307049,
  "t_10" : -0.964598,
  "t_23" : 0.9492162,
  "t_01" : 0.9917367,
  "cy" : 384.8622,
  "angular_velocity" : 3.4028235e+38,
  "timestamp" : 56351688985,
  "t_13" : -0.1284548,
  "blur_score" : 512.6528,
  "manual_keyframe" : false,
  "width" : 1024,
  "t_21" : -0.018441029,
  "t_03" : 1.649943,
  "t_22" : 0.97284895
}