{
  "height" : 768,
  "t_11" : 0.1635501,
  "t_01" : 0.9772925,
  "t_23" : 0.9688352,
  "t_20" : 0.18870439,
  "t_00" : 0.18733913,
  "t_13" : -0.11171304,
  "width" : 1024,
  "angular_velocity" : 3.4028235e+38,
  "cx" : 515.0887,
  "t_22" : 0.9727486,
  "manual_keyframe" : false,
  "t_03" : 1.7027029,
  "fx" : 717.88495,
  "timestamp" : 56352555723,
  "center_depth" : 1.7153515,
  "t_02" : 0.099010974,
  "blur_score" : 525.81714,
  "fy" : 717.88495,
  "t_10" : -0.96399933,
  "t_12" : 0.20965844,
  "cy" : 385.04837,
  "t_21" : -0.13472375
}