{
  "height" : 768,
  "t_11" : 0.116531074,
  "t_01" : 0.9813699,
  "t_23" : 0.9705952,
  "t_20" : 0.23364303,
  "t_00" : 0.15043351,
  "t_13" : -0.12910694,
  "width" : 1024,
  "angular_velocity" : 3.4028235e+38,
  "cx" : 514.9544,
  "t_22" : 0.9602486,
  "manual_keyframe" : false,
  "fx" : 717.6944,
  "t_03" : 1.7378412,
  "timestamp" : 56352739071,
  "center_depth" : 0.95854354,
  "t_02" : 0.11950933,
  "blur_score" : 559.7607,
  "fy" : 717.6944,
  "t_10" : -0.96061474,
  "cy" : 385.12735,
  "t_12" : 0.25226936,
  "t_21" : -0.15275219
}