{
  "angular_velocity" : 3.4028235e+38,
  "t_21" : -0.73761576,
  "width" : 1024,
  "manual_keyframe" : false,
  "t_03" : 2.0730355,
  "t_01" : 0.65509224,
  "t_11" : 0.16363649,
  "center_depth" : 1.1711664,
  "fx" : 718.0359,
  "t_12" : 0.26996043,
  "cy" : 384.94498,
  "t_13" : -0.08867152,
  "t_02" : 0.68941915,
  "cx" : 514.9301,
  "fy" : 718.0359,
  "t_22" : 0.67217726,
  "timestamp" : 56355072595,
  "blur_score" : 554.3147,
  "height" : 768,
  "t_10" : -0.9488648,
  "t_20" : 0.06403485,
  "t_23" : 0.8482468,
  "t_00" : 0.30911982
}