{
  "t_13" : -0.14948353,
  "t_03" : 1.8414241,
  "t_10" : -0.92808867,
  "cy" : 384.8331,
  "height" : 768,
  "t_01" : -0.97642463,
  "width" : 1024,
  "manual_keyframe" : false,
  "t_21" : -0.16654152,
  "t_02" : 0.20483796,
  "t_00" : -0.06808896,
  "angular_velocity" : 3.4028235e+38,
  "center_depth" : 0.8375067,
  "fx" : 717.5292,
  "t_12" : 0.34611082,
  "t_11" : 0.13732676,
  "t_20" : -0.36608088,
  "t_22" : -0.91555905,
  "t_23" : -0.17096724,
  "blur_score" : 1041.7476,
  "fy" : 717.5292,
  "cx" : 514.8789,
  "timestamp" : 56362923229
}