{
  "center_depth" : 0.75869024,
  "t_21" : 0.81171614,
  "t_22" : -0.58186495,
  "t_00" : -0.21857037,
  "t_01" : -0.57746667,
  "t_10" : -0.97451377,
  "t_13" : -0.29879162,
  "t_03" : 1.2486907,
  "t_11" : 0.0874574,
  "blur_score" : 582.83856,
  "timestamp" : 56367390254,
  "t_23" : 0.069804,
  "manual_keyframe" : false,
  "cx" : 514.94525,
  "width" : 1024,
  "fy" : 720.72784,
  "angular_velocity" : 3.4028235e+38,
  "height" : 768,
  "t_20" : -0.05049633,
  "fx" : 720.72784,
  "cy" : 384.79056,
  "t_12" : 0.20657708,
  "t_02" : -0.7866123
}