{
  "t_21" : 0.99257666,
  "fx" : 719.8416,
  "t_03" : 1.1346036,
  "t_12" : 0.30141944,
  "t_10" : -0.94632614,
  "t_23" : 0.4024772,
  "cy" : 384.9828,
  "angular_velocity" : 3.4028235e+38,
  "blur_score" : 610.7138,
  "timestamp" : 56369757110,
  "t_02" : -0.9534883,
  "cx" : 515.00806,
  "t_00" : -0.2994687,
  "center_depth" : 0.6107128,
  "width" : 1024,
  "fy" : 719.8416,
  "t_20" : 0.12159453,
  "height" : 768,
  "manual_keyframe" : false,
  "t_01" : 0.034324806,
  "t_11" : 0.116675116,
  "t_22" : -0.0024580902,
  "t_13" : -0.18187293
}