{
  "t_22" : -0.46168497,
  "cy" : 384.95798,
  "fy" : 717.8341,
  "t_23" : 0.06902665,
  "t_10" : -0.91599894,
  "width" : 1024,
  "height" : 768,
  "fx" : 717.8341,
  "cx" : 514.8892,
  "t_03" : 2.1759665,
  "t_11" : 0.11216545,
  "t_13" : -0.104755,
  "angular_velocity" : 3.4028235e+38,
  "t_02" : 0.79905057,
  "t_12" : 0.38518152,
  "t_21" : -0.8360186,
  "t_20" : -0.2965123,
  "t_00" : 0.27023384,
  "blur_score" : 947.8317,
  "center_depth" : 0.85142016,
  "t_01" : -0.5371141,
  "timestamp" : 56360139671,
  "manual_keyframe" : false
}