{
  "t_03" : 1.1606648,
  "t_02" : -0.96215034,
  "fx" : 720.12274,
  "t_11" : 0.1280381,
  "angular_velocity" : 3.4028235e+38,
  "cy" : 385.10138,
  "t_12" : 0.27137232,
  "t_01" : 0.06180338,
  "cx" : 515.01654,
  "t_23" : 0.39506003,
  "blur_score" : 557.92084,
  "center_depth" : 0.97858614,
  "width" : 1024,
  "fy" : 720.12274,
  "t_22" : 0.02497184,
  "height" : 768,
  "timestamp" : 56369540427,
  "t_21" : 0.9898416,
  "t_20" : 0.13996363,
  "manual_keyframe" : false,
  "t_00" : -0.26541826,
  "t_10" : -0.95391995,
  "t_13" : -0.18760648
}