{"vertexCount":59562,"faceCount":354465,"yAlignmentRotation":1.586663007736206,"xPlusArea":0.006256371270865202,"xMinusArea":0.00833871029317379,"horizontalUpArea":1.9687470197677612,"yMinusArea":0.002550675766542554,"zPlusArea":0.009380386210978031,"zMinusArea":0.010441315360367298,"totalArea":4.892886638641357,"bboxSize":[2.8534364700317383,0.6814702749252319,2.891873359680176],"bboxCenter":[0.0,-0.05163140594959259,0.0],"alignmentTransform":[-0.01586601510643959,0.0,0.9998741149902344,0.0,0.0,1.0,0.0,0.0,-0.9998741149902344,0.0,-0.01586601510643959,0.0,0.4166257977485657,0.39236655831336975,-1.7295036315917969,1.0]}