{
  "blur_score" : 259.22485,
  "width" : 1024,
  "cy" : 384.2356,
  "center_depth" : 0.76112807,
  "manual_keyframe" : false,
  "height" : 768,
  "t_10" : -0.9254998,
  "t_02" : -0.86516035,
  "t_01" : 0.3474931,
  "t_03" : 0.74366665,
  "cx" : 515.1862,
  "t_00" : -0.36158776,
  "fx" : 720.9597,
  "angular_velocity" : 3.4028235e+38,
  "timestamp" : 60115705957,
  "t_20" : 0.11271382,
  "t_22" : 0.32941383,
  "t_23" : 0.63177675,
  "t_21" : 0.9374336,
  "t_12" : 0.37813184,
  "t_13" : -0.22433962,
  "fy" : 720.9597,
  "t_11" : -0.021596465
}