{
  "timestamp" : 60124789991,
  "t_03" : 1.7148901,
  "t_01" : 0.9827318,
  "t_02" : 0.17709477,
  "cy" : 383.8692,
  "t_10" : -0.9725704,
  "fx" : 721.217,
  "t_20" : 0.22634345,
  "t_11" : -0.09159788,
  "t_22" : 0.9606876,
  "t_23" : 1.2199924,
  "t_21" : -0.16077216,
  "center_depth" : 0.87023044,
  "t_13" : -0.38144317,
  "height" : 768,
  "t_12" : 0.21381411,
  "t_00" : -0.053621605,
  "cx" : 515.38324,
  "angular_velocity" : 3.4028235e+38,
  "width" : 1024,
  "blur_score" : 249.76424,
  "manual_keyframe" : false,
  "fy" : 721.217
}