{
  "fy" : 723.26587,
  "cy" : 383.72913,
  "t_11" : -0.13136227,
  "t_00" : -0.15794897,
  "t_12" : 0.23167214,
  "cx" : 515.3293,
  "t_03" : 1.4560767,
  "fx" : 723.26587,
  "t_02" : -0.10014113,
  "t_21" : 0.13311677,
  "t_23" : 1.2206578,
  "height" : 768,
  "timestamp" : 60122639828,
  "t_10" : -0.96388376,
  "t_20" : 0.21442978,
  "angular_velocity" : 3.4028235e+38,
  "t_22" : 0.9676257,
  "manual_keyframe" : false,
  "blur_score" : 178.39394,
  "center_depth" : 1.0290076,
  "width" : 1024,
  "t_13" : -0.40389106,
  "t_01" : 0.98235613
}