{
  "t_11" : -0.14884214,
  "t_23" : 1.1514968,
  "t_12" : 0.26237947,
  "fy" : 722.67175,
  "fx" : 722.67175,
  "timestamp" : 60121823099,
  "cx" : 515.16187,
  "blur_score" : 183.64926,
  "t_03" : 1.3088336,
  "manual_keyframe" : false,
  "t_10" : -0.9534164,
  "t_13" : -0.4158601,
  "cy" : 383.7777,
  "t_01" : 0.92604184,
  "t_00" : -0.22745383,
  "angular_velocity" : 3.4028235e+38,
  "height" : 768,
  "t_21" : 0.34683174,
  "t_02" : -0.30118266,
  "width" : 1024,
  "t_22" : 0.9167583,
  "t_20" : 0.19814572
}