{
  "t_10" : -0.92441285,
  "t_22" : 0.34318015,
  "angular_velocity" : 3.4028235e+38,
  "width" : 1024,
  "height" : 768,
  "timestamp" : 60133840667,
  "blur_score" : 147.74055,
  "fy" : 726.2104,
  "cx" : 515.06384,
  "t_02" : 0.86150795,
  "t_00" : 0.31713557,
  "t_20" : 0.21186274,
  "t_21" : -0.9150636,
  "t_13" : -0.44971946,
  "t_23" : 0.5580139,
  "t_12" : 0.37420723,
  "manual_keyframe" : false,
  "t_11" : -0.07368683,
  "cy" : 383.88834,
  "t_03" : 2.3674939,
  "t_01" : 0.39652076,
  "fx" : 726.2104
}