{
  "t_00" : 0.37042004,
  "t_13" : -0.34070182,
  "t_01" : 0.20962536,
  "t_10" : -0.9244669,
  "fy" : 724.44434,
  "t_22" : 0.1895384,
  "height" : 768,
  "t_12" : 0.38108924,
  "manual_keyframe" : false,
  "angular_velocity" : 3.4028235e+38,
  "timestamp" : 60134457379,
  "fx" : 724.44434,
  "t_03" : 2.407502,
  "cx" : 515.26044,
  "cy" : 383.94833,
  "t_21" : -0.9777142,
  "t_23" : 0.48743665,
  "blur_score" : 173.95218,
  "center_depth" : 0.8966852,
  "width" : 1024,
  "t_11" : -0.011482264,
  "t_20" : 0.09027627,
  "t_02" : 0.90490097
}