{
  "t_03" : 2.3436937,
  "t_13" : -0.09603986,
  "t_10" : -0.84012944,
  "t_20" : -0.1517999,
  "t_01" : -0.45351,
  "manual_keyframe" : false,
  "fy" : 721.7729,
  "t_02" : 0.7233182,
  "blur_score" : 227.54745,
  "t_11" : -0.121552326,
  "t_22" : -0.44430062,
  "width" : 1024,
  "cx" : 514.8235,
  "t_12" : 0.52859,
  "fx" : 721.7729,
  "t_21" : -0.88292325,
  "angular_velocity" : 3.4028235e+38,
  "height" : 768,
  "t_23" : -0.003085877,
  "timestamp" : 60140524489,
  "t_00" : 0.52071023,
  "cy" : 383.85596
}