{
  "angular_velocity" : 3.4028235e+38,
  "height" : 768,
  "t_00" : 0.2290262,
  "t_02" : 0.19774841,
  "fx" : 721.52356,
  "t_10" : -0.8440197,
  "fy" : 721.52356,
  "cy" : 383.87823,
  "timestamp" : 60147574999,
  "width" : 1024,
  "blur_score" : 213.9101,
  "t_01" : -0.95312244,
  "t_23" : -0.55496216,
  "cx" : 515.0233,
  "t_12" : 0.528146,
  "t_13" : -0.12803525,
  "t_22" : -0.8258069,
  "t_20" : -0.48495117,
  "center_depth" : 0.7024421,
  "manual_keyframe" : false,
  "t_11" : -0.09323311,
  "t_03" : 1.9088844,
  "t_21" : -0.2878628
}