{
  "width" : 1024,
  "t_10" : -0.77762574,
  "t_00" : 0.19507016,
  "t_20" : -0.59770036,
  "t_11" : -0.20690906,
  "fy" : 723.2928,
  "cy" : 383.59344,
  "t_02" : -0.08502293,
  "manual_keyframe" : false,
  "height" : 768,
  "t_12" : 0.59370595,
  "cx" : 514.8207,
  "t_01" : -0.977097,
  "t_13" : -0.29029575,
  "angular_velocity" : 3.4028235e+38,
  "t_23" : -0.5057126,
  "timestamp" : 60149558475,
  "center_depth" : 0.99338365,
  "t_21" : -0.049698263,
  "t_22" : -0.8001775,
  "blur_score" : 197.02611,
  "t_03" : 1.750177,
  "fx" : 723.2928
}