{
  "t_00" : -0.19940573,
  "width" : 1024,
  "t_22" : -0.5296373,
  "blur_score" : 328.331,
  "center_depth" : 0.7789798,
  "cy" : 383.96494,
  "angular_velocity" : 3.4028235e+38,
  "t_23" : -0.22261152,
  "t_12" : 0.27163878,
  "t_20" : -0.19045915,
  "timestamp" : 60159425835,
  "cx" : 515.37244,
  "t_02" : -0.8035523,
  "fx" : 721.5521,
  "t_21" : 0.8265647,
  "t_13" : -0.591201,
  "t_11" : -0.04743121,
  "t_10" : -0.96122974,
  "height" : 768,
  "t_03" : 0.99082786,
  "manual_keyframe" : false,
  "fy" : 721.5521,
  "t_01" : -0.5608392
}