{
  "t_13" : -0.11090546,
  "t_00" : -0.057769362,
  "t_23" : -0.34053782,
  "blur_score" : 199.80197,
  "cx" : 515.2362,
  "center_depth" : 1.1022345,
  "t_21" : 0.12634005,
  "width" : 1024,
  "timestamp" : 60153225401,
  "t_01" : -0.99187624,
  "manual_keyframe" : false,
  "t_20" : -0.34359545,
  "t_02" : -0.11333178,
  "cy" : 384.10886,
  "t_22" : -0.93058056,
  "angular_velocity" : 3.4028235e+38,
  "t_10" : -0.9373393,
  "fy" : 721.49023,
  "fx" : 721.49023,
  "t_03" : 1.5706468,
  "t_11" : 0.014818751,
  "height" : 768,
  "t_12" : 0.3481028
}