{
  "width" : 1024,
  "cy" : 383.50714,
  "t_11" : -0.16064139,
  "angular_velocity" : 3.4028235e+38,
  "t_00" : 0.12605596,
  "timestamp" : 60150008507,
  "t_02" : -0.10643524,
  "cx" : 514.6147,
  "manual_keyframe" : false,
  "fx" : 722.6544,
  "t_03" : 1.7609153,
  "t_13" : -0.4360571,
  "t_01" : -0.98629665,
  "t_21" : 0.037588686,
  "t_23" : -0.50301,
  "fy" : 722.6544,
  "t_20" : -0.4564737,
  "blur_score" : 111.84371,
  "t_22" : -0.88894236,
  "t_10" : -0.8807619,
  "t_12" : 0.4454803,
  "height" : 768
}