{
  "timestamp" : 60159242489,
  "manual_keyframe" : false,
  "fy" : 721.59344,
  "t_12" : 0.26803702,
  "t_10" : -0.96252054,
  "t_03" : 0.9907158,
  "width" : 1024,
  "t_13" : -0.5710262,
  "cx" : 515.2819,
  "angular_velocity" : 3.4028235e+38,
  "t_20" : -0.18371671,
  "t_21" : 0.8264354,
  "cy" : 383.9368,
  "t_02" : -0.8030588,
  "t_01" : -0.5615104,
  "t_00" : -0.19950515,
  "t_22" : -0.5322146,
  "t_23" : -0.22010627,
  "t_11" : -0.041355792,
  "blur_score" : 303.81537,
  "center_depth" : 0.80452555,
  "fx" : 721.59344,
  "height" : 768
}