{
  "t_13" : -0.058262613,
  "t_11" : -0.02472146,
  "width" : 1024,
  "cy" : 384.27234,
  "fx" : 734.5168,
  "fy" : 734.5168,
  "t_03" : 1.3192762,
  "t_12" : 0.5045931,
  "t_20" : -0.4249567,
  "cx" : 515.0922,
  "t_22" : -0.69859904,
  "t_01" : -0.8173235,
  "blur_score" : 46.13495,
  "t_00" : -0.2731978,
  "height" : 768,
  "t_21" : 0.5756484,
  "timestamp" : 60155242210,
  "t_23" : -0.1637032,
  "angular_velocity" : 3.4028235e+38,
  "manual_keyframe" : false,
  "t_10" : -0.8630034,
  "t_02" : -0.5072919
}