{
  "angular_velocity" : 3.4028235e+38,
  "cy" : 384.09628,
  "blur_score" : 137.7485,
  "t_12" : 0.31898195,
  "t_13" : -0.2677771,
  "center_depth" : 0.46897426,
  "width" : 1024,
  "height" : 768,
  "fx" : 725.88635,
  "manual_keyframe" : false,
  "cx" : 515.5857,
  "t_21" : 0.99395627,
  "t_23" : 0.40585482,
  "t_00" : -0.3161706,
  "timestamp" : 60162742729,
  "t_01" : -0.10942505,
  "fy" : 725.88635,
  "t_10" : -0.94772035,
  "t_20" : -0.0431538,
  "t_02" : -0.9423704,
  "t_03" : 0.88934827,
  "t_11" : -0.0087536555,
  "t_22" : -0.10093669
}