{
  "t_20" : 0.0165024,
  "t_23" : 0.78139997,
  "cx" : 515.3444,
  "t_11" : -0.06857553,
  "t_02" : -0.9120577,
  "t_21" : 0.9445435,
  "t_22" : 0.327971,
  "angular_velocity" : 3.4028235e+38,
  "timestamp" : 60166526318,
  "t_03" : 0.86491615,
  "t_13" : -0.408426,
  "blur_score" : 110.701675,
  "fx" : 726.7361,
  "height" : 768,
  "t_00" : -0.25498185,
  "cy" : 384.08682,
  "fy" : 726.7361,
  "width" : 1024,
  "t_10" : -0.966805,
  "t_12" : 0.24614117,
  "t_01" : 0.32114595,
  "manual_keyframe" : false
}