{
  "manual_keyframe" : false,
  "t_13" : -0.5244348,
  "t_11" : -0.055759363,
  "t_00" : -0.22870392,
  "t_10" : -0.96124834,
  "angular_velocity" : 3.4028235e+38,
  "blur_score" : 227.31296,
  "height" : 768,
  "fy" : 721.8253,
  "t_03" : 0.9648797,
  "t_12" : 0.26998606,
  "t_01" : -0.38554722,
  "t_02" : -0.89389455,
  "fx" : 721.8253,
  "t_21" : 0.9210016,
  "t_20" : -0.15393539,
  "cx" : 515.36786,
  "t_22" : -0.35785422,
  "cy" : 383.8693,
  "t_23" : 0.076585084,
  "width" : 1024,
  "timestamp" : 60160792596
}