{
  "t_00" : -0.33032012,
  "width" : 1024,
  "t_22" : 0.1321984,
  "blur_score" : 124.39388,
  "center_depth" : 0.7350172,
  "cy" : 384.2439,
  "angular_velocity" : 3.4028235e+38,
  "t_23" : 0.5932586,
  "t_12" : 0.3318384,
  "t_20" : 0.03390243,
  "timestamp" : 60165076220,
  "fx" : 725.32733,
  "t_02" : -0.9340271,
  "cx" : 515.0344,
  "t_21" : 0.99064314,
  "t_13" : -0.3050252,
  "t_10" : -0.9432599,
  "t_11" : -0.012001979,
  "height" : 768,
  "t_03" : 0.85626376,
  "manual_keyframe" : false,
  "fy" : 725.32733,
  "t_01" : 0.13594753
}