{
  "center_depth" : 1.6851144,
  "t_01" : 0.65157896,
  "t_10" : -0.9406986,
  "cy" : 384.19724,
  "fy" : 726.1325,
  "cx" : 515.197,
  "t_02" : 0.7131708,
  "t_21" : -0.7585781,
  "height" : 768,
  "timestamp" : 60183444113,
  "t_11" : 0.0019241585,
  "t_00" : 0.25851873,
  "t_03" : 2.4081087,
  "t_12" : 0.33923772,
  "t_20" : 0.21966791,
  "angular_velocity" : 3.4028235e+38,
  "t_13" : -0.43343005,
  "width" : 1024,
  "blur_score" : 167.45956,
  "t_22" : 0.6134369,
  "fx" : 726.1325,
  "t_23" : 0.69348836,
  "manual_keyframe" : false
}