{
  "cy" : 384.28403,
  "t_02" : 0.88413966,
  "height" : 768,
  "t_10" : -0.91901606,
  "t_20" : 0.113980725,
  "cx" : 514.97394,
  "angular_velocity" : 3.4028235e+38,
  "t_13" : -0.20325632,
  "t_21" : -0.96129256,
  "blur_score" : 200.41676,
  "t_22" : 0.25084797,
  "width" : 1024,
  "timestamp" : 60186294298,
  "center_depth" : 0.77191806,
  "t_00" : 0.37738273,
  "t_12" : 0.39417258,
  "t_01" : 0.27546147,
  "fy" : 722.42096,
  "t_03" : 2.4766295,
  "t_23" : 0.39756364,
  "fx" : 722.42096,
  "manual_keyframe" : false,
  "t_11" : -0.00610919
}