{
  "t_11" : -0.06070304,
  "t_20" : -0.5991768,
  "cy" : 383.96512,
  "angular_velocity" : 3.4028235e+38,
  "timestamp" : 60197245003,
  "t_13" : -0.22817023,
  "t_12" : 0.60649645,
  "t_00" : -0.111847416,
  "t_10" : -0.7927656,
  "cx" : 514.7689,
  "fx" : 726.12775,
  "blur_score" : 103.23177,
  "fy" : 726.12775,
  "t_22" : -0.75715524,
  "width" : 1024,
  "height" : 768,
  "center_depth" : 0.6721287,
  "t_23" : -0.33077964,
  "t_02" : -0.24264766,
  "manual_keyframe" : false,
  "t_03" : 1.5399407,
  "t_01" : -0.96364534,
  "t_21" : 0.26019782
}