{
  "width" : 1024,
  "t_02" : 0.6955822,
  "fy" : 729.1613,
  "cx" : 514.8252,
  "t_00" : 0.48619246,
  "t_13" : -0.16338405,
  "t_12" : 0.51538,
  "angular_velocity" : 3.4028235e+38,
  "t_01" : -0.52894413,
  "fx" : 729.1613,
  "t_21" : -0.84224546,
  "t_23" : -0.042539295,
  "blur_score" : 78.92433,
  "height" : 768,
  "timestamp" : 60190927932,
  "cy" : 383.92416,
  "t_03" : 2.1893942,
  "t_20" : -0.20018482,
  "t_10" : -0.8506132,
  "t_22" : -0.50054824,
  "t_11" : -0.104117796,
  "manual_keyframe" : false
}