{
  "fx" : 725.29553,
  "t_11" : -0.02719355,
  "width" : 1024,
  "fy" : 725.29553,
  "t_02" : -0.47590783,
  "t_12" : 0.5021418,
  "cx" : 515.16113,
  "cy" : 383.7782,
  "t_03" : 1.3060813,
  "t_23" : -0.15506686,
  "blur_score" : 167.59787,
  "angular_velocity" : 3.4028235e+38,
  "t_01" : -0.8432309,
  "t_00" : -0.2499461,
  "t_20" : -0.43636316,
  "t_21" : 0.53686297,
  "manual_keyframe" : false,
  "t_10" : -0.86435753,
  "height" : 768,
  "t_22" : -0.72205603,
  "timestamp" : 60198211730,
  "t_13" : -0.42278662
}