{
  "t_21" : -0.5547237,
  "t_11" : -0.05229888,
  "t_02" : 0.43456975,
  "t_12" : 0.56230056,
  "fx" : 723.25946,
  "height" : 768,
  "timestamp" : 60192528035,
  "manual_keyframe" : false,
  "t_10" : -0.8252773,
  "blur_score" : 188.08495,
  "t_01" : -0.830389,
  "t_23" : -0.22557864,
  "t_22" : -0.7035388,
  "fy" : 723.25946,
  "width" : 1024,
  "t_00" : 0.3487158,
  "angular_velocity" : 3.4028235e+38,
  "t_13" : -0.06737116,
  "cy" : 383.85623,
  "t_03" : 2.0608916,
  "cx" : 514.969,
  "t_20" : -0.44420078
}