{
  "t_20" : -0.44615805,
  "cx" : 514.90204,
  "t_00" : 0.34623325,
  "t_11" : -0.052398853,
  "t_01" : -0.83355635,
  "t_02" : 0.4304723,
  "t_21" : -0.54994375,
  "angular_velocity" : 3.4028235e+38,
  "blur_score" : 199.80757,
  "t_03" : 2.0550284,
  "width" : 1024,
  "manual_keyframe" : false,
  "t_23" : -0.23252577,
  "height" : 768,
  "fx" : 722.9911,
  "t_12" : 0.56230676,
  "t_10" : -0.82526696,
  "t_13" : -0.073439874,
  "t_22" : -0.70604867,
  "center_depth" : 0.79538375,
  "cy" : 383.8934,
  "fy" : 722.9911,
  "timestamp" : 60192644709
}