{
  "t_22" : -0.5382834,
  "angular_velocity" : 3.4028235e+38,
  "t_12" : 0.5323459,
  "width" : 1024,
  "manual_keyframe" : false,
  "t_21" : -0.81161284,
  "t_11" : -0.118623,
  "cx" : 514.9955,
  "t_00" : 0.49591163,
  "height" : 768,
  "blur_score" : 95.431206,
  "t_03" : 2.1849842,
  "t_10" : -0.83817434,
  "timestamp" : 60191244619,
  "fy" : 728.39575,
  "t_01" : -0.57202524,
  "t_23" : -0.116757676,
  "t_13" : -0.08370616,
  "fx" : 728.39575,
  "cy" : 383.96454,
  "t_02" : 0.65334404,
  "t_20" : -0.22701375
}