{
  "t_02" : -0.88859814,
  "t_22" : 0.17594147,
  "t_23" : 0.6586986,
  "angular_velocity" : 3.4028235e+38,
  "t_01" : 0.18509331,
  "t_12" : 0.42360082,
  "fy" : 723.2436,
  "cx" : 515.11993,
  "t_20" : 0.060800225,
  "blur_score" : 206.02454,
  "cy" : 384.09348,
  "t_10" : -0.9056322,
  "fx" : 723.2436,
  "height" : 768,
  "timestamp" : 60205645527,
  "manual_keyframe" : false,
  "t_13" : -0.25946286,
  "t_03" : 0.8217673,
  "t_21" : 0.98252106,
  "width" : 1024,
  "t_00" : -0.41968265,
  "t_11" : -0.0198126
}