{
  "t_20" : 0.11098557,
  "t_12" : 0.502449,
  "t_01" : 0.40031072,
  "manual_keyframe" : false,
  "t_02" : -0.7653359,
  "blur_score" : 104.37629,
  "cy" : 383.86404,
  "t_21" : 0.90877724,
  "t_22" : 0.4022509,
  "width" : 1024,
  "t_03" : 1.021933,
  "fx" : 726.0706,
  "t_23" : 0.8034553,
  "t_10" : -0.85654545,
  "t_00" : -0.5039961,
  "angular_velocity" : 3.4028235e+38,
  "height" : 768,
  "timestamp" : 60207128951,
  "cx" : 515.11633,
  "fy" : 726.0706,
  "t_13" : -0.049394432,
  "t_11" : -0.11779162
}