{
  "manual_keyframe" : false,
  "t_11" : 0.0481169,
  "t_20" : -0.09212657,
  "t_10" : -0.9642697,
  "t_00" : 0.24838799,
  "fx" : 736.151,
  "cx" : 515.33575,
  "t_03" : 0.1469715,
  "t_02" : 0.95221066,
  "t_13" : -0.043406192,
  "t_23" : -0.26666853,
  "blur_score" : 105.92158,
  "height" : 768,
  "timestamp" : 60467673365,
  "t_01" : -0.17775913,
  "angular_velocity" : 3.4028235e+38,
  "t_12" : 0.26051617,
  "t_21" : -0.98289704,
  "center_depth" : 0.38922212,
  "cy" : 384.3721,
  "t_22" : -0.15945615,
  "fy" : 736.151,
  "width" : 1024
}