{
  "manual_keyframe" : false,
  "t_00" : 0.1146366,
  "height" : 768,
  "t_22" : 0.3311818,
  "cx" : 515.5206,
  "t_23" : -0.0004040179,
  "t_10" : -0.9933651,
  "t_03" : 0.17446157,
  "t_02" : 0.93699247,
  "t_12" : 0.11119264,
  "fy" : 726.9807,
  "blur_score" : 157.58965,
  "t_20" : 0.0091830455,
  "t_01" : 0.33000553,
  "width" : 1024,
  "t_21" : -0.9435224,
  "cy" : 384.16455,
  "fx" : 726.9807,
  "t_11" : 0.029361106,
  "t_13" : -0.071774594,
  "angular_velocity" : 3.4028235e+38,
  "timestamp" : 60465173186
}