{
  "manual_keyframe" : false,
  "height" : 768,
  "t_10" : -0.9490147,
  "fx" : 733.57336,
  "t_12" : 0.31325167,
  "cx" : 515.7357,
  "timestamp" : 60468473422,
  "t_03" : 0.13560593,
  "blur_score" : 135.62674,
  "t_11" : 0.035276465,
  "t_22" : -0.35060966,
  "t_00" : 0.27720666,
  "width" : 1024,
  "t_01" : -0.37975016,
  "t_20" : -0.15009171,
  "fy" : 733.57336,
  "t_02" : 0.88257915,
  "t_21" : -0.9244162,
  "angular_velocity" : 3.4028235e+38,
  "cy" : 384.16455,
  "t_13" : 0.027115755,
  "t_23" : -0.37570533
}