{
  "cy" : 384.17236,
  "blur_score" : 100.84982,
  "t_20" : -0.17454533,
  "t_01" : -0.37967858,
  "cx" : 515.6262,
  "fx" : 732.7951,
  "t_21" : -0.92394054,
  "t_02" : 0.8716776,
  "t_23" : -0.38404784,
  "t_22" : -0.34039348,
  "t_13" : 0.119406715,
  "t_03" : 0.110018566,
  "width" : 1024,
  "height" : 768,
  "manual_keyframe" : false,
  "fy" : 732.7951,
  "timestamp" : 60468740108,
  "t_00" : 0.30987448,
  "t_11" : 0.046668,
  "t_10" : -0.9346185,
  "t_12" : 0.35257673,
  "angular_velocity" : 3.4028235e+38
}