{
  "t_23" : -0.3587595,
  "center_depth" : 0.40906093,
  "fy" : 734.0784,
  "t_02" : 0.89692795,
  "t_21" : -0.91780114,
  "width" : 1024,
  "t_01" : -0.39414945,
  "cy" : 384.14667,
  "angular_velocity" : 3.4028235e+38,
  "blur_score" : 126.54485,
  "t_22" : -0.372795,
  "t_12" : 0.23778959,
  "t_13" : -0.031328067,
  "cx" : 515.6003,
  "t_20" : -0.13661964,
  "timestamp" : 60468273408,
  "t_10" : -0.9701386,
  "t_03" : 0.15426734,
  "manual_keyframe" : false,
  "fx" : 734.0784,
  "t_00" : 0.20041488,
  "height" : 768,
  "t_11" : 0.047824312
}