{
  "timestamp" : 60477974081,
  "cy" : 384.2072,
  "fx" : 733.60986,
  "t_00" : -0.39119947,
  "t_10" : -0.80097985,
  "height" : 768,
  "t_23" : -0.4898178,
  "manual_keyframe" : false,
  "t_21" : 0.6450314,
  "t_01" : -0.76411194,
  "t_03" : -0.5046638,
  "t_02" : -0.51292896,
  "t_13" : 0.16978382,
  "t_11" : 0.008226177,
  "t_20" : -0.4532046,
  "cx" : 514.7079,
  "t_22" : -0.6152563,
  "angular_velocity" : 3.4028235e+38,
  "blur_score" : 109.0508,
  "width" : 1024,
  "t_12" : 0.5986349,
  "fy" : 733.60986
}