{
  "t_10" : -0.92226666,
  "t_03" : 0.018723141,
  "fy" : 731.65796,
  "t_11" : 0.051659428,
  "t_01" : -0.76892,
  "t_23" : -0.5799635,
  "t_02" : 0.6045489,
  "t_20" : -0.32579374,
  "blur_score" : 141.74617,
  "t_22" : -0.69840187,
  "t_12" : 0.38308674,
  "t_21" : -0.6372545,
  "angular_velocity" : 3.4028235e+38,
  "height" : 768,
  "cx" : 515.2126,
  "manual_keyframe" : false,
  "cy" : 384.3088,
  "timestamp" : 60472040340,
  "width" : 1024,
  "t_13" : 0.06016621,
  "fx" : 731.65796,
  "t_00" : 0.20804471
}