{
  "fx" : 731.9295,
  "blur_score" : 149.2131,
  "center_depth" : 0.4327954,
  "fy" : 731.9295,
  "manual_keyframe" : false,
  "t_20" : -0.36648753,
  "t_00" : 0.14007646,
  "height" : 768,
  "t_01" : -0.8657879,
  "t_22" : -0.7871502,
  "t_02" : 0.4804058,
  "t_23" : -0.615713,
  "cy" : 384.327,
  "t_10" : -0.9198181,
  "t_21" : -0.49606586,
  "t_03" : -0.048265155,
  "width" : 1024,
  "t_12" : 0.3867876,
  "timestamp" : 60472707053,
  "t_13" : -0.013831033,
  "t_11" : 0.06580153,
  "angular_velocity" : 3.4028235e+38,
  "cx" : 515.2299
}