{
  "manual_keyframe" : false,
  "t_22" : -0.25188768,
  "height" : 768,
  "cx" : 515.36414,
  "width" : 1024,
  "blur_score" : 92.25663,
  "fx" : 736.2511,
  "angular_velocity" : 3.4028235e+38,
  "t_23" : -0.3627032,
  "t_03" : -0.72376174,
  "t_11" : 0.0069901077,
  "cy" : 384.06522,
  "center_depth" : 0.37862137,
  "t_10" : -0.9648001,
  "t_20" : -0.061637703,
  "t_00" : -0.25565884,
  "fy" : 736.2511,
  "t_12" : 0.2628912,
  "t_01" : -0.2592253,
  "t_13" : -0.049753524,
  "t_02" : -0.9313649,
  "t_21" : 0.9657916,
  "timestamp" : 60480274236
}