{
  "t_02" : -0.1572219,
  "cy" : 384.22562,
  "cx" : 515.1809,
  "fy" : 735.8334,
  "t_23" : 0.15107238,
  "angular_velocity" : 3.4028235e+38,
  "t_00" : -0.04662999,
  "t_13" : -0.0016586528,
  "t_03" : -0.41882047,
  "width" : 1024,
  "height" : 768,
  "fx" : 735.8334,
  "t_12" : 0.47219893,
  "t_20" : 0.47109222,
  "timestamp" : 60488274760,
  "manual_keyframe" : false,
  "t_21" : 0.16050762,
  "t_10" : -0.8808507,
  "blur_score" : 91.58731,
  "t_01" : 0.9864619,
  "t_11" : 0.03362112,
  "t_22" : 0.8673578
}