{
  "t_20" : 0.18913779,
  "angular_velocity" : 3.4028235e+38,
  "t_21" : -0.8430524,
  "t_03" : -0.03320718,
  "t_10" : -0.90292627,
  "t_00" : 0.38594207,
  "t_13" : -0.031304035,
  "t_22" : 0.5034776,
  "height" : 768,
  "fx" : 735.12665,
  "t_12" : 0.4266132,
  "width" : 1024,
  "cx" : 515.143,
  "timestamp" : 60496008591,
  "t_02" : 0.7513398,
  "t_23" : -0.024823032,
  "blur_score" : 114.743004,
  "center_depth" : 0.35598132,
  "cy" : 384.28564,
  "t_11" : 0.052206423,
  "fy" : 735.12665,
  "t_01" : 0.5352918,
  "manual_keyframe" : false
}