{
  "manual_keyframe" : false,
  "t_00" : 0.1323381,
  "t_10" : -0.876569,
  "width" : 1024,
  "t_20" : 0.4627239,
  "t_01" : 0.9865166,
  "fy" : 731.0623,
  "t_22" : 0.8741632,
  "timestamp" : 60491041605,
  "t_23" : 0.18142682,
  "fx" : 731.0623,
  "t_11" : 0.07113,
  "t_13" : 0.08367261,
  "cy" : 384.2086,
  "t_21" : -0.14739549,
  "blur_score" : 120.42392,
  "cx" : 514.89545,
  "t_03" : -0.2546646,
  "center_depth" : 0.43018463,
  "t_02" : 0.096288666,
  "height" : 768,
  "angular_velocity" : 3.4028235e+38,
  "t_12" : 0.47599086
}