{
  "timestamp" : 60494041798,
  "t_20" : 0.3661384,
  "t_01" : 0.90045345,
  "height" : 768,
  "fx" : 733.1096,
  "t_22" : 0.8255419,
  "t_03" : -0.12574594,
  "t_23" : 0.07415806,
  "manual_keyframe" : false,
  "t_12" : 0.43423373,
  "t_13" : 0.059366986,
  "fy" : 733.1096,
  "cy" : 384.3175,
  "angular_velocity" : 3.4028235e+38,
  "cx" : 515.1312,
  "t_00" : 0.24343765,
  "blur_score" : 91.48807,
  "center_depth" : 0.42887372,
  "t_21" : -0.42944515,
  "t_02" : 0.36044618,
  "width" : 1024,
  "t_10" : -0.8981541,
  "t_11" : 0.06899479
}