{
  "angular_velocity" : 3.4028235e+38,
  "cy" : 384.02673,
  "fx" : 741.45087,
  "t_22" : -0.39749977,
  "t_02" : 0.73360556,
  "t_21" : -0.8779288,
  "cx" : 514.92505,
  "fy" : 741.45087,
  "t_23" : -0.3568776,
  "t_12" : 0.55119574,
  "t_00" : 0.48228484,
  "width" : 1024,
  "timestamp" : 60500675555,
  "t_20" : -0.2668985,
  "height" : 768,
  "manual_keyframe" : false,
  "blur_score" : 64.54629,
  "t_01" : -0.47877347,
  "t_11" : 0.004090106,
  "t_03" : -0.012342915,
  "t_10" : -0.83436584,
  "t_13" : 0.11869635
}