{
  "cx" : 515.23706,
  "t_00" : -0.015865007,
  "fx" : 729.6441,
  "t_13" : 0.062661715,
  "t_20" : 0.45136985,
  "t_23" : 0.20478773,
  "angular_velocity" : 3.4028235e+38,
  "t_11" : 0.07079067,
  "t_02" : -0.18759437,
  "t_21" : 0.17444772,
  "center_depth" : 0.44577944,
  "t_10" : -0.8921959,
  "manual_keyframe" : false,
  "t_01" : 0.98211837,
  "width" : 1024,
  "fy" : 729.6441,
  "t_22" : 0.875119,
  "blur_score" : 126.60378,
  "t_03" : -0.43111485,
  "t_12" : 0.44606626,
  "height" : 768,
  "cy" : 384.25528,
  "timestamp" : 60514609744
}