{
  "angular_velocity" : 3.4028235e+38,
  "cy" : 384.00134,
  "fx" : 731.86444,
  "t_22" : -0.09717621,
  "center_depth" : 0.5443842,
  "t_02" : -0.8503197,
  "t_21" : 0.991807,
  "cx" : 514.97034,
  "fy" : 731.86444,
  "t_23" : -0.24512163,
  "t_12" : 0.5172169,
  "t_00" : -0.51095253,
  "width" : 1024,
  "timestamp" : 60510209479,
  "t_20" : -0.08292083,
  "height" : 768,
  "manual_keyframe" : false,
  "blur_score" : 127.66618,
  "t_01" : -0.12603202,
  "t_03" : -0.74702746,
  "t_13" : 0.15252997,
  "t_11" : -0.020856807,
  "t_10" : -0.8556002
}