{
  "center_depth" : 0.7297156,
  "t_23" : -0.6145474,
  "t_22" : -0.77839726,
  "t_11" : -0.025061214,
  "timestamp" : 60522710213,
  "angular_velocity" : 3.4028235e+38,
  "t_21" : -0.46236745,
  "height" : 768,
  "t_02" : 0.39220095,
  "t_00" : 0.24615069,
  "fy" : 735.05676,
  "t_12" : 0.4901795,
  "t_01" : -0.88633406,
  "fx" : 735.05676,
  "cy" : 383.85962,
  "t_03" : -0.19479752,
  "width" : 1024,
  "manual_keyframe" : false,
  "cx" : 515.1061,
  "t_20" : -0.4246339,
  "blur_score" : 118.88576,
  "t_10" : -0.87126106,
  "t_13" : 0.07647905
}