{
  "t_12" : 0.5100658,
  "t_21" : -0.75868356,
  "t_23" : -0.49305743,
  "angular_velocity" : 3.4028235e+38,
  "timestamp" : 60521410139,
  "t_22" : -0.57988137,
  "t_13" : 0.060643055,
  "t_10" : -0.8584422,
  "manual_keyframe" : false,
  "t_11" : -0.05394193,
  "t_02" : 0.6352718,
  "t_00" : 0.41825852,
  "t_20" : -0.2968783,
  "cx" : 514.9849,
  "width" : 1024,
  "height" : 768,
  "cy" : 384.03647,
  "blur_score" : 112.83961,
  "t_01" : -0.6492222,
  "fx" : 735.57135,
  "fy" : 735.57135,
  "t_03" : -0.029324451
}