{
  "t_12" : 0.4861963,
  "center_depth" : 0.4027339,
  "width" : 1024,
  "t_03" : -0.12396952,
  "blur_score" : 103.400536,
  "t_22" : -0.7948655,
  "manual_keyframe" : false,
  "t_01" : -0.88902485,
  "t_02" : 0.36304507,
  "t_00" : 0.2789853,
  "t_13" : 0.07202195,
  "t_11" : -0.07467528,
  "fx" : 736.19226,
  "angular_velocity" : 3.4028235e+38,
  "fy" : 736.19226,
  "cx" : 515.1338,
  "cy" : 383.84824,
  "t_23" : -0.58998156,
  "t_20" : -0.4051302,
  "t_21" : -0.45172793,
  "t_10" : -0.870653,
  "height" : 768,
  "timestamp" : 60522343525
}