{
  "blur_score" : 705.579,
  "t_10" : -0.93254477,
  "t_22" : 0.5350878,
  "cx" : 514.7539,
  "cy" : 384.42813,
  "t_13" : -0.08576698,
  "t_03" : 1.2618991,
  "fy" : 717.79913,
  "height" : 768,
  "t_23" : 0.70986056,
  "width" : 1024,
  "angular_velocity" : 3.4028235e+38,
  "center_depth" : 0.7342129,
  "t_01" : 0.55712545,
  "t_02" : -0.7652741,
  "t_11" : -0.04820581,
  "timestamp" : 56318769554,
  "t_00" : -0.3224387,
  "t_12" : 0.3578219,
  "t_20" : 0.16246104,
  "t_21" : 0.829028,
  "fx" : 717.79913,
  "manual_keyframe" : false
}