{
  "t_13" : -0.10951912,
  "t_21" : -0.85758513,
  "timestamp" : 56328003677,
  "angular_velocity" : 3.4028235e+38,
  "fx" : 715.7901,
  "t_02" : 0.81640947,
  "blur_score" : 656.3103,
  "width" : 1024,
  "t_12" : 0.2723605,
  "t_22" : 0.50921017,
  "t_10" : -0.95880574,
  "cx" : 514.97473,
  "manual_keyframe" : false,
  "fy" : 715.7901,
  "t_01" : 0.50797266,
  "t_11" : 0.08069241,
  "t_20" : 0.07247362,
  "t_03" : 2.2292924,
  "t_23" : 0.73080635,
  "height" : 768,
  "t_00" : 0.27466175,
  "cy" : 384.82858
}