{
  "height" : 768,
  "t_11" : 0.043786414,
  "t_12" : 0.3006145,
  "t_00" : 0.15782496,
  "t_13" : -0.10986033,
  "t_22" : 0.8804546,
  "t_10" : -0.9527401,
  "fx" : 718.32007,
  "blur_score" : 598.62195,
  "t_02" : 0.36664724,
  "t_23" : 0.9189963,
  "width" : 1024,
  "cy" : 384.8213,
  "t_01" : 0.91687554,
  "t_03" : 1.9066187,
  "angular_velocity" : 3.4028235e+38,
  "timestamp" : 56325236775,
  "t_20" : 0.2595719,
  "cx" : 515.1291,
  "t_21" : -0.39676398,
  "manual_keyframe" : false,
  "fy" : 718.32007
}