{
  "t_21" : -0.93262154,
  "t_20" : -0.21872139,
  "t_13" : -0.11105417,
  "t_01" : -0.3379039,
  "angular_velocity" : 3.4028235e+38,
  "cy" : 385.01956,
  "width" : 1024,
  "t_03" : 2.2952058,
  "fy" : 717.52124,
  "t_23" : 0.25738794,
  "fx" : 717.52124,
  "cx" : 514.9557,
  "t_02" : 0.9073167,
  "t_11" : 0.12664019,
  "t_22" : -0.28701517,
  "blur_score" : 815.22534,
  "t_12" : 0.30724305,
  "center_depth" : 0.73427826,
  "height" : 768,
  "t_00" : 0.25019386,
  "manual_keyframe" : false,
  "t_10" : -0.943167,
  "timestamp" : 56331870670
}