{
  "t_22" : -0.2501041,
  "manual_keyframe" : false,
  "t_11" : 0.119166896,
  "width" : 1024,
  "blur_score" : 781.7313,
  "t_10" : -0.9479846,
  "t_13" : -0.11276007,
  "fx" : 717.51807,
  "fy" : 717.51807,
  "t_12" : 0.29516864,
  "t_20" : -0.19703707,
  "center_depth" : 0.82980543,
  "height" : 768,
  "cy" : 384.96634,
  "t_01" : -0.29525396,
  "t_02" : 0.92212963,
  "t_03" : 2.3002708,
  "angular_velocity" : 3.4028235e+38,
  "t_21" : -0.9479579,
  "t_23" : 0.2687153,
  "timestamp" : 56331737326,
  "t_00" : 0.25000328,
  "cx" : 514.96265
}