{
  "t_12" : 0.30536944,
  "t_10" : -0.9442141,
  "fy" : 719.3366,
  "width" : 1024,
  "cx" : 514.7966,
  "blur_score" : 731.7264,
  "t_03" : 1.8584081,
  "timestamp" : 56336337712,
  "t_11" : 0.12332579,
  "manual_keyframe" : false,
  "center_depth" : 1.2530872,
  "angular_velocity" : 3.4028235e+38,
  "t_00" : 0.008394556,
  "t_22" : -0.8656815,
  "t_02" : 0.396667,
  "t_13" : -0.17671117,
  "t_23" : -0.1448876,
  "fx" : 719.3366,
  "t_01" : -0.91792405,
  "t_21" : -0.377102,
  "cy" : 384.88235,
  "height" : 768,
  "t_20" : -0.32922524
}