{
  "t_13" : -0.18587568,
  "t_21" : 0.8702428,
  "timestamp" : 56347605316,
  "angular_velocity" : 3.4028235e+38,
  "fx" : 719.821,
  "t_02" : -0.85452044,
  "blur_score" : 540.9655,
  "width" : 1024,
  "t_12" : 0.25100815,
  "t_22" : 0.45474085,
  "t_10" : -0.9647677,
  "cx" : 515.13715,
  "manual_keyframe" : false,
  "fy" : 719.821,
  "t_01" : 0.48627052,
  "t_11" : 0.078854516,
  "t_20" : 0.18944068,
  "center_depth" : 1.2448422,
  "t_03" : 1.1751541,
  "t_23" : 0.63474965,
  "height" : 768,
  "cy" : 384.83466,
  "t_00" : -0.1825797
}