{
  "t_13" : -0.24772684,
  "t_21" : 0.9539793,
  "timestamp" : 56347088606,
  "angular_velocity" : 3.4028235e+38,
  "fx" : 719.8178,
  "t_02" : -0.92604965,
  "blur_score" : 665.4184,
  "width" : 1024,
  "t_12" : 0.29245996,
  "t_22" : 0.23853478,
  "t_10" : -0.95017385,
  "cx" : 514.8587,
  "manual_keyframe" : false,
  "fy" : 719.8178,
  "t_01" : 0.27979708,
  "t_11" : 0.10787371,
  "t_20" : 0.18172587,
  "t_03" : 1.1695721,
  "t_23" : 0.55497247,
  "height" : 768,
  "cy" : 384.81955,
  "t_00" : -0.25326917
}