{
  "t_13" : -0.08221642,
  "fy" : 717.2163,
  "cx" : 514.92285,
  "t_23" : 0.6591736,
  "fx" : 717.2163,
  "t_12" : 0.3258813,
  "blur_score" : 681.3669,
  "t_10" : -0.9279648,
  "center_depth" : 0.69485074,
  "timestamp" : 56356722728,
  "t_22" : 0.3537429,
  "manual_keyframe" : false,
  "t_02" : 0.87673676,
  "t_01" : 0.30947462,
  "t_00" : 0.36818215,
  "t_03" : 2.2339673,
  "t_20" : -0.05764769,
  "cy" : 385.12833,
  "t_21" : -0.93356454,
  "angular_velocity" : 3.4028235e+38,
  "height" : 768,
  "t_11" : 0.18078367,
  "width" : 1024
}