{
  "t_13" : -0.17691663,
  "t_23" : 0.91442686,
  "height" : 768,
  "cx" : 514.9349,
  "manual_keyframe" : false,
  "cy" : 384.78647,
  "t_02" : 0.3370888,
  "fy" : 718.7521,
  "t_11" : 0.106358975,
  "t_00" : 0.19838177,
  "timestamp" : 56354089181,
  "blur_score" : 578.7661,
  "t_10" : -0.95628667,
  "t_03" : 1.923465,
  "t_20" : 0.21484946,
  "t_21" : -0.37639335,
  "t_01" : 0.92033434,
  "angular_velocity" : 3.4028235e+38,
  "fx" : 718.7521,
  "width" : 1024,
  "t_22" : 0.9012032,
  "center_depth" : 1.1722847,
  "t_12" : 0.272403
}