{
  "manual_keyframe" : false,
  "angular_velocity" : 3.4028235e+38,
  "t_03" : 2.2813256,
  "height" : 768,
  "t_00" : 0.43559533,
  "t_23" : 0.41617107,
  "width" : 1024,
  "fy" : 718.1073,
  "t_21" : -0.99305505,
  "t_01" : 0.057229675,
  "blur_score" : 855.7798,
  "fx" : 718.1073,
  "t_20" : -0.067806475,
  "t_22" : 0.096144214,
  "cx" : 514.8749,
  "center_depth" : 0.95837015,
  "cy" : 384.97983,
  "t_02" : 0.8983213,
  "t_13" : -0.12515494,
  "t_10" : -0.89758503,
  "t_11" : 0.10279199,
  "t_12" : 0.42868966,
  "timestamp" : 56358156178
}