{
  "timestamp" : 56361439776,
  "height" : 768,
  "t_03" : 2.0633497,
  "t_00" : 0.053913508,
  "t_02" : 0.58201945,
  "width" : 1024,
  "fy" : 717.81824,
  "t_01" : -0.8113857,
  "cy" : 384.97794,
  "t_21" : -0.5633724,
  "t_22" : -0.7541271,
  "t_12" : 0.30421308,
  "t_20" : -0.33749628,
  "angular_velocity" : 3.4028235e+38,
  "fx" : 717.81824,
  "t_13" : -0.11013567,
  "manual_keyframe" : false,
  "t_23" : -0.08820396,
  "t_10" : -0.9397817,
  "blur_score" : 885.6333,
  "cx" : 514.90753,
  "t_11" : 0.1557718
}