{
  "height" : 768,
  "t_11" : 0.11829523,
  "t_01" : -0.9239973,
  "t_23" : -0.1289635,
  "t_20" : -0.32050234,
  "t_00" : 0.004864112,
  "t_13" : -0.12669607,
  "width" : 1024,
  "angular_velocity" : 3.4028235e+38,
  "cx" : 514.95264,
  "t_22" : -0.87466735,
  "manual_keyframe" : false,
  "t_03" : 1.9308718,
  "fx" : 717.5022,
  "timestamp" : 56362323181,
  "t_02" : 0.3823676,
  "blur_score" : 917.9475,
  "fy" : 717.5022,
  "cy" : 385.08072,
  "t_12" : 0.29791215,
  "t_10" : -0.94723517,
  "t_21" : -0.3636411
}