{
  "t_10" : -0.95941204,
  "timestamp" : 56367873626,
  "t_13" : -0.24860123,
  "t_01" : -0.3959243,
  "t_03" : 1.225636,
  "t_00" : -0.2820048,
  "t_02" : -0.873909,
  "t_11" : 0.11763902,
  "cx" : 515.09174,
  "t_23" : 0.10629545,
  "angular_velocity" : 3.4028235e+38,
  "height" : 768,
  "width" : 1024,
  "manual_keyframe" : false,
  "t_21" : 0.9107166,
  "t_12" : 0.25629973,
  "fy" : 720.38324,
  "cy" : 384.825,
  "blur_score" : 627.7845,
  "t_22" : -0.4130293,
  "t_20" : 0.0013305241,
  "fx" : 720.38324
}