{
  "t_02" : -0.22150183,
  "height" : 768,
  "t_20" : -0.26858398,
  "t_12" : 0.31359985,
  "cx" : 514.85864,
  "manual_keyframe" : false,
  "fx" : 717.5054,
  "t_03" : 1.5967686,
  "t_10" : -0.93985915,
  "t_11" : 0.13535069,
  "t_13" : -0.11350295,
  "t_01" : -0.95205534,
  "t_22" : -0.9233589,
  "width" : 1024,
  "blur_score" : 986.3214,
  "timestamp" : 56364423350,
  "t_23" : -0.17810343,
  "t_21" : 0.2743548,
  "cy" : 385.0853,
  "t_00" : -0.21101493,
  "fy" : 717.5054,
  "angular_velocity" : 3.4028235e+38
}