{
  "t_10" : -0.97354704,
  "t_22" : 0.9395443,
  "angular_velocity" : 3.4028235e+38,
  "width" : 1024,
  "height" : 768,
  "timestamp" : 60125906742,
  "blur_score" : 238.6011,
  "fy" : 721.2234,
  "cx" : 515.34827,
  "t_02" : 0.2774674,
  "t_00" : -0.05048308,
  "t_20" : 0.22283962,
  "t_21" : -0.2599972,
  "t_13" : -0.3998928,
  "t_23" : 1.1776346,
  "t_12" : 0.20066863,
  "manual_keyframe" : false,
  "t_11" : -0.10926186,
  "cy" : 383.9424,
  "t_03" : 1.8647758,
  "t_01" : 0.9594076,
  "fx" : 721.2234
}