{
  "cy" : 384.02197,
  "height" : 768,
  "cx" : 515.3274,
  "width" : 1024,
  "t_12" : 0.35280326,
  "fx" : 727.01086,
  "t_00" : 0.25239167,
  "t_11" : -0.024573475,
  "t_03" : 2.2100253,
  "t_21" : -0.7574625,
  "t_22" : 0.60405093,
  "t_23" : 0.8378511,
  "angular_velocity" : 3.4028235e+38,
  "manual_keyframe" : false,
  "t_02" : 0.714599,
  "t_13" : -0.34528214,
  "t_10" : -0.9353746,
  "blur_score" : 122.95273,
  "t_01" : 0.65241563,
  "t_20" : 0.24773459,
  "timestamp" : 60130273736,
  "fy" : 727.01086
}