{
  "t_20" : -0.33875465,
  "t_01" : -0.7597622,
  "fx" : 727.3221,
  "manual_keyframe" : false,
  "t_21" : -0.6429505,
  "t_03" : 2.2180443,
  "t_00" : 0.16870573,
  "cx" : 515.30035,
  "cy" : 384.7396,
  "blur_score" : 99.103,
  "t_22" : -0.68692034,
  "width" : 1024,
  "height" : 768,
  "t_11" : 0.096827686,
  "angular_velocity" : 3.4028235e+38,
  "t_23" : -0.39525104,
  "timestamp" : 60144958144,
  "t_10" : -0.92562604,
  "t_02" : 0.62793255,
  "t_13" : -0.2433491,
  "fy" : 727.3221,
  "t_12" : 0.36584255
}