{
  "cy" : 384.04303,
  "t_21" : -0.122995704,
  "blur_score" : 156.80585,
  "center_depth" : 0.8328486,
  "t_13" : -0.1722783,
  "width" : 1024,
  "timestamp" : 60148308385,
  "t_01" : -0.99238026,
  "t_02" : 0.105752215,
  "t_10" : -0.88693374,
  "t_23" : -0.5126914,
  "t_20" : -0.45754853,
  "fx" : 722.3415,
  "t_11" : -0.0072929193,
  "t_12" : 0.46183887,
  "height" : 768,
  "t_00" : 0.063226625,
  "fy" : 722.3415,
  "angular_velocity" : 3.4028235e+38,
  "manual_keyframe" : false,
  "t_22" : -0.8806367,
  "cx" : 514.77264,
  "t_03" : 1.7571224
}