{
  "t_21" : -0.874523,
  "t_23" : -0.005228219,
  "fx" : 721.6189,
  "t_11" : -0.09258652,
  "cy" : 383.85715,
  "t_20" : -0.18685018,
  "fy" : 721.6189,
  "t_00" : 0.5069006,
  "t_22" : -0.44754487,
  "cx" : 514.82764,
  "t_02" : 0.7186198,
  "angular_velocity" : 3.4028235e+38,
  "center_depth" : 0.914142,
  "manual_keyframe" : false,
  "blur_score" : 231.4737,
  "height" : 768,
  "width" : 1024,
  "t_12" : 0.532249,
  "t_03" : 2.3348093,
  "t_10" : -0.84150976,
  "t_01" : -0.47606415,
  "t_13" : -0.10513639,
  "timestamp" : 60140641164
}