{
  "width" : 1024,
  "cy" : 383.87708,
  "center_depth" : 0.72055113,
  "t_11" : -0.05820256,
  "angular_velocity" : 3.4028235e+38,
  "t_00" : 0.07021472,
  "timestamp" : 60152492016,
  "t_02" : 0.025920214,
  "cx" : 515.3011,
  "manual_keyframe" : false,
  "fx" : 722.1271,
  "t_03" : 1.6202999,
  "t_13" : -0.27374658,
  "t_01" : -0.99719495,
  "t_21" : -0.047057666,
  "t_23" : -0.44819948,
  "fy" : 722.1271,
  "t_20" : -0.3188617,
  "blur_score" : 176.1672,
  "t_22" : -0.94663215,
  "t_12" : 0.32127148,
  "t_10" : -0.9451968,
  "height" : 768
}