{
  "t_23" : -0.23312342,
  "height" : 768,
  "blur_score" : 151.32382,
  "fy" : 724.0616,
  "width" : 1024,
  "t_10" : -0.9445343,
  "t_12" : 0.32130578,
  "t_02" : -0.77915597,
  "t_21" : 0.80755883,
  "center_depth" : 0.8212007,
  "cy" : 384.09802,
  "angular_velocity" : 3.4028235e+38,
  "t_20" : -0.24118498,
  "timestamp" : 60158359094,
  "cx" : 515.1875,
  "t_11" : -0.06795183,
  "fx" : 724.0616,
  "t_01" : -0.585859,
  "manual_keyframe" : false,
  "t_00" : -0.22290051,
  "t_13" : -0.39814892,
  "t_03" : 1.0284132,
  "t_22" : -0.5382175
}