{
  "t_01" : -0.55909187,
  "center_depth" : 0.77452475,
  "t_13" : -0.5845311,
  "fy" : 721.52673,
  "t_02" : -0.804191,
  "cx" : 515.34424,
  "cy" : 383.93365,
  "t_11" : -0.042545337,
  "t_20" : -0.18562254,
  "t_22" : -0.5290918,
  "t_23" : -0.22185703,
  "blur_score" : 315.29797,
  "t_21" : 0.8280131,
  "timestamp" : 60159359164,
  "manual_keyframe" : false,
  "t_12" : 0.2708105,
  "width" : 1024,
  "fx" : 721.52673,
  "angular_velocity" : 3.4028235e+38,
  "t_10" : -0.961692,
  "t_03" : 0.9912277,
  "height" : 768,
  "t_00" : -0.20172429
}