{
  "t_22" : -0.5317185,
  "angular_velocity" : 3.4028235e+38,
  "t_12" : 0.6559224,
  "center_depth" : 1.0405204,
  "width" : 1024,
  "manual_keyframe" : false,
  "t_21" : 0.7202195,
  "t_11" : 0.017361077,
  "cx" : 514.93195,
  "t_00" : -0.4816393,
  "height" : 768,
  "blur_score" : 61.673447,
  "t_03" : 1.2957879,
  "t_10" : -0.7546287,
  "timestamp" : 60155808917,
  "fy" : 731.3197,
  "t_01" : -0.6935289,
  "t_23" : -0.14343752,
  "t_13" : 0.07104423,
  "fx" : 731.3197,
  "cy" : 383.99908,
  "t_02" : -0.5357622,
  "t_20" : -0.4455997
}