{
  "t_01" : -0.9953282,
  "t_22" : -0.9310326,
  "cx" : 515.2253,
  "t_12" : 0.3549165,
  "t_00" : -0.0459273,
  "fx" : 721.5442,
  "fy" : 721.5442,
  "t_23" : -0.35991967,
  "center_depth" : 0.86211157,
  "t_13" : -0.14765362,
  "t_21" : 0.09568864,
  "width" : 1024,
  "timestamp" : 60153058723,
  "t_20" : -0.35216695,
  "t_03" : 1.5872939,
  "angular_velocity" : 3.4028235e+38,
  "manual_keyframe" : false,
  "height" : 768,
  "cy" : 383.98395,
  "t_02" : -0.08492451,
  "t_10" : -0.9348096,
  "t_11" : 0.012852232,
  "blur_score" : 185.44
}