{
  "t_01" : -0.9133491,
  "width" : 1024,
  "t_22" : -0.80358917,
  "blur_score" : 60.807,
  "cy" : 384.2849,
  "angular_velocity" : 3.4028235e+38,
  "t_23" : -0.17211993,
  "t_12" : 0.473338,
  "t_20" : -0.43413877,
  "timestamp" : 60155025528,
  "fx" : 729.5631,
  "t_02" : -0.36082602,
  "cx" : 515.1329,
  "t_21" : 0.40714598,
  "t_13" : -0.087497965,
  "t_10" : -0.88086647,
  "t_11" : -0.005032628,
  "height" : 768,
  "t_03" : 1.3527696,
  "manual_keyframe" : false,
  "fy" : 729.5631,
  "t_00" : -0.18867351
}