{
  "manual_keyframe" : false,
  "t_12" : 0.36049083,
  "width" : 1024,
  "height" : 768,
  "fx" : 725.3035,
  "fy" : 725.3035,
  "t_13" : -0.16276313,
  "t_21" : 0.7734716,
  "t_01" : -0.6337957,
  "t_23" : -0.25356665,
  "t_20" : -0.2236635,
  "t_10" : -0.93273884,
  "angular_velocity" : 3.4028235e+38,
  "t_22" : -0.5930567,
  "cx" : 515.0656,
  "t_00" : -0.28279498,
  "t_03" : 1.0714477,
  "t_11" : 0.00668663,
  "cy" : 384.30075,
  "blur_score" : 141.23775,
  "timestamp" : 60157525703,
  "t_02" : -0.7199513
}