{
  "center_depth" : 0.70900995,
  "t_10" : -0.9519236,
  "t_20" : -0.29431963,
  "height" : 768,
  "cx" : 514.7272,
  "t_23" : -0.5099429,
  "blur_score" : 85.55651,
  "t_13" : -0.46860313,
  "t_12" : 0.2875002,
  "fx" : 722.3987,
  "t_03" : 1.7661874,
  "t_21" : 0.055477433,
  "width" : 1024,
  "t_11" : -0.105758816,
  "angular_velocity" : 3.4028235e+38,
  "t_00" : 0.08495424,
  "timestamp" : 60150141849,
  "t_22" : -0.95409524,
  "fy" : 722.3987,
  "manual_keyframe" : false,
  "t_02" : -0.08393714,
  "cy" : 383.507,
  "t_01" : -0.9928428
}