{
  "t_02" : -0.9462793,
  "t_22" : 0.17220645,
  "blur_score" : 132.3752,
  "t_00" : -0.26991877,
  "t_03" : 0.8801685,
  "fx" : 725.87366,
  "t_12" : 0.27367887,
  "t_13" : -0.3614979,
  "t_01" : 0.17804219,
  "t_21" : 0.9840163,
  "fy" : 725.87366,
  "t_23" : 0.71454966,
  "height" : 768,
  "cx" : 515.41455,
  "manual_keyframe" : false,
  "t_11" : -0.003567179,
  "cy" : 384.1069,
  "width" : 1024,
  "angular_velocity" : 3.4028235e+38,
  "t_20" : 0.045350846,
  "timestamp" : 60165892941,
  "t_10" : -0.96181446
}