{
  "blur_score" : 114.682205,
  "fy" : 726.69,
  "t_11" : -0.051649682,
  "t_01" : 0.010075216,
  "t_02" : -0.8517201,
  "cy" : 384.14456,
  "t_00" : -0.52389985,
  "t_22" : 0.035632268,
  "t_23" : 0.4806301,
  "width" : 1024,
  "timestamp" : 60163476112,
  "t_13" : -0.18863574,
  "fx" : 726.69,
  "t_20" : -0.03872391,
  "manual_keyframe" : false,
  "t_12" : 0.5227838,
  "t_03" : 0.872485,
  "angular_velocity" : 3.4028235e+38,
  "height" : 768,
  "t_21" : 0.99861425,
  "t_10" : -0.8508991,
  "cx" : 515.205
}