{
  "t_10" : -0.9307938,
  "t_23" : 0.90913576,
  "t_11" : -0.06469629,
  "t_13" : -0.4020327,
  "t_03" : 0.9995691,
  "height" : 768,
  "cy" : 383.9399,
  "width" : 1024,
  "angular_velocity" : 3.4028235e+38,
  "center_depth" : 0.89125633,
  "cx" : 515.3372,
  "timestamp" : 60167859741,
  "t_01" : 0.59938645,
  "manual_keyframe" : false,
  "t_02" : -0.7317368,
  "t_12" : 0.35977402,
  "t_00" : -0.32449508,
  "fx" : 723.87726,
  "fy" : 723.87726,
  "t_20" : 0.16830303,
  "blur_score" : 211.41954,
  "t_21" : 0.797841,
  "t_22" : 0.5788988
}