{
  "t_20" : 0.3712875,
  "fy" : 725.8912,
  "t_02" : 0.11676208,
  "cy" : 383.9244,
  "t_13" : -0.48466682,
  "t_01" : 0.99076325,
  "t_12" : 0.36212504,
  "cx" : 515.2545,
  "t_21" : -0.0831475,
  "t_11" : -0.10711735,
  "t_22" : 0.9247873,
  "blur_score" : 142.96936,
  "timestamp" : 60179693866,
  "manual_keyframe" : false,
  "width" : 1024,
  "angular_velocity" : 3.4028235e+38,
  "t_10" : -0.9259541,
  "t_00" : -0.068950996,
  "height" : 768,
  "t_23" : 1.1289374,
  "t_03" : 1.8717339,
  "fx" : 725.8912
}