{
  "width" : 1024,
  "t_02" : 0.044645023,
  "fy" : 723.23566,
  "cx" : 515.1178,
  "t_00" : 0.015581345,
  "t_13" : -0.36281595,
  "t_12" : 0.3837003,
  "angular_velocity" : 3.4028235e+38,
  "t_01" : 0.99888116,
  "fx" : 723.23566,
  "t_21" : -0.047206223,
  "t_23" : 1.0642539,
  "blur_score" : 208.99821,
  "height" : 768,
  "timestamp" : 60178027089,
  "cy" : 384.0115,
  "t_03" : 1.6765676,
  "t_20" : 0.38339365,
  "t_10" : -0.92345357,
  "t_22" : 0.9223776,
  "t_11" : -0.0027447296,
  "manual_keyframe" : false
}