{
  "t_20" : 0.24574348,
  "t_13" : -0.4908662,
  "timestamp" : 60172193366,
  "height" : 768,
  "fx" : 722.1684,
  "t_01" : 0.75149715,
  "t_11" : 0.00260286,
  "angular_velocity" : 3.4028235e+38,
  "cx" : 515.71295,
  "width" : 1024,
  "cy" : 384.12872,
  "t_22" : 0.71018654,
  "t_03" : 1.1301912,
  "manual_keyframe" : false,
  "t_10" : -0.94576484,
  "t_12" : 0.32484186,
  "t_00" : -0.21245976,
  "fy" : 722.1684,
  "t_02" : -0.62459004,
  "t_21" : 0.659731,
  "blur_score" : 214.54773,
  "t_23" : 1.014233
}