{
  "t_20" : 0.26281664,
  "cx" : 514.9882,
  "t_00" : -0.18505433,
  "t_11" : 0.021658693,
  "t_01" : 0.7790532,
  "t_02" : -0.5990247,
  "t_21" : 0.6265832,
  "angular_velocity" : 3.4028235e+38,
  "blur_score" : 197.41647,
  "t_03" : 1.1411391,
  "width" : 1024,
  "manual_keyframe" : false,
  "t_23" : 0.97851634,
  "height" : 768,
  "fx" : 723.8471,
  "t_12" : 0.32070017,
  "t_10" : -0.9469331,
  "t_13" : -0.3048398,
  "t_22" : 0.7337032,
  "cy" : 384.2029,
  "fy" : 723.8471,
  "timestamp" : 60172793406
}