{
  "t_23" : 0.9640202,
  "blur_score" : 175.98296,
  "t_10" : -0.91260713,
  "fx" : 723.2642,
  "height" : 768,
  "center_depth" : 0.78822947,
  "timestamp" : 60173726803,
  "t_01" : 0.87891746,
  "width" : 1024,
  "t_02" : -0.44526145,
  "t_22" : 0.7971426,
  "cy" : 384.31494,
  "manual_keyframe" : false,
  "t_11" : 0.029024914,
  "fy" : 723.2642,
  "t_13" : -0.07464157,
  "t_00" : -0.17101538,
  "angular_velocity" : 3.4028235e+38,
  "cx" : 515.017,
  "t_03" : 1.2769858,
  "t_20" : 0.37135166,
  "t_21" : 0.47608986,
  "t_12" : 0.4078062
}