{
  "t_21" : 0.5195308,
  "timestamp" : 60173610128,
  "blur_score" : 175.44052,
  "t_23" : 0.96670294,
  "t_02" : -0.4799419,
  "fx" : 723.593,
  "t_13" : -0.087471664,
  "t_20" : 0.36722,
  "t_11" : 0.021853255,
  "t_03" : 1.2621119,
  "width" : 1024,
  "height" : 768,
  "t_10" : -0.9083522,
  "cx" : 515.0254,
  "manual_keyframe" : false,
  "t_22" : 0.77151585,
  "t_01" : 0.85417205,
  "t_00" : -0.20011386,
  "angular_velocity" : 3.4028235e+38,
  "fy" : 723.593,
  "cy" : 384.39328,
  "t_12" : 0.4176345
}