{
  "manual_keyframe" : false,
  "center_depth" : 0.8004707,
  "fy" : 723.0117,
  "t_02" : -0.6417487,
  "t_10" : -0.9102289,
  "t_13" : -0.6294935,
  "timestamp" : 60171393311,
  "t_12" : 0.41166103,
  "fx" : 723.0117,
  "t_00" : -0.25452936,
  "width" : 1024,
  "blur_score" : 236.38583,
  "cx" : 514.97095,
  "t_20" : 0.3266468,
  "t_21" : 0.68891805,
  "t_22" : 0.6470652,
  "t_03" : 1.1098022,
  "height" : 768,
  "t_23" : 0.9911544,
  "t_11" : 0.04492806,
  "cy" : 384.3837,
  "t_01" : 0.72344524,
  "angular_velocity" : 3.4028235e+38
}