{
  "angular_velocity" : 3.4028235e+38,
  "cx" : 515.7293,
  "blur_score" : 203.5333,
  "t_10" : -0.94953036,
  "t_23" : 1.0021273,
  "t_21" : 0.6433021,
  "width" : 1024,
  "timestamp" : 60172343376,
  "manual_keyframe" : false,
  "cy" : 384.1162,
  "t_11" : 0.0027873283,
  "t_03" : 1.1368163,
  "t_12" : 0.31366268,
  "t_22" : 0.7264104,
  "height" : 768,
  "t_02" : -0.61150897,
  "center_depth" : 0.6084565,
  "t_00" : -0.19975515,
  "fy" : 723.0054,
  "fx" : 723.0054,
  "t_01" : 0.7656071,
  "t_13" : -0.4107032,
  "t_20" : 0.24184687
}