{
  "blur_score" : 196.2133,
  "timestamp" : 60177293707,
  "center_depth" : 0.68245214,
  "t_20" : 0.44396144,
  "manual_keyframe" : false,
  "t_01" : 0.99706846,
  "angular_velocity" : 3.4028235e+38,
  "t_11" : -0.049327284,
  "width" : 1024,
  "fy" : 723.844,
  "t_12" : 0.44159105,
  "t_00" : -0.018276302,
  "t_21" : -0.058490638,
  "t_23" : 1.0269755,
  "t_10" : -0.8958595,
  "cx" : 515.0062,
  "t_02" : 0.074298754,
  "fx" : 723.844,
  "t_03" : 1.6929449,
  "t_13" : -0.2370908,
  "t_22" : 0.89413476,
  "height" : 768,
  "cy" : 384.09882
}