{
  "height" : 768,
  "manual_keyframe" : false,
  "timestamp" : 60188644450,
  "t_00" : 0.4172336,
  "t_01" : -0.19714503,
  "t_02" : 0.8871583,
  "cx" : 515.2801,
  "t_03" : 2.234932,
  "t_22" : -0.12841628,
  "t_12" : 0.4432373,
  "t_11" : 0.112430744,
  "t_10" : -0.88932556,
  "fy" : 721.23126,
  "cy" : 384.40897,
  "fx" : 721.23126,
  "t_21" : -0.973906,
  "t_23" : 0.17742944,
  "angular_velocity" : 3.4028235e+38,
  "t_13" : -0.03882545,
  "center_depth" : 0.8773209,
  "t_20" : -0.18712592,
  "blur_score" : 231.37602,
  "width" : 1024
}