{
  "t_20" : -0.26120317,
  "fy" : 724.4792,
  "manual_keyframe" : false,
  "t_23" : 0.013870393,
  "t_02" : 0.73461986,
  "cx" : 514.7889,
  "angular_velocity" : 3.4028235e+38,
  "t_12" : 0.5560916,
  "t_11" : 0.0010557222,
  "t_22" : -0.3887101,
  "cy" : 384.41638,
  "t_01" : -0.46831778,
  "t_03" : 2.21898,
  "fx" : 724.4792,
  "t_13" : -0.22469096,
  "t_10" : -0.83112025,
  "timestamp" : 60189594512,
  "width" : 1024,
  "t_00" : 0.4909296,
  "blur_score" : 137.30223,
  "t_21" : -0.8835592,
  "height" : 768
}