{
  "t_11" : -0.009236251,
  "t_13" : -0.46895593,
  "width" : 1024,
  "fy" : 725.286,
  "t_02" : 0.77805567,
  "t_12" : 0.41462943,
  "cx" : 515.1428,
  "cy" : 384.11377,
  "t_03" : 2.4982705,
  "t_23" : 0.6108086,
  "blur_score" : 198.89134,
  "angular_velocity" : 3.4028235e+38,
  "t_01" : 0.52217394,
  "t_00" : 0.34923258,
  "t_20" : 0.223695,
  "t_21" : -0.8527888,
  "manual_keyframe" : false,
  "t_10" : -0.9099434,
  "center_depth" : 0.8009366,
  "height" : 768,
  "t_22" : 0.4719231,
  "timestamp" : 60183927478,
  "fx" : 725.286
}