{
  "timestamp" : 60185660923,
  "t_03" : 2.4859982,
  "t_11" : 0.018543052,
  "t_13" : -0.3200479,
  "t_01" : 0.4742645,
  "t_22" : 0.4407006,
  "manual_keyframe" : false,
  "fx" : 724.9906,
  "cy" : 384.09763,
  "t_10" : -0.91504365,
  "t_02" : 0.80214185,
  "cx" : 515.24207,
  "t_20" : 0.17622037,
  "angular_velocity" : 3.4028235e+38,
  "width" : 1024,
  "height" : 768,
  "t_12" : 0.40292817,
  "blur_score" : 151.6911,
  "fy" : 724.9906,
  "t_00" : 0.36282408,
  "t_23" : 0.50208664,
  "t_21" : -0.8801869,
  "center_depth" : 1.301031
}