{
  "t_21" : -0.71469855,
  "t_02" : 0.5564252,
  "t_23" : -0.17171548,
  "manual_keyframe" : false,
  "t_20" : -0.34425685,
  "fx" : 726.8806,
  "width" : 1024,
  "t_11" : -0.08657699,
  "t_03" : 2.1221373,
  "height" : 768,
  "timestamp" : 60191561306,
  "cx" : 514.8409,
  "t_00" : 0.45681572,
  "cy" : 383.867,
  "t_10" : -0.82024777,
  "t_13" : -0.06519568,
  "blur_score" : 118.03986,
  "fy" : 726.8806,
  "t_01" : -0.69405323,
  "t_12" : 0.5654183,
  "t_22" : -0.6088455,
  "angular_velocity" : 3.4028235e+38
}