{
  "cy" : 383.6265,
  "center_depth" : 0.593904,
  "t_22" : -0.82128173,
  "width" : 1024,
  "height" : 768,
  "t_10" : -0.90066373,
  "t_01" : -0.8973707,
  "t_21" : -0.43774882,
  "t_23" : -0.4207775,
  "timestamp" : 60193611438,
  "t_03" : 1.9780988,
  "angular_velocity" : 3.4028235e+38,
  "manual_keyframe" : false,
  "t_20" : -0.36588502,
  "cx" : 514.7296,
  "t_02" : 0.37388834,
  "blur_score" : 112.150116,
  "t_12" : 0.43093318,
  "t_00" : 0.2343777,
  "t_11" : -0.055689983,
  "fx" : 725.3496,
  "t_13" : -0.38004357,
  "fy" : 725.3496
}