{
  "fx" : 724.44745,
  "t_00" : 0.39038554,
  "t_11" : -0.11028235,
  "t_22" : -0.7198501,
  "height" : 768,
  "timestamp" : 60193311419,
  "t_23" : -0.3827398,
  "cy" : 384.0035,
  "t_13" : -0.2510883,
  "width" : 1024,
  "t_21" : -0.56144714,
  "angular_velocity" : 3.4028235e+38,
  "t_12" : 0.5539234,
  "fy" : 724.44745,
  "cx" : 514.5407,
  "blur_score" : 121.567726,
  "t_10" : -0.8252312,
  "manual_keyframe" : false,
  "t_03" : 1.9856452,
  "t_20" : -0.40815738,
  "t_01" : -0.8201309,
  "t_02" : 0.41831118
}