{
  "t_20" : -0.29529312,
  "blur_score" : 118.27919,
  "manual_keyframe" : false,
  "t_13" : -0.28112742,
  "fy" : 725.87054,
  "t_00" : 0.18773636,
  "t_12" : 0.34290126,
  "t_02" : 0.32436046,
  "t_10" : -0.9367801,
  "t_22" : -0.8815944,
  "angular_velocity" : 3.4028235e+38,
  "t_11" : -0.069725946,
  "height" : 768,
  "timestamp" : 60194811515,
  "t_21" : -0.36822945,
  "t_01" : -0.9271166,
  "cx" : 515.63855,
  "t_03" : 1.9065214,
  "center_depth" : 0.6312781,
  "fx" : 725.87054,
  "cy" : 384.19226,
  "t_23" : -0.49424312,
  "width" : 1024
}