{
  "t_02" : -0.93974143,
  "t_20" : 0.03067056,
  "timestamp" : 60204912149,
  "t_01" : 0.108077705,
  "blur_score" : 177.36275,
  "cy" : 384.0894,
  "t_00" : -0.324353,
  "t_12" : 0.32576412,
  "t_22" : 0.10374692,
  "fx" : 723.3103,
  "t_23" : 0.52552074,
  "height" : 768,
  "angular_velocity" : 3.4028235e+38,
  "t_03" : 0.776767,
  "width" : 1024,
  "t_13" : -0.29596424,
  "t_21" : 0.99413055,
  "cx" : 515.2959,
  "fy" : 723.3103,
  "t_11" : -0.004828243,
  "t_10" : -0.94543874,
  "manual_keyframe" : false
}