{
  "cx" : 515.32935,
  "t_22" : -0.4685654,
  "fy" : 724.96204,
  "blur_score" : 140.2515,
  "t_20" : -0.099780895,
  "angular_velocity" : 3.4028235e+38,
  "center_depth" : 0.8538358,
  "t_13" : -0.29521748,
  "width" : 1024,
  "t_12" : 0.23613076,
  "cy" : 384.22574,
  "t_10" : -0.97159594,
  "manual_keyframe" : false,
  "t_00" : -0.21458091,
  "fx" : 724.96204,
  "t_01" : -0.47881767,
  "height" : 768,
  "t_02" : -0.8512863,
  "t_23" : -0.25510672,
  "timestamp" : 60200428536,
  "t_03" : 1.1142817,
  "t_21" : 0.8777755,
  "t_11" : 0.01560307
}