{
  "t_12" : 0.31998447,
  "cy" : 384.0992,
  "cx" : 515.3563,
  "manual_keyframe" : false,
  "t_00" : -0.3065118,
  "angular_velocity" : 3.4028235e+38,
  "t_13" : -0.35748395,
  "height" : 768,
  "t_11" : 0.008570414,
  "t_03" : 0.8118574,
  "width" : 1024,
  "t_20" : -0.09227155,
  "fx" : 722.1461,
  "t_02" : -0.8991265,
  "t_23" : 0.27099913,
  "t_21" : 0.94989717,
  "blur_score" : 243.90662,
  "t_10" : -0.947384,
  "timestamp" : 60203712074,
  "fy" : 722.1461,
  "t_22" : -0.29863194,
  "t_01" : -0.31244463
}