{
  "width" : 1024,
  "t_02" : -0.8852799,
  "t_13" : -0.2833847,
  "t_10" : -0.98240846,
  "height" : 768,
  "fy" : 724.1934,
  "t_11" : 0.026971636,
  "cy" : 384.1145,
  "t_23" : -0.26174566,
  "blur_score" : 180.37933,
  "angular_velocity" : 3.4028235e+38,
  "t_21" : 0.90265566,
  "t_00" : -0.17830959,
  "t_22" : -0.42677054,
  "t_01" : -0.42951715,
  "fx" : 724.1934,
  "t_03" : 1.0840704,
  "t_12" : 0.18478683,
  "t_20" : -0.05549166,
  "timestamp" : 60200711887,
  "manual_keyframe" : false,
  "center_depth" : 0.9072454,
  "cx" : 515.42554
}