{
  "timestamp" : 56314152489,
  "fy" : 721.8618,
  "width" : 1024,
  "t_03" : 1.1541655,
  "t_02" : -0.87718785,
  "t_21" : 0.96873444,
  "t_22" : 0.18936835,
  "fx" : 721.8618,
  "t_11" : 0.061881963,
  "blur_score" : 670.5876,
  "height" : 768,
  "manual_keyframe" : false,
  "center_depth" : 0.61774915,
  "t_10" : -0.8952596,
  "t_13" : -0.07233782,
  "cy" : 384.8278,
  "t_20" : 0.16029045,
  "angular_velocity" : 3.4028235e+38,
  "t_23" : 0.54985994,
  "t_01" : 0.24025826,
  "t_00" : -0.41571298,
  "t_12" : 0.44122663,
  "cx" : 514.70636
}