{
  "t_23" : 0.8816033,
  "t_03" : 1.9984354,
  "t_02" : 0.5257329,
  "fx" : 717.75946,
  "angular_velocity" : 3.4028235e+38,
  "blur_score" : 573.6447,
  "t_22" : 0.8043972,
  "height" : 768,
  "cx" : 514.8124,
  "manual_keyframe" : false,
  "t_20" : 0.16327326,
  "timestamp" : 56325820158,
  "t_01" : 0.8124204,
  "t_11" : 0.1169874,
  "t_10" : -0.9538156,
  "fy" : 717.75946,
  "t_21" : -0.57121503,
  "width" : 1024,
  "t_00" : 0.25214595,
  "cy" : 384.70227,
  "t_13" : -0.05790956,
  "t_12" : 0.27667618
}