{
  "cx" : 514.9629,
  "t_21" : 0.4254292,
  "angular_velocity" : 3.4028235e+38,
  "blur_score" : 565.6405,
  "timestamp" : 56321236433,
  "t_12" : 0.3276029,
  "t_13" : -0.05614603,
  "t_11" : -0.021431955,
  "t_01" : 0.90473783,
  "t_10" : -0.94457245,
  "fy" : 718.9284,
  "t_23" : 0.8943725,
  "manual_keyframe" : false,
  "height" : 768,
  "cy" : 384.58398,
  "t_02" : -0.3956781,
  "t_03" : 1.4642093,
  "t_00" : -0.15775985,
  "t_20" : 0.28791457,
  "t_22" : 0.85797143,
  "width" : 1024,
  "fx" : 718.9284
}