{
  "width" : 1024,
  "t_23" : 0.9920986,
  "manual_keyframe" : false,
  "t_11" : 0.06527946,
  "fy" : 718.67267,
  "cy" : 384.69458,
  "t_12" : 0.22784865,
  "t_13" : -0.1535775,
  "center_depth" : 1.0355955,
  "t_02" : 0.1815544,
  "t_01" : 0.9774039,
  "t_21" : -0.20104715,
  "blur_score" : 519.03375,
  "t_00" : 0.108256005,
  "timestamp" : 56324253358,
  "cx" : 515.00476,
  "fx" : 718.67267,
  "t_03" : 1.7791922,
  "t_20" : 0.21084839,
  "t_22" : 0.9566204,
  "height" : 768,
  "angular_velocity" : 3.4028235e+38,
  "t_10" : -0.9715058
}