{
  "t_22" : -0.92885023,
  "center_depth" : 0.8787942,
  "manual_keyframe" : false,
  "width" : 1024,
  "t_21" : 0.27886456,
  "angular_velocity" : 3.4028235e+38,
  "t_11" : 0.10001717,
  "t_00" : -0.1711648,
  "cy" : 384.85696,
  "t_13" : -0.13823587,
  "t_03" : 1.5322629,
  "t_10" : -0.9545843,
  "t_01" : -0.95510775,
  "t_20" : -0.24386755,
  "height" : 768,
  "timestamp" : 56339321294,
  "blur_score" : 926.0347,
  "fx" : 718.05164,
  "t_23" : -0.19076468,
  "cx" : 514.85974,
  "fy" : 718.05164,
  "t_12" : 0.28065163,
  "t_02" : -0.24180879
}