{
  "cx" : 514.85846,
  "t_21" : -0.99169165,
  "angular_velocity" : 3.4028235e+38,
  "center_depth" : 1.1115215,
  "blur_score" : 642.8806,
  "timestamp" : 56330987263,
  "t_12" : 0.2811131,
  "t_11" : 0.10473603,
  "t_13" : -0.13101088,
  "t_01" : -0.07468429,
  "t_10" : -0.95394224,
  "fy" : 717.8548,
  "t_23" : 0.36512583,
  "manual_keyframe" : false,
  "height" : 768,
  "cy" : 384.86707,
  "t_03" : 2.2714272,
  "t_02" : 0.95873237,
  "t_00" : 0.2743249,
  "t_20" : -0.12140859,
  "t_22" : -0.0425128,
  "width" : 1024,
  "fx" : 717.8548
}