{
  "t_13" : -0.15894105,
  "width" : 1024,
  "t_12" : 0.32276398,
  "height" : 768,
  "t_01" : -0.989022,
  "t_02" : -0.09367717,
  "center_depth" : 1.1210929,
  "fx" : 717.8817,
  "t_22" : -0.94183207,
  "t_23" : -0.19744483,
  "angular_velocity" : 3.4028235e+38,
  "manual_keyframe" : false,
  "fy" : 717.8817,
  "t_20" : -0.3118748,
  "cy" : 384.9473,
  "cx" : 514.9212,
  "t_11" : 0.07841698,
  "timestamp" : 56338621236,
  "t_10" : -0.9432254,
  "t_03" : 1.6732769,
  "t_00" : -0.11427993,
  "t_21" : 0.12524414,
  "blur_score" : 1034.814
}