{
  "t_10" : -0.9444075,
  "t_13" : -0.19024877,
  "t_03" : 1.9703635,
  "cy" : 384.84842,
  "height" : 768,
  "t_01" : -0.8530279,
  "width" : 1024,
  "manual_keyframe" : false,
  "t_21" : -0.51573944,
  "t_02" : 0.5120145,
  "t_00" : 0.10091746,
  "angular_velocity" : 3.4028235e+38,
  "t_12" : 0.3189646,
  "fx" : 719.2159,
  "t_11" : 0.07972457,
  "t_20" : -0.31290582,
  "t_22" : -0.79756033,
  "t_23" : -0.075724,
  "blur_score" : 775.0237,
  "fy" : 719.2159,
  "cx" : 515.02295,
  "timestamp" : 56335821002
}