{
  "t_22" : -0.32333645,
  "t_21" : 0.9462552,
  "angular_velocity" : 3.4028235e+38,
  "t_13" : -0.19366616,
  "t_03" : 1.1912341,
  "fx" : 716.59375,
  "fy" : 716.59375,
  "t_23" : 0.12116574,
  "blur_score" : 809.13025,
  "cx" : 515.1005,
  "height" : 768,
  "t_01" : -0.3154608,
  "cy" : 384.7344,
  "t_00" : -0.24144375,
  "t_10" : -0.9703868,
  "t_20" : -0.007363121,
  "t_11" : 0.071310386,
  "t_12" : 0.23079026,
  "t_02" : -0.9177086,
  "width" : 1024,
  "timestamp" : 56343771665,
  "manual_keyframe" : false
}