{
  "t_13" : -0.16253147,
  "t_03" : 1.3878497,
  "t_10" : -0.9518515,
  "cy" : 384.77008,
  "height" : 768,
  "t_01" : 0.8366166,
  "width" : 1024,
  "manual_keyframe" : false,
  "t_21" : 0.54464793,
  "t_02" : -0.5350062,
  "t_00" : -0.11764733,
  "angular_velocity" : 3.4028235e+38,
  "fx" : 718.3154,
  "t_12" : 0.300911,
  "t_11" : 0.058576986,
  "t_20" : 0.28308618,
  "t_22" : 0.7894433,
  "t_23" : 0.807876,
  "blur_score" : 597.38715,
  "fy" : 718.3154,
  "cx" : 514.8397,
  "timestamp" : 56349172112
}