{
  "t_20" : -0.15449542,
  "timestamp" : 56341604818,
  "t_11" : 0.0629385,
  "t_02" : -0.57909846,
  "width" : 1024,
  "height" : 768,
  "t_03" : 1.3238361,
  "blur_score" : 959.55725,
  "cy" : 384.88202,
  "t_13" : -0.12926643,
  "fx" : 716.64136,
  "cx" : 514.97943,
  "fy" : 716.64136,
  "t_23" : -0.092774376,
  "t_10" : -0.9684158,
  "t_00" : -0.19570927,
  "t_12" : 0.24126689,
  "t_22" : -0.7787395,
  "t_01" : -0.79141825,
  "t_21" : 0.60802627,
  "angular_velocity" : 3.4028235e+38,
  "manual_keyframe" : false
}