{
  "height" : 768,
  "t_21" : 0.84318566,
  "manual_keyframe" : false,
  "t_00" : -0.23270497,
  "t_02" : -0.8126936,
  "t_10" : -0.96942466,
  "fy" : 716.6001,
  "cx" : 515.0229,
  "t_22" : -0.5319526,
  "width" : 1024,
  "t_01" : -0.5342072,
  "angular_velocity" : 3.4028235e+38,
  "t_11" : 0.06050147,
  "t_13" : -0.122915894,
  "cy" : 384.7508,
  "t_12" : 0.23781364,
  "timestamp" : 56342704909,
  "t_23" : -0.036365204,
  "t_20" : -0.07787258,
  "fx" : 716.6001,
  "t_03" : 1.2037985,
  "blur_score" : 899.5128
}