{
  "t_03" : 1.9915959,
  "angular_velocity" : 3.4028235e+38,
  "cy" : 384.98322,
  "t_12" : 0.24155247,
  "t_01" : 0.81829095,
  "height" : 768,
  "fy" : 718.68384,
  "t_10" : -0.9631971,
  "t_22" : 0.8155381,
  "t_21" : -0.56257963,
  "blur_score" : 514.35046,
  "t_00" : 0.23205587,
  "fx" : 718.68384,
  "t_20" : 0.13565165,
  "t_11" : 0.117913984,
  "t_23" : 0.88518876,
  "cx" : 515.0747,
  "t_02" : 0.52587986,
  "width" : 1024,
  "timestamp" : 56354539218,
  "manual_keyframe" : false,
  "t_13" : -0.12998104
}