{
  "t_10" : -0.94913536,
  "timestamp" : 56352889083,
  "t_13" : -0.16412126,
  "t_01" : 0.98254263,
  "t_02" : 0.13531338,
  "t_00" : 0.12767215,
  "t_03" : 1.7627835,
  "t_11" : 0.081444025,
  "cx" : 514.786,
  "t_23" : 0.96863645,
  "angular_velocity" : 3.4028235e+38,
  "height" : 768,
  "width" : 1024,
  "manual_keyframe" : false,
  "t_21" : -0.16726255,
  "center_depth" : 0.725798,
  "t_12" : 0.3041527,
  "cy" : 385.139,
  "fy" : 717.54504,
  "blur_score" : 629.152,
  "t_22" : 0.94296396,
  "t_20" : 0.2878225,
  "fx" : 717.54504
}