{
  "t_13" : -0.14555402,
  "angular_velocity" : 3.4028235e+38,
  "t_21" : 0.2735827,
  "t_01" : 0.95848995,
  "blur_score" : 592.59344,
  "manual_keyframe" : false,
  "t_11" : 0.080307044,
  "height" : 768,
  "cx" : 514.9615,
  "fy" : 718.29944,
  "t_10" : -0.9596262,
  "t_00" : 0.00011673847,
  "cy" : 384.86465,
  "t_03" : 1.5332435,
  "width" : 1024,
  "t_02" : -0.28512576,
  "t_20" : 0.28127822,
  "t_22" : 0.9198014,
  "t_12" : 0.26957047,
  "fx" : 718.29944,
  "t_23" : 0.9197858,
  "timestamp" : 56350722240
}