{
  "height" : 768,
  "t_23" : 0.23102409,
  "cy" : 385.01974,
  "width" : 1024,
  "t_12" : 0.33433267,
  "manual_keyframe" : false,
  "t_00" : 0.26693252,
  "t_10" : -0.9307525,
  "t_13" : -0.0880765,
  "timestamp" : 56359256266,
  "fy" : 718.07874,
  "angular_velocity" : 3.4028235e+38,
  "fx" : 718.07874,
  "t_01" : -0.3497587,
  "t_02" : 0.8980064,
  "cx" : 514.90546,
  "t_11" : 0.14805861,
  "t_03" : 2.2609384,
  "t_20" : -0.24989337,
  "t_21" : -0.92506605,
  "t_22" : -0.28601715,
  "blur_score" : 788.7498,
  "center_depth" : 0.8260959
}