{
  "t_22" : 0.5366041,
  "height" : 768,
  "t_23" : 0.7377879,
  "t_11" : 0.15894632,
  "angular_velocity" : 3.4028235e+38,
  "blur_score" : 662.5461,
  "cx" : 514.9363,
  "width" : 1024,
  "t_20" : 0.04629708,
  "fx" : 717.14325,
  "t_13" : -0.10814765,
  "timestamp" : 56356106012,
  "t_01" : 0.51461,
  "manual_keyframe" : false,
  "t_21" : -0.8425629,
  "t_03" : 2.169017,
  "t_12" : 0.32985988,
  "t_00" : 0.36321902,
  "cy" : 385.15155,
  "fy" : 717.14325,
  "t_10" : -0.9305528,
  "t_02" : 0.7766906
}