{
  "t_00" : 0.03668601,
  "t_21" : 0.18852493,
  "t_22" : 0.92594403,
  "t_23" : 0.9222129,
  "center_depth" : 0.63877505,
  "t_03" : 1.569798,
  "height" : 768,
  "timestamp" : 56350955592,
  "t_02" : -0.21180846,
  "manual_keyframe" : false,
  "fx" : 718.32166,
  "t_11" : 0.10328136,
  "cy" : 384.92477,
  "blur_score" : 626.1791,
  "width" : 1024,
  "t_20" : 0.32723978,
  "t_01" : 0.97662234,
  "t_12" : 0.31267348,
  "t_10" : -0.9442289,
  "angular_velocity" : 3.4028235e+38,
  "t_13" : -0.13093072,
  "cx" : 515.0115,
  "fy" : 718.32166
}