{
  "cx" : 514.99884,
  "t_13" : -0.17628953,
  "t_11" : 0.10836672,
  "t_20" : 0.21282092,
  "timestamp" : 56354022509,
  "cy" : 384.73764,
  "t_23" : 0.9173631,
  "blur_score" : 565.9479,
  "fx" : 718.65845,
  "t_01" : 0.9348214,
  "t_12" : 0.26257363,
  "t_03" : 1.9169563,
  "fy" : 718.65845,
  "width" : 1024,
  "height" : 768,
  "t_00" : 0.18813692,
  "t_21" : -0.33817926,
  "t_02" : 0.30118608,
  "angular_velocity" : 3.4028235e+38,
  "t_10" : -0.95880747,
  "t_22" : 0.91670156,
  "center_depth" : 1.6037887,
  "manual_keyframe" : false
}