{
  "height" : 768,
  "t_11" : 0.123928145,
  "t_01" : -0.49547604,
  "t_23" : 0.08377685,
  "t_20" : -0.28943542,
  "t_00" : 0.27273,
  "t_13" : -0.10368067,
  "width" : 1024,
  "angular_velocity" : 3.4028235e+38,
  "cx" : 514.8526,
  "t_22" : -0.42081088,
  "manual_keyframe" : false,
  "fx" : 717.7642,
  "t_03" : 2.1940503,
  "timestamp" : 56360006327,
  "center_depth" : 1.0596802,
  "t_02" : 0.82469475,
  "blur_score" : 947.87177,
  "fy" : 717.7642,
  "t_10" : -0.91752124,
  "cy" : 384.99158,
  "t_12" : 0.37788406,
  "t_21" : -0.8597353
}