{
  "t_02" : -0.5281112,
  "t_03" : 1.3231572,
  "t_11" : 0.06526046,
  "cx" : 515.0749,
  "width" : 1024,
  "t_01" : -0.8149405,
  "t_10" : -0.9432509,
  "t_00" : -0.23868436,
  "t_20" : -0.23088418,
  "fx" : 717.8516,
  "t_13" : -0.30933437,
  "t_23" : -0.14283358,
  "t_12" : 0.3256053,
  "fy" : 717.8516,
  "t_21" : 0.57585835,
  "blur_score" : 969.0449,
  "height" : 768,
  "angular_velocity" : 3.4028235e+38,
  "cy" : 384.9055,
  "t_22" : -0.7842699,
  "timestamp" : 56366440178,
  "manual_keyframe" : false
}