{
  "height" : 768,
  "timestamp" : 56368557014,
  "manual_keyframe" : false,
  "t_13" : -0.20817527,
  "width" : 1024,
  "t_03" : 1.2740536,
  "t_10" : -0.9299392,
  "angular_velocity" : 3.4028235e+38,
  "cx" : 514.895,
  "cy" : 385.14923,
  "fy" : 720.1052,
  "t_02" : -0.93771875,
  "t_11" : 0.21165547,
  "t_00" : -0.32875684,
  "t_21" : 0.9708757,
  "t_22" : -0.17397806,
  "fx" : 720.1052,
  "t_12" : 0.3006908,
  "t_01" : -0.11225989,
  "t_20" : 0.16471778,
  "t_23" : 0.2624849,
  "blur_score" : 591.76385,
  "center_depth" : 1.4392067
}