{
  "t_12" : 0.33682963,
  "cx" : 514.8277,
  "angular_velocity" : 3.4028235e+38,
  "width" : 1024,
  "height" : 768,
  "timestamp" : 56361589788,
  "t_00" : 0.050258994,
  "t_03" : 2.0480635,
  "t_10" : -0.92808443,
  "blur_score" : 909.95667,
  "t_22" : -0.7742774,
  "t_21" : -0.51416045,
  "fy" : 717.5593,
  "t_02" : 0.53576136,
  "t_11" : 0.15876153,
  "t_13" : -0.117552444,
  "t_01" : -0.84287226,
  "t_20" : -0.36896265,
  "t_23" : -0.10395938,
  "center_depth" : 0.72247595,
  "fx" : 717.5593,
  "cy" : 385.033,
  "manual_keyframe" : false
}