{
  "t_10" : -0.95934206,
  "t_02" : -0.96563685,
  "t_22" : -0.010192592,
  "t_23" : 0.38953415,
  "height" : 768,
  "timestamp" : 56369457087,
  "cx" : 514.9587,
  "t_03" : 1.1721655,
  "blur_score" : 540.0054,
  "center_depth" : 0.74640065,
  "width" : 1024,
  "fy" : 720.11005,
  "t_20" : 0.11174897,
  "t_13" : -0.19633158,
  "cy" : 385.10452,
  "t_11" : 0.110550664,
  "angular_velocity" : 3.4028235e+38,
  "manual_keyframe" : false,
  "t_01" : 0.019242404,
  "fx" : 720.11005,
  "t_00" : -0.2591811,
  "t_12" : 0.25969446,
  "t_21" : 0.99368405
}