{
  "cx" : 515.69653,
  "t_03" : 0.123248294,
  "width" : 1024,
  "t_11" : 0.023616627,
  "t_00" : 0.3089215,
  "t_12" : 0.34212574,
  "t_02" : 0.8740706,
  "t_23" : -0.38331,
  "manual_keyframe" : false,
  "t_01" : -0.37492383,
  "t_20" : -0.14891371,
  "fx" : 733.1731,
  "cy" : 384.20016,
  "t_13" : 0.0719142,
  "t_21" : -0.9267547,
  "angular_velocity" : 3.4028235e+38,
  "blur_score" : 125.99427,
  "timestamp" : 60468606765,
  "t_10" : -0.9393573,
  "height" : 768,
  "fy" : 733.1731,
  "t_22" : -0.34489176
}