{
  "t_02" : 0.9473513,
  "manual_keyframe" : false,
  "t_20" : -0.045759678,
  "t_13" : 7.718429e-05,
  "t_11" : 0.04071402,
  "t_12" : 0.32008955,
  "blur_score" : 92.16758,
  "t_21" : -0.99891835,
  "t_10" : -0.946512,
  "angular_velocity" : 3.4028235e+38,
  "height" : 768,
  "timestamp" : 60466706629,
  "t_00" : 0.3194073,
  "t_01" : -0.02245994,
  "cy" : 384.18176,
  "cx" : 515.2117,
  "t_03" : 0.14160813,
  "fx" : 735.1234,
  "fy" : 735.1234,
  "t_22" : -0.008254271,
  "t_23" : -0.1852061,
  "width" : 1024
}