{
  "center_depth" : 1.1423994,
  "height" : 768,
  "fx" : 728.44183,
  "t_21" : -0.99229217,
  "t_02" : 0.95640695,
  "cx" : 515.61694,
  "t_01" : 0.121034704,
  "t_13" : -0.026016552,
  "manual_keyframe" : false,
  "t_23" : -0.08532949,
  "t_12" : 0.2645237,
  "t_00" : 0.2657746,
  "timestamp" : 60465973243,
  "angular_velocity" : 3.4028235e+38,
  "t_20" : 0.006590093,
  "t_10" : -0.9640126,
  "blur_score" : 137.082,
  "width" : 1024,
  "t_11" : 0.02658539,
  "t_22" : 0.12374467,
  "cy" : 384.1417,
  "t_03" : 0.117241114,
  "fy" : 728.44183
}