{
  "fx" : 732.76807,
  "blur_score" : 129.09846,
  "fy" : 732.76807,
  "manual_keyframe" : false,
  "t_20" : -0.32980454,
  "t_00" : 0.3577745,
  "height" : 768,
  "t_01" : -0.58700156,
  "t_22" : -0.48982692,
  "t_02" : 0.72624135,
  "t_23" : -0.45478553,
  "cy" : 384.36304,
  "t_10" : -0.87362826,
  "t_21" : -0.8070306,
  "t_03" : 0.030684402,
  "width" : 1024,
  "t_12" : 0.48233074,
  "timestamp" : 60471106942,
  "t_11" : 0.064270094,
  "t_13" : 0.13347714,
  "angular_velocity" : 3.4028235e+38,
  "cx" : 514.8965
}