{
  "t_01" : -0.49516293,
  "t_13" : 0.06652175,
  "fy" : 732.2599,
  "t_21" : 0.86781216,
  "width" : 1024,
  "t_02" : -0.80815095,
  "t_12" : 0.34469548,
  "cy" : 384.16696,
  "t_20" : -0.13720492,
  "cx" : 515.151,
  "t_03" : -0.68595827,
  "t_23" : -0.46375266,
  "angular_velocity" : 3.4028235e+38,
  "t_00" : -0.31891316,
  "blur_score" : 125.04472,
  "t_11" : 0.04142236,
  "fx" : 732.2599,
  "t_22" : -0.477574,
  "height" : 768,
  "timestamp" : 60479174162,
  "manual_keyframe" : false,
  "t_10" : -0.93780017
}