{
  "angular_velocity" : 3.4028235e+38,
  "t_12" : 0.44698173,
  "manual_keyframe" : false,
  "cy" : 384.35748,
  "t_02" : 0.6755882,
  "fx" : 733.0921,
  "width" : 1024,
  "t_00" : 0.28691325,
  "t_20" : -0.34938866,
  "blur_score" : 137.85435,
  "t_10" : -0.8919689,
  "fy" : 733.0921,
  "t_22" : -0.58633447,
  "t_01" : -0.6791623,
  "t_03" : 0.04580422,
  "t_23" : -0.52528447,
  "t_13" : 0.09530934,
  "t_11" : 0.06781571,
  "t_21" : -0.73084855,
  "height" : 768,
  "cx" : 515.09296,
  "timestamp" : 60471506969
}