{
  "blur_score" : 160.44699,
  "height" : 768,
  "timestamp" : 60473073745,
  "fy" : 731.5086,
  "t_00" : 0.08212516,
  "t_10" : -0.9405529,
  "t_13" : -0.03839566,
  "t_20" : -0.3295692,
  "t_01" : -0.93061423,
  "cy" : 384.34766,
  "angular_velocity" : 3.4028235e+38,
  "width" : 1024,
  "fx" : 731.5086,
  "manual_keyframe" : false,
  "t_12" : 0.33652163,
  "cx" : 515.26,
  "t_11" : 0.04597366,
  "t_03" : -0.07786167,
  "t_02" : 0.35666883,
  "t_22" : -0.8715162,
  "t_23" : -0.6675134,
  "t_21" : -0.36310282
}