{
  "fx" : 733.9895,
  "t_13" : -0.06347706,
  "t_10" : -0.9589681,
  "t_02" : -0.9364515,
  "t_11" : 0.028434008,
  "t_03" : -0.7232483,
  "t_20" : 0.090216585,
  "t_21" : 0.9738451,
  "t_22" : 0.20853478,
  "timestamp" : 60481874343,
  "fy" : 733.9895,
  "angular_velocity" : 3.4028235e+38,
  "blur_score" : 127.60519,
  "center_depth" : 0.37133652,
  "cy" : 384.20926,
  "width" : 1024,
  "t_00" : -0.26877755,
  "height" : 768,
  "t_12" : 0.28208488,
  "manual_keyframe" : false,
  "t_23" : -0.19454442,
  "cx" : 515.3673,
  "t_01" : 0.22542682
}