{
  "t_01" : 0.9944671,
  "fy" : 730.1936,
  "cx" : 514.86346,
  "t_10" : -0.82223105,
  "t_12" : 0.5684556,
  "t_11" : 0.028186189,
  "height" : 768,
  "t_20" : 0.56810707,
  "t_02" : -0.09921924,
  "width" : 1024,
  "t_00" : -0.03450546,
  "fx" : 730.1936,
  "t_21" : 0.10119588,
  "t_03" : -0.37594306,
  "angular_velocity" : 3.4028235e+38,
  "cy" : 384.16916,
  "manual_keyframe" : false,
  "blur_score" : 224.07823,
  "t_22" : 0.8167092,
  "timestamp" : 60489741521,
  "t_23" : 0.22089829,
  "t_13" : -0.012439529
}