{
  "t_23" : 0.08915989,
  "fx" : 732.19165,
  "t_12" : 0.39196196,
  "t_11" : 0.03042645,
  "t_20" : 0.30077547,
  "t_10" : -0.91947806,
  "angular_velocity" : 3.4028235e+38,
  "blur_score" : 143.91371,
  "height" : 768,
  "cy" : 384.17368,
  "cx" : 515.2092,
  "t_02" : -0.6495435,
  "t_03" : -0.57219374,
  "t_13" : 0.049107134,
  "t_21" : 0.69647336,
  "t_22" : 0.65150505,
  "width" : 1024,
  "timestamp" : 60486041282,
  "t_01" : 0.7169372,
  "center_depth" : 0.36281222,
  "t_00" : -0.2531681,
  "manual_keyframe" : false,
  "fy" : 732.19165
}