{
  "timestamp" : 60486507979,
  "t_12" : 0.366732,
  "cx" : 515.2086,
  "angular_velocity" : 3.4028235e+38,
  "blur_score" : 123.82616,
  "width" : 1024,
  "t_03" : -0.5458162,
  "fx" : 733.62573,
  "t_02" : -0.52967227,
  "t_13" : 0.032184314,
  "fy" : 733.62573,
  "t_10" : -0.92951757,
  "manual_keyframe" : false,
  "t_11" : 0.03879241,
  "t_01" : 0.8300934,
  "t_22" : 0.76482356,
  "t_21" : 0.5562735,
  "t_23" : 0.12598655,
  "height" : 768,
  "t_20" : 0.32496908,
  "cy" : 384.16724,
  "t_00" : -0.17433394
}