{
  "center_depth" : 0.43146366,
  "manual_keyframe" : false,
  "t_01" : 0.5621229,
  "angular_velocity" : 3.4028235e+38,
  "t_00" : -0.42016056,
  "t_11" : 0.029970193,
  "cy" : 384.1157,
  "t_13" : 0.15677287,
  "fx" : 731.0608,
  "t_03" : -0.5987108,
  "t_21" : 0.8265104,
  "t_22" : 0.46545428,
  "cx" : 515.1445,
  "blur_score" : 123.29547,
  "width" : 1024,
  "timestamp" : 60483607791,
  "t_02" : -0.71237826,
  "fy" : 731.0608,
  "t_10" : -0.85043067,
  "t_23" : -0.038856316,
  "t_12" : 0.5252327,
  "height" : 768,
  "t_20" : 0.31659546
}