{
  "angular_velocity" : 3.4028235e+38,
  "t_11" : 0.07915825,
  "t_21" : -0.7465383,
  "t_23" : 0.068863794,
  "cy" : 384.2592,
  "t_20" : 0.18881479,
  "cx" : 515.2298,
  "center_depth" : 0.42749238,
  "t_01" : 0.6606169,
  "t_13" : 0.0052257963,
  "t_02" : 0.6769988,
  "fx" : 732.784,
  "t_03" : -0.04611293,
  "fy" : 732.784,
  "t_22" : 0.6379887,
  "blur_score" : 131.52197,
  "width" : 1024,
  "timestamp" : 60494975191,
  "t_00" : 0.3244346,
  "t_10" : -0.92687166,
  "t_12" : 0.3669371,
  "height" : 768,
  "manual_keyframe" : false
}