{
  "t_02" : -0.015917316,
  "t_03" : -0.30475423,
  "t_21" : -0.014876706,
  "width" : 1024,
  "timestamp" : 60490608244,
  "cx" : 514.93304,
  "height" : 768,
  "t_23" : 0.19072104,
  "t_01" : 0.99872494,
  "cy" : 384.20834,
  "manual_keyframe" : false,
  "t_22" : 0.8140431,
  "fx" : 730.273,
  "t_20" : 0.5806139,
  "t_13" : 0.010105442,
  "angular_velocity" : 3.4028235e+38,
  "t_10" : -0.8127684,
  "t_00" : 0.047906347,
  "t_12" : 0.58058625,
  "t_11" : 0.048239633,
  "blur_score" : 190.38522,
  "fy" : 730.273
}