{
  "manual_keyframe" : false,
  "fx" : 730.4271,
  "t_23" : 0.18825576,
  "t_03" : -0.20984964,
  "t_21" : -0.30417413,
  "t_10" : -0.8849456,
  "timestamp" : 60491408295,
  "blur_score" : 144.43274,
  "t_20" : 0.42736945,
  "fy" : 730.4271,
  "cy" : 384.27643,
  "t_13" : 0.12137836,
  "t_12" : 0.46278664,
  "t_22" : 0.8513715,
  "cx" : 514.8988,
  "t_01" : 0.95119834,
  "angular_velocity" : 3.4028235e+38,
  "t_02" : 0.24697167,
  "center_depth" : 0.50973225,
  "width" : 1024,
  "t_11" : 0.05195937,
  "t_00" : 0.18500443,
  "height" : 768
}