{
  "cy" : 384.1986,
  "cx" : 515.1317,
  "t_20" : -0.104923755,
  "t_21" : -0.98648876,
  "fx" : 737.7027,
  "t_13" : 0.021896105,
  "blur_score" : 85.798325,
  "height" : 768,
  "manual_keyframe" : false,
  "fy" : 737.7027,
  "t_02" : 0.88853997,
  "t_22" : -0.12582047,
  "width" : 1024,
  "t_23" : -0.25700805,
  "t_00" : 0.43033063,
  "timestamp" : 60498875441,
  "t_12" : 0.4412095,
  "t_11" : 0.039084543,
  "t_01" : -0.159098,
  "t_10" : -0.89655256,
  "t_03" : 0.08703403,
  "angular_velocity" : 3.4028235e+38
}