{
  "angular_velocity" : 3.4028235e+38,
  "cy" : 384.23633,
  "t_23" : -0.29799408,
  "width" : 1024,
  "cx" : 515.1095,
  "t_10" : -0.8783183,
  "fy" : 737.131,
  "t_13" : 0.044846967,
  "fx" : 737.131,
  "t_11" : 0.022695519,
  "t_12" : 0.47753727,
  "t_00" : 0.45150417,
  "t_22" : -0.24358341,
  "timestamp" : 60499242131,
  "t_02" : 0.8441713,
  "t_21" : -0.9570613,
  "t_03" : 0.065246716,
  "t_01" : -0.28899592,
  "t_20" : -0.15716533,
  "blur_score" : 89.686806,
  "height" : 768,
  "manual_keyframe" : false
}