{
  "manual_keyframe" : false,
  "t_01" : 0.16801661,
  "fx" : 736.321,
  "cy" : 384.15414,
  "t_11" : 0.048722465,
  "angular_velocity" : 3.4028235e+38,
  "t_12" : 0.40665525,
  "t_23" : -0.18529153,
  "height" : 768,
  "t_21" : -0.9845793,
  "t_10" : -0.91228145,
  "t_02" : 0.89701396,
  "timestamp" : 60497808707,
  "t_13" : -0.12390248,
  "t_20" : 0.024620121,
  "t_22" : 0.17319736,
  "t_03" : 0.10385637,
  "cx" : 515.36865,
  "blur_score" : 139.33794,
  "width" : 1024,
  "t_00" : 0.40882298,
  "fy" : 736.321
}