{
  "t_03" : 0.08592428,
  "t_02" : 0.9030512,
  "t_23" : -0.11093291,
  "t_12" : 0.35601538,
  "t_20" : 0.065402694,
  "angular_velocity" : 3.4028235e+38,
  "height" : 768,
  "t_13" : -0.095828414,
  "timestamp" : 60497075326,
  "cx" : 515.1369,
  "blur_score" : 118.4166,
  "fy" : 735.68414,
  "manual_keyframe" : false,
  "t_00" : 0.3508666,
  "cy" : 384.21683,
  "t_11" : 0.02525638,
  "t_21" : -0.9684891,
  "t_01" : 0.24777153,
  "t_10" : -0.9341386,
  "center_depth" : 0.3761542,
  "width" : 1024,
  "t_22" : 0.24031454,
  "fx" : 735.68414
}