{
  "center_depth" : 0.34323257,
  "t_11" : 0.04879243,
  "fy" : 738.5826,
  "angular_velocity" : 3.4028235e+38,
  "manual_keyframe" : false,
  "t_12" : 0.5403914,
  "t_02" : 0.542873,
  "height" : 768,
  "width" : 1024,
  "t_01" : -0.7829533,
  "t_10" : -0.8399979,
  "t_21" : -0.62016404,
  "cy" : 384.25812,
  "t_03" : -0.042568028,
  "t_23" : -0.5038216,
  "blur_score" : 88.15183,
  "timestamp" : 60503042369,
  "t_20" : -0.4495894,
  "t_00" : 0.30376476,
  "t_13" : 0.11970939,
  "cx" : 514.63214,
  "t_22" : -0.6428578,
  "fx" : 738.5826
}