{
  "angular_velocity" : 3.4028235e+38,
  "t_12" : 0.5149007,
  "t_03" : -0.16499852,
  "blur_score" : 124.498634,
  "width" : 1024,
  "height" : 768,
  "timestamp" : 60504542463,
  "cx" : 514.92896,
  "t_01" : -0.96981674,
  "t_13" : 0.0017993152,
  "center_depth" : 0.4379296,
  "t_22" : -0.82875127,
  "t_23" : -0.63299245,
  "t_00" : 0.106802575,
  "t_11" : 0.022003833,
  "t_21" : -0.24283955,
  "t_10" : -0.8569674,
  "t_20" : -0.50418264,
  "fx" : 735.88257,
  "t_02" : 0.21919957,
  "manual_keyframe" : false,
  "cy" : 384.21188,
  "fy" : 735.88257
}