{
  "timestamp" : 60506575923,
  "fy" : 731.91364,
  "cx" : 515.1444,
  "manual_keyframe" : false,
  "angular_velocity" : 3.4028235e+38,
  "blur_score" : 108.89907,
  "t_03" : -0.33301973,
  "cy" : 384.32648,
  "fx" : 731.91364,
  "t_01" : -0.9450292,
  "t_21" : 0.3207582,
  "t_11" : 0.063513756,
  "t_13" : -0.041260086,
  "t_00" : -0.21218017,
  "t_02" : -0.2487959,
  "t_20" : -0.4537544,
  "t_22" : -0.8313972,
  "t_12" : 0.49686965,
  "width" : 1024,
  "height" : 768,
  "t_10" : -0.86549795,
  "t_23" : -0.620413
}