{
  "center_depth" : 0.3419923,
  "t_23" : -0.5050787,
  "cy" : 384.00983,
  "timestamp" : 60508642717,
  "blur_score" : 96.87776,
  "t_02" : -0.75853544,
  "t_13" : 0.07554556,
  "cx" : 515.1079,
  "manual_keyframe" : false,
  "t_11" : -0.016319476,
  "width" : 1024,
  "fx" : 735.133,
  "height" : 768,
  "t_21" : 0.8489443,
  "t_03" : -0.62811214,
  "t_20" : -0.25450352,
  "t_22" : -0.4631649,
  "t_01" : -0.5282305,
  "t_00" : -0.38157132,
  "t_10" : -0.88861203,
  "t_12" : 0.45836928,
  "fy" : 735.133,
  "angular_velocity" : 3.4028235e+38
}