{
  "center_depth" : 0.33025983,
  "t_13" : 0.09219976,
  "t_22" : -0.37009257,
  "height" : 768,
  "t_12" : 0.4817091,
  "t_21" : 0.90408593,
  "fx" : 734.5533,
  "blur_score" : 101.71551,
  "fy" : 734.5533,
  "t_00" : -0.43183535,
  "angular_velocity" : 3.4028235e+38,
  "t_03" : -0.69708943,
  "t_23" : -0.3528948,
  "t_01" : -0.42723575,
  "width" : 1024,
  "cy" : 384.01196,
  "t_10" : -0.8762751,
  "t_20" : -0.21368267,
  "manual_keyframe" : false,
  "cx" : 515.10583,
  "t_02" : -0.79434747,
  "timestamp" : 60509509437,
  "t_11" : -0.009919216
}