{
  "t_02" : -0.7625158,
  "blur_score" : 96.18205,
  "t_03" : -0.6736003,
  "height" : 768,
  "timestamp" : 60509142748,
  "t_11" : -0.007722333,
  "manual_keyframe" : false,
  "width" : 1024,
  "fx" : 734.24036,
  "cx" : 515.15356,
  "t_23" : -0.42432362,
  "t_01" : -0.4967603,
  "fy" : 734.24036,
  "t_12" : 0.48144484,
  "t_21" : 0.8678534,
  "t_00" : -0.41448608,
  "t_10" : -0.8764424,
  "cy" : 383.9884,
  "t_20" : -0.24505107,
  "t_13" : 0.0787419,
  "t_22" : -0.43218097,
  "angular_velocity" : 3.4028235e+38
}