{
  "angular_velocity" : 3.4028235e+38,
  "width" : 1024,
  "manual_keyframe" : false,
  "t_13" : 0.059318766,
  "cx" : 515.1413,
  "height" : 768,
  "fx" : 729.7156,
  "t_03" : -0.36956862,
  "t_21" : 0.06080071,
  "t_22" : 0.8791418,
  "t_23" : 0.19041082,
  "blur_score" : 126.25059,
  "t_02" : -0.076705225,
  "t_01" : 0.9969494,
  "t_11" : 0.04893993,
  "t_10" : -0.88112366,
  "timestamp" : 60515009767,
  "t_00" : 0.014427751,
  "t_12" : 0.47034654,
  "cy" : 384.17932,
  "fy" : 729.7156,
  "t_20" : 0.4726657
}