{
  "manual_keyframe" : false,
  "t_11" : 0.036514834,
  "t_22" : 0.88268065,
  "width" : 1024,
  "t_02" : 0.024656652,
  "t_13" : 0.062530115,
  "blur_score" : 137.44147,
  "t_10" : -0.8822696,
  "t_23" : 0.19435878,
  "center_depth" : 0.37792298,
  "t_20" : 0.4675873,
  "t_00" : 0.054429628,
  "timestamp" : 60515276450,
  "t_03" : -0.32549453,
  "cy" : 384.20276,
  "fy" : 730.05225,
  "t_21" : -0.047299094,
  "t_01" : 0.9982132,
  "cx" : 515.0871,
  "fx" : 730.05225,
  "t_12" : 0.4693262,
  "angular_velocity" : 3.4028235e+38,
  "height" : 768
}