{
  "manual_keyframe" : false,
  "t_12" : 0.44633743,
  "t_02" : -0.5261503,
  "t_00" : -0.23759358,
  "fy" : 731.85803,
  "height" : 768,
  "timestamp" : 60513443007,
  "fx" : 731.85803,
  "t_10" : -0.89444685,
  "t_03" : -0.58501005,
  "cy" : 384.1867,
  "t_21" : 0.57666045,
  "t_22" : 0.7238429,
  "blur_score" : 145.31035,
  "cx" : 515.0035,
  "width" : 1024,
  "t_20" : 0.3788325,
  "angular_velocity" : 3.4028235e+38,
  "t_01" : 0.8165262,
  "t_13" : 0.0533835,
  "t_23" : 0.12085852,
  "t_11" : 0.027342396
}