{
  "t_02" : 0.7196151,
  "t_00" : 0.6759398,
  "t_20" : 0.02244987,
  "t_12" : 0.6662972,
  "cx" : 514.6908,
  "height" : 768,
  "t_11" : 0.1159596,
  "t_10" : -0.7366148,
  "t_13" : 0.22826658,
  "timestamp" : 60519043337,
  "cy" : 384.2764,
  "t_03" : 0.041194256,
  "fy" : 733.35254,
  "t_21" : -0.98045594,
  "blur_score" : 81.81172,
  "fx" : 733.35254,
  "width" : 1024,
  "t_22" : 0.19545364,
  "t_01" : 0.1589323,
  "t_23" : -0.18413667,
  "angular_velocity" : 3.4028235e+38,
  "manual_keyframe" : false
}