{
  "t_03" : -0.124992535,
  "cx" : 515.0467,
  "width" : 1024,
  "t_10" : -0.8524365,
  "t_21" : -0.5142796,
  "t_01" : 0.85564005,
  "fy" : 729.3535,
  "timestamp" : 60516643197,
  "height" : 768,
  "t_00" : 0.31076956,
  "t_12" : 0.51957244,
  "t_13" : 0.07185307,
  "manual_keyframe" : false,
  "fx" : 729.3535,
  "blur_score" : 143.31712,
  "t_23" : 0.13491228,
  "t_20" : 0.42044553,
  "t_22" : 0.7474905,
  "t_11" : 0.058280397,
  "angular_velocity" : 3.4028235e+38,
  "cy" : 384.29956,
  "t_02" : 0.4138869
}