{
  "t_23" : 0.017825088,
  "fy" : 732.5124,
  "t_11" : 0.039284226,
  "manual_keyframe" : false,
  "t_03" : -0.026371075,
  "t_22" : 0.5916312,
  "cx" : 514.91284,
  "blur_score" : 109.42626,
  "t_20" : 0.31349605,
  "angular_velocity" : 3.4028235e+38,
  "t_02" : 0.6277125,
  "t_10" : -0.8616886,
  "width" : 1024,
  "height" : 768,
  "cy" : 384.20782,
  "t_21" : -0.7427602,
  "t_00" : 0.39901486,
  "t_12" : 0.50591433,
  "fx" : 732.5124,
  "t_01" : 0.6684041,
  "timestamp" : 60517443244,
  "t_13" : 0.08198185
}