{
  "t_23" : 0.20833515,
  "t_21" : -0.44045097,
  "center_depth" : 0.7170054,
  "t_01" : 0.8958889,
  "t_02" : 0.36134455,
  "manual_keyframe" : false,
  "t_00" : 0.25848272,
  "t_11" : 0.05819117,
  "cy" : 384.23282,
  "cx" : 515.0025,
  "t_10" : -0.874593,
  "t_12" : 0.48135322,
  "t_13" : 0.07419052,
  "angular_velocity" : 3.4028235e+38,
  "t_20" : 0.41021192,
  "width" : 1024,
  "height" : 768,
  "fx" : 729.19305,
  "fy" : 729.19305,
  "t_22" : 0.7985796,
  "blur_score" : 149.69798,
  "timestamp" : 60516076497,
  "t_03" : -0.23065145
}