{
  "center_depth" : 0.41946778,
  "t_11" : 0.075294,
  "t_12" : 0.6188464,
  "fy" : 732.811,
  "cy" : 384.16846,
  "cx" : 514.9101,
  "t_03" : 0.06410259,
  "t_10" : -0.781895,
  "t_20" : 0.14256153,
  "t_22" : 0.2950722,
  "angular_velocity" : 3.4028235e+38,
  "height" : 768,
  "timestamp" : 60518576643,
  "t_21" : -0.94477963,
  "t_13" : 0.20426637,
  "t_01" : 0.3189392,
  "t_23" : -0.11106694,
  "t_02" : 0.7279845,
  "width" : 1024,
  "manual_keyframe" : false,
  "fx" : 732.811,
  "blur_score" : 94.3674,
  "t_00" : 0.6068907
}