{
  "t_01" : -0.047914486,
  "t_03" : 0.027020102,
  "t_22" : 0.051818054,
  "t_21" : -0.990613,
  "angular_velocity" : 3.4028235e+38,
  "t_12" : 0.6760463,
  "blur_score" : 80.81368,
  "manual_keyframe" : false,
  "cy" : 384.41333,
  "t_11" : 0.12802453,
  "cx" : 514.49255,
  "width" : 1024,
  "t_10" : -0.7256523,
  "t_20" : -0.12649494,
  "fx" : 734.22925,
  "t_13" : 0.23985784,
  "t_23" : -0.23175481,
  "height" : 768,
  "t_02" : 0.73503494,
  "t_00" : 0.6763342,
  "fy" : 734.22925,
  "timestamp" : 60519443360
}