{
  "manual_keyframe" : false,
  "t_12" : 0.46484452,
  "cy" : 384.1563,
  "t_13" : 0.13390605,
  "t_00" : -0.37187034,
  "fy" : 727.87805,
  "t_22" : 0.48879322,
  "t_10" : -0.88504046,
  "t_11" : 0.024960974,
  "t_02" : -0.73824173,
  "height" : 768,
  "timestamp" : 60512376277,
  "blur_score" : 144.3351,
  "t_20" : 0.28002846,
  "fx" : 727.87805,
  "angular_velocity" : 3.4028235e+38,
  "t_03" : -0.6737252,
  "t_01" : 0.5627714,
  "cx" : 514.88574,
  "t_21" : 0.82623565,
  "t_23" : 0.021800706,
  "width" : 1024,
  "center_depth" : 0.533119
}