{
  "t_10" : -0.9160395,
  "t_22" : 0.81191397,
  "width" : 1024,
  "fx" : 731.1148,
  "angular_velocity" : 3.4028235e+38,
  "t_23" : 0.19507502,
  "t_13" : 0.07390956,
  "t_01" : 0.8941572,
  "height" : 768,
  "t_00" : -0.13283747,
  "cx" : 515.1323,
  "cy" : 384.15405,
  "t_11" : 0.053971246,
  "t_21" : 0.4444884,
  "blur_score" : 133.89029,
  "t_12" : 0.39744002,
  "center_depth" : 0.4558092,
  "fy" : 731.1148,
  "t_03" : -0.5632355,
  "t_20" : 0.37845168,
  "timestamp" : 60513843031,
  "manual_keyframe" : false,
  "t_02" : -0.42759448
}