{
  "height" : 768,
  "t_21" : 0.6756156,
  "t_22" : 0.6321107,
  "t_01" : 0.7366168,
  "t_12" : 0.49015215,
  "timestamp" : 60513176325,
  "fy" : 731.32605,
  "manual_keyframe" : false,
  "fx" : 731.32605,
  "cx" : 514.96045,
  "t_23" : 0.07573649,
  "t_00" : -0.3117832,
  "t_10" : -0.871098,
  "t_11" : 0.030645365,
  "t_13" : 0.050667025,
  "blur_score" : 146.91095,
  "t_02" : -0.6001556,
  "cy" : 384.1357,
  "t_20" : 0.37944636,
  "width" : 1024,
  "angular_velocity" : 3.4028235e+38,
  "t_03" : -0.5994097
}