{
  "t_23" : -0.12316099,
  "blur_score" : 134.23088,
  "timestamp" : 60511276211,
  "cx" : 514.6471,
  "manual_keyframe" : false,
  "t_01" : 0.19752802,
  "t_12" : 0.63490856,
  "t_20" : 0.13044171,
  "angular_velocity" : 3.4028235e+38,
  "t_02" : -0.75818515,
  "t_13" : 0.21718921,
  "width" : 1024,
  "fy" : 729.63617,
  "t_00" : -0.6213999,
  "t_03" : -0.670108,
  "fx" : 729.63617,
  "center_depth" : 0.47205818,
  "t_22" : 0.14847983,
  "height" : 768,
  "cy" : 384.1217,
  "t_21" : 0.98027486,
  "t_10" : -0.77255875,
  "t_11" : 0.006633594
}