{
  "t_23" : 0.03925998,
  "t_13" : 0.08620487,
  "blur_score" : 155.90569,
  "timestamp" : 60512709630,
  "t_12" : 0.5242209,
  "manual_keyframe" : false,
  "t_10" : -0.8510364,
  "t_11" : 0.030490158,
  "center_depth" : 0.44042343,
  "t_03" : -0.62887055,
  "t_00" : -0.3873294,
  "t_02" : -0.6658887,
  "t_21" : 0.76974165,
  "angular_velocity" : 3.4028235e+38,
  "t_20" : 0.35456052,
  "fx" : 728.4735,
  "fy" : 728.4735,
  "cx" : 515.0309,
  "t_22" : 0.53083414,
  "width" : 1024,
  "height" : 768,
  "t_01" : 0.6376271,
  "cy" : 384.07846
}