{
  "t_22" : -0.49571845,
  "t_11" : -0.033225678,
  "t_20" : -0.2951954,
  "t_01" : -0.57599753,
  "angular_velocity" : 3.4028235e+38,
  "t_03" : -0.017325977,
  "t_23" : -0.4691341,
  "width" : 1024,
  "height" : 768,
  "t_00" : 0.46668416,
  "t_13" : 0.064830065,
  "fx" : 734.5612,
  "t_10" : -0.83370596,
  "timestamp" : 60521243463,
  "cy" : 384.0609,
  "manual_keyframe" : false,
  "blur_score" : 117.28469,
  "t_02" : 0.67114294,
  "cx" : 514.999,
  "t_12" : 0.5512082,
  "fy" : 734.5612,
  "t_21" : -0.816776
}