{"cx":514.7539,"cy":384.42813,"fx":722.6789894015624,"fy":722.6789894015624,"t_12":0.3569280803203583,"t_02":-0.7675207853317261,"t_22":0.5324604511260986,"t_21":0.8311973214149475,"t_11":-0.049091391265392303,"t_01":0.5538060069084167,"t_20":0.15999025106430054,"t_10":-0.9328410029411316,"t_00":-0.3228168785572052,"t_23":0.7061708569526672,"t_03":1.2623966932296753,"t_13":-0.08716932684183121,"timestamp":56318769554,"width":1024,"height":768,"blur_score":705.579,"manual_keyframe":false,"neighbors":[56317902812,56319869649,56314219162,56320669717,56314152489,56347872004,56347605316,56348005349,56348805415,56349172112]}