{"cx":514.70636,"cy":384.8278,"fx":726.7692789089793,"fy":726.7692789089793,"t_12":0.44011756777763367,"t_02":-0.878445029258728,"t_22":0.1860937774181366,"t_21":0.9697126746177673,"t_11":0.06168130785226822,"t_01":0.23633182048797607,"t_20":0.15819741785526276,"t_10":-0.8958191275596619,"t_00":-0.4153090715408325,"t_23":0.5468834638595581,"t_03":1.1561806201934814,"t_13":-0.0750182494521141,"timestamp":56314152489,"width":1024,"height":768,"blur_score":670.5876,"manual_keyframe":false,"neighbors":[56317902812,56318769554,56314219162,56347605316,56347872004,56348005349,56347088606,56347205282,56346638569,56319869649]}