{"cx":515.01196,"cy":384.5568,"fx":723.206783307657,"fy":723.206783307657,"t_12":0.37779226899147034,"t_02":-0.6540700793266296,"t_22":0.6553360819816589,"t_21":0.7024293541908264,"t_11":0.013565115630626678,"t_01":0.7116242051124573,"t_20":0.2777186334133148,"t_10":-0.9257910251617432,"t_00":-0.25648266077041626,"t_23":0.7639139890670776,"t_03":1.3639370203018188,"t_13":-0.12498444318771362,"timestamp":56319869649,"width":1024,"height":768,"blur_score":703.25494,"manual_keyframe":false,"neighbors":[56318769554,56320669717,56317902812,56321236433,56348805415,56347872004,56348005349,56349172112,56321403114,56349288788]}