{"cx":514.84906,"cy":384.4934,"fx":722.9428410486834,"fy":722.9428410486834,"t_12":0.3927915096282959,"t_02":-0.8341718912124634,"t_22":0.3871331214904785,"t_21":0.9132183790206909,"t_11":-0.038610950112342834,"t_01":0.40563705563545227,"t_20":0.12712262570858002,"t_10":-0.9188166260719299,"t_00":-0.37365201115608215,"t_23":0.5945504307746887,"t_03":1.2290818691253662,"t_13":-0.047934114933013916,"timestamp":56317902812,"width":1024,"height":768,"blur_score":755.7968,"manual_keyframe":false,"neighbors":[56318769554,56314219162,56314152489,56319869649,56347605316,56347872004,56348005349,56320669717,56348805415,56347205282]}