{"cx":514.7089,"cy":384.61484,"fx":724.7034293469256,"fy":724.7034293469256,"t_12":0.282214492559433,"t_02":-0.020661721006035805,"t_22":0.9591287970542908,"t_21":0.01391047053039074,"t_11":0.02590530551970005,"t_01":0.9995676279067993,"t_20":0.28262773156166077,"t_10":-0.9590014815330505,"t_00":0.020920787006616592,"t_23":0.9292864799499512,"t_03":1.669167399406433,"t_13":-0.12316056340932846,"timestamp":56323219936,"width":1024,"height":768,"blur_score":531.4548,"manual_keyframe":false,"neighbors":[56324253358,56322653221,56351688985,56352739071,56352822411,56352889083,56321403114,56350955592,56352555723,56350888920]}