{"cx":514.9223,"cy":384.5326,"fx":723.7887530336911,"fy":723.7887530336911,"t_12":0.33414825797080994,"t_02":-0.3686125874519348,"t_22":0.8674501180648804,"t_21":0.40066027641296387,"t_11":-0.029927905648946762,"t_01":0.9157377481460571,"t_20":0.2949603796005249,"t_10":-0.942045271396637,"t_00":-0.1598408967256546,"t_23":0.8992088437080383,"t_03":1.4873383045196533,"t_13":-0.06612742692232132,"timestamp":56321403114,"width":1024,"height":768,"blur_score":578.3267,"manual_keyframe":false,"neighbors":[56320669717,56321236433,56322653221,56349288788,56350722240,56349455469,56350955592,56349172112,56350888920,56323219936]}