{"cx":515.07733,"cy":384.97626,"fx":721.489376591225,"fy":721.489376591225,"t_12":0.2522275149822235,"t_02":0.7034581899642944,"t_22":0.6644756197929382,"t_21":-0.7425108551979065,"t_11":0.11632123589515686,"t_01":0.6596567034721375,"t_20":0.0845564529299736,"t_10":-0.960651159286499,"t_00":0.2645742893218994,"t_23":0.874938428401947,"t_03":2.1138739585876465,"t_13":-0.09474986791610718,"timestamp":56326686899,"width":1024,"height":768,"blur_score":611.7442,"manual_keyframe":false,"neighbors":[56328003677,56325820158,56328920422,56356106012,56355072595,56325236775,56356722728,56354539218,56357156097,56354089181]}