{"cx":514.97595,"cy":384.47726,"fx":724.4171965721843,"fy":724.4171965721843,"t_12":0.37491151690483093,"t_02":-0.19277621805667877,"t_22":0.9067957997322083,"t_21":0.20584040880203247,"t_11":0.0053079742938280106,"t_01":0.9785711765289307,"t_20":0.36790087819099426,"t_10":-0.9270454049110413,"t_00":-0.07235869765281677,"t_23":0.8854982256889343,"t_03":1.6024246215820313,"t_13":-0.10061671584844589,"timestamp":56322653221,"width":1024,"height":768,"blur_score":608.0724,"manual_keyframe":false,"neighbors":[56321236433,56321403114,56323219936,56350722240,56350888920,56350955592,56351688985,56324253358,56320669717,56352555723]}