{"cx":514.9629,"cy":384.58398,"fx":723.8159365895056,"fy":723.8159365895056,"t_12":0.326806902885437,"t_02":-0.3984038233757019,"t_22":0.8570132255554199,"t_21":0.4286997616291046,"t_11":-0.02320435456931591,"t_01":0.9031490087509155,"t_20":0.28591063618659973,"t_10":-0.9448062181472778,"t_00":-0.15998847782611847,"t_23":0.8919866681098938,"t_03":1.4640743732452393,"t_13":-0.05701277777552605,"timestamp":56321236433,"width":1024,"height":768,"blur_score":565.6405,"manual_keyframe":false,"neighbors":[56320669717,56321403114,56322653221,56350722240,56349455469,56349288788,56319869649,56350888920,56350955592,56349172112]}