{"cx":514.85974,"cy":384.85696,"fx":722.9332160563284,"fy":722.9332160563284,"t_12":0.2757487893104553,"t_02":-0.2489631623029709,"t_22":-0.9284287691116333,"t_21":0.2850877046585083,"t_11":0.09911691397428513,"t_01":-0.9533629417419434,"t_20":-0.2382121980190277,"t_10":-0.9561058878898621,"t_00":-0.17063558101654053,"t_23":-0.19038434326648712,"t_03":1.5278477668762207,"t_13":-0.13667887449264526,"timestamp":56339321294,"width":1024,"height":768,"blur_score":926.0347,"manual_keyframe":false,"neighbors":[56338621236,56338387883,56363823301,56340104693,56341604818,56363523277,56364423350,56337037770,56365106738,56341871507]}