{"cx":514.9275,"cy":384.90405,"fx":722.7190297724785,"fy":722.7190297724785,"t_12":0.31000152230262756,"t_02":-0.013189932331442833,"t_22":-0.9506445527076721,"t_21":0.04261033609509468,"t_11":0.0883251428604126,"t_01":-0.9951798915863037,"t_20":-0.3073422610759735,"t_10":-0.9466243982315063,"t_00":-0.09717509150505066,"t_23":-0.2126263827085495,"t_03":1.706352710723877,"t_13":-0.15914714336395264,"timestamp":56338387883,"width":1024,"height":768,"blur_score":1026.3733,"manual_keyframe":false,"neighbors":[56339321294,56338621236,56337037770,56362923229,56364423350,56336337712,56363823301,56363523277,56340104693,56365106738]}