{"cx":514.88245,"cy":384.95975,"fx":722.4040025645412,"fy":722.4040025645412,"t_12":0.2619505524635315,"t_02":0.772864580154419,"t_22":-0.5779812335968018,"t_21":-0.7791187763214111,"t_11":0.10455486178398132,"t_01":-0.6180956363677979,"t_20":-0.24271723628044128,"t_10":-0.9594009518623352,"t_00":0.14365984499454498,"t_23":0.02879413403570652,"t_03":2.176851749420166,"t_13":-0.12496153265237808,"timestamp":56333770830,"width":1024,"height":768,"blur_score":788.8269,"manual_keyframe":false,"neighbors":[56333170780,56334737578,56331870670,56335821002,56331737326,56359256266,56360006327,56361439776,56360656380,56361589788]}