{"cx":514.95667,"cy":385.03027,"fx":722.0106464439241,"fy":722.0106464439241,"t_12":0.3044064939022064,"t_02":0.6319482922554016,"t_22":-0.712725818157196,"t_21":-0.6416657567024231,"t_11":0.08098725229501724,"t_01":-0.7626966238021851,"t_20":-0.28334957361221313,"t_10":-0.9490931034088135,"t_00":0.13760553300380707,"t_23":-0.049175433814525604,"t_03":2.093888282775879,"t_13":-0.1657119244337082,"timestamp":56334737578,"width":1024,"height":768,"blur_score":834.5588,"manual_keyframe":false,"neighbors":[56335821002,56333770830,56333170780,56360139671,56361589788,56360006327,56360656380,56361439776,56336337712,56362323181]}