{"cx":515.0096,"cy":385.04468,"fx":722.085854281677,"fy":722.085854281677,"t_12":0.3144001364707947,"t_02":0.9396158456802368,"t_22":0.13518348336219788,"t_21":-0.990532636642456,"t_11":0.0657443106174469,"t_01":0.12051055580377579,"t_20":-0.02388586848974228,"t_10":-0.9470112323760986,"t_00":0.32031112909317017,"t_23":0.4791795015335083,"t_03":2.2603189945220947,"t_13":-0.16102169454097748,"timestamp":56330420548,"width":1024,"height":768,"blur_score":661.1368,"manual_keyframe":false,"neighbors":[56330987263,56328920422,56358572878,56328003677,56331737326,56358156178,56356722728,56357156097,56331870670,56356106012]}