{"cx":514.99805,"cy":384.96082,"fx":722.3768190087269,"fy":722.3768190087269,"t_12":0.25152450799942017,"t_02":-0.45427414774894714,"t_22":-0.8546171188354492,"t_21":0.493516206741333,"t_11":0.12140706926584244,"t_01":-0.8612212538719177,"t_20":-0.16146616637706757,"t_10":-0.9602060914039612,"t_00":-0.22788798809051514,"t_23":-0.21333980560302734,"t_03":1.4363212585449219,"t_13":-0.1177855134010315,"timestamp":56340104693,"width":1024,"height":768,"blur_score":977.6559,"manual_keyframe":false,"neighbors":[56341604818,56341871507,56339321294,56338621236,56364423350,56338387883,56342704909,56365106738,56363823301,56342821586]}