{"cx":514.99054,"cy":384.98175,"fx":723.2386786798124,"fy":723.2386786798124,"t_12":0.30289795994758606,"t_02":-0.6777979135513306,"t_22":0.6699572801589966,"t_21":0.6863646507263184,"t_11":0.0952540785074234,"t_01":0.7209925651550293,"t_20":0.28295019268989563,"t_10":-0.9482507705688477,"t_00":-0.14408227801322937,"t_23":0.7895123362541199,"t_03":1.3413331508636475,"t_13":-0.139328271150589,"timestamp":56348805415,"width":1024,"height":768,"blur_score":610.9727,"manual_keyframe":false,"neighbors":[56347872004,56348005349,56349172112,56349288788,56319869649,56349455469,56347605316,56320669717,56318769554,56321236433]}