{"cx":514.9257,"cy":384.72296,"fx":723.3106244908678,"fy":723.3106244908678,"t_12":0.3126598000526428,"t_02":-0.4171378016471863,"t_22":0.8533697724342346,"t_21":0.4249004125595093,"t_11":0.0464266799390316,"t_01":0.9040488004684448,"t_20":0.30202603340148926,"t_10":-0.9487298727035522,"t_00":-0.09323015064001083,"t_23":0.8337113261222839,"t_03":1.4077485799789429,"t_13":-0.17134757339954376,"timestamp":56349455469,"width":1024,"height":768,"blur_score":617.6401,"manual_keyframe":false,"neighbors":[56350722240,56349288788,56350888920,56349172112,56350955592,56321236433,56321403114,56348805415,56320669717,56322653221]}