{"cx":515.1005,"cy":384.7344,"fx":721.4654147901737,"fy":721.4654147901737,"t_12":0.22687789797782898,"t_02":-0.9222726821899414,"t_22":-0.3129529654979706,"t_21":0.9497662782669067,"t_11":0.07260387390851974,"t_01":-0.30442187190055847,"t_20":-0.002106023021042347,"t_10":-0.9712132215499878,"t_00":-0.23820258677005768,"t_23":0.1307383030653,"t_03":1.1858654022216797,"t_13":-0.1931384652853012,"timestamp":56343771665,"width":1024,"height":768,"blur_score":809.13025,"manual_keyframe":false,"neighbors":[56342704909,56342821586,56344738412,56343955014,56341871507,56368557014,56368390334,56367873626,56346638569,56369540427]}