{"cx":515.03326,"cy":384.7625,"fx":721.2606823429572,"fy":721.2606823429572,"t_12":0.24596747756004333,"t_02":-0.8351029753684998,"t_22":-0.49203962087631226,"t_21":0.8682846426963806,"t_11":0.06914978474378586,"t_01":-0.4912230670452118,"t_20":-0.06307770311832428,"t_10":-0.9668083190917969,"t_00":-0.2475942075252533,"t_23":-0.016801979392766953,"t_03":1.189882755279541,"t_13":-0.11762667447328568,"timestamp":56342821586,"width":1024,"height":768,"blur_score":929.5088,"manual_keyframe":false,"neighbors":[56343771665,56343955014,56341871507,56342704909,56341604818,56367873626,56344738412,56340104693,56368390334,56368557014]}