{"cx":514.8652,"cy":384.76413,"fx":723.2850518124351,"fy":723.2850518124351,"t_12":0.29730159044265747,"t_02":-0.47977912425994873,"t_22":0.8254839181900024,"t_21":0.4890783131122589,"t_11":0.04754134267568588,"t_01":0.8709433078765869,"t_20":0.2817421853542328,"t_10":-0.9535992741584778,"t_00":-0.10615915060043335,"t_23":0.8200048804283142,"t_03":1.3946071863174438,"t_13":-0.16992931067943573,"timestamp":56349288788,"width":1024,"height":768,"blur_score":586.1015,"manual_keyframe":false,"neighbors":[56349455469,56350722240,56349172112,56348805415,56321236433,56350888920,56321403114,56320669717,56350955592,56319869649]}