{"cx":515.10443,"cy":384.9209,"fx":724.3356459047413,"fy":724.3356459047413,"t_12":0.28197598457336426,"t_02":-0.8020341992378235,"t_22":0.5265269875526428,"t_21":0.8099005818367004,"t_11":0.12050051987171173,"t_01":0.5740563273429871,"t_20":0.2585156261920929,"t_10":-0.9518241286277771,"t_00":-0.16492575407028198,"t_23":0.7074702382087708,"t_03":1.1849472522735596,"t_13":-0.13785018026828766,"timestamp":56347872004,"width":1024,"height":768,"blur_score":597.41205,"manual_keyframe":false,"neighbors":[56348005349,56347605316,56348805415,56347205282,56318769554,56347088606,56317902812,56319869649,56349172112,56314219162]}