{"cx":514.7044,"cy":384.9371,"fx":723.3298543396105,"fy":723.3298543396105,"t_12":0.38121429085731506,"t_02":0.9189678430557251,"t_22":-0.10086511075496674,"t_21":-0.98076331615448,"t_11":0.11705838143825531,"t_01":-0.1562069207429886,"t_20":-0.16712120175361633,"t_10":-0.9170458316802979,"t_00":0.3620738983154297,"t_23":0.3235945403575897,"t_03":2.2779529094696045,"t_13":-0.12199234962463379,"timestamp":56358572878,"width":1024,"height":768,"blur_score":799.9434,"manual_keyframe":false,"neighbors":[56358156178,56359256266,56357156097,56330420548,56360006327,56331870670,56330987263,56331737326,56333170780,56360139671]}