{"cx":514.8749,"cy":384.97983,"fx":722.9892544532405,"fy":722.9892544532405,"t_12":0.4264003038406372,"t_02":0.8998993635177612,"t_22":0.09145426005125046,"t_21":-0.993680477142334,"t_11":0.09813467413187027,"t_01":0.054485712200403214,"t_20":-0.06507860869169235,"t_10":-0.8991953730583191,"t_00":0.43268048763275146,"t_23":0.4129198491573334,"t_03":2.2811264991760254,"t_13":-0.12536336481571198,"timestamp":56358156178,"width":1024,"height":768,"blur_score":855.7798,"manual_keyframe":false,"neighbors":[56357156097,56358572878,56356722728,56359256266,56328920422,56330420548,56331737326,56331870670,56356106012,56328003677]}