{"cx":514.9363,"cy":385.15155,"fx":722.0186504909138,"fy":722.0186504909138,"t_12":0.3275061249732971,"t_02":0.778104305267334,"t_22":0.5359975695610046,"t_21":-0.8427859544754028,"t_11":0.15389138460159302,"t_01":0.5157802700996399,"t_20":0.04917766526341438,"t_10":-0.9322323799133301,"t_00":0.35850298404693604,"t_23":0.7343773245811462,"t_03":2.1666908264160156,"t_13":-0.10957617312669754,"timestamp":56356106012,"width":1024,"height":768,"blur_score":662.5461,"manual_keyframe":false,"neighbors":[56355072595,56356722728,56357156097,56354539218,56326686899,56328003677,56328920422,56325820158,56358156178,56330420548]}