{"cx":515.0115,"cy":384.92477,"fx":723.205071750439,"fy":723.205071750439,"t_12":0.3126734793186188,"t_02":-0.2118084579706192,"t_22":0.9259440898895264,"t_21":0.18852493166923523,"t_11":0.10328136384487152,"t_01":0.9766224026679993,"t_20":0.3272398114204407,"t_10":-0.9442289471626282,"t_00":0.03668602183461189,"t_23":0.9222128987312317,"t_03":1.5697979927062988,"t_13":-0.13093072175979614,"timestamp":56350955592,"width":1024,"height":768,"blur_score":626.1791,"manual_keyframe":false,"neighbors":[56350888920,56350722240,56351688985,56322653221,56352555723,56321403114,56349455469,56321236433,56352739071,56323219936]}