{"cx":514.9301,"cy":384.94498,"fx":722.9173690500869,"fy":722.9173690500869,"t_12":0.26823657751083374,"t_02":0.6896260976791382,"t_22":0.6726552248001099,"t_21":-0.7371165156364441,"t_11":0.16133426129817963,"t_01":0.6562244296073914,"t_20":0.06476308405399323,"t_10":-0.9497475624084473,"t_00":0.3062439560890198,"t_23":0.8433301448822021,"t_03":2.071319818496704,"t_13":-0.09197347611188889,"timestamp":56355072595,"width":1024,"height":768,"blur_score":554.3147,"manual_keyframe":false,"neighbors":[56356106012,56354539218,56328003677,56356722728,56326686899,56354089181,56325820158,56325236775,56354022509,56328920422]}