{"cx":514.9349,"cy":384.78647,"fx":723.6384380380215,"fy":723.6384380380215,"t_12":0.2735050916671753,"t_02":0.33635881543159485,"t_22":0.9011424779891968,"t_21":-0.37581485509872437,"t_11":0.10606422275304794,"t_01":0.9206050038337708,"t_20":0.21611450612545013,"t_10":-0.9560049176216125,"t_00":0.19836623966693878,"t_23":0.9114283323287964,"t_03":1.9212921857833862,"t_13":-0.1782679706811905,"timestamp":56354089181,"width":1024,"height":768,"blur_score":578.7661,"manual_keyframe":false,"neighbors":[56352889083,56354539218,56354022509,56352739071,56352822411,56325236775,56325820158,56324253358,56352555723,56355072595]}