{"cx":514.786,"cy":385.139,"fx":722.4231720053822,"fy":722.4231720053822,"t_12":0.30461981892585754,"t_02":0.1334327906370163,"t_22":0.9430813789367676,"t_21":-0.16481992602348328,"t_11":0.07964163273572922,"t_01":0.9831030368804932,"t_20":0.28884586691856384,"t_10":-0.9491385221481323,"t_00":0.12531594932079315,"t_23":0.964572548866272,"t_03":1.762053370475769,"t_13":-0.1675773411989212,"timestamp":56352889083,"width":1024,"height":768,"blur_score":629.152,"manual_keyframe":false,"neighbors":[56352822411,56354022509,56352739071,56354089181,56352555723,56351688985,56324253358,56323219936,56325236775,56350955592]}