{"cx":514.90546,"cy":385.01974,"fx":722.9605002919791,"fy":722.9605002919791,"t_12":0.3310580253601074,"t_02":0.8977048397064209,"t_22":-0.29073452949523926,"t_21":-0.9245437383651733,"t_11":0.14437279105186462,"t_01":-0.3526688814163208,"t_20":-0.2463580071926117,"t_10":-0.932500422000885,"t_00":0.2641034722328186,"t_23":0.22877506911754608,"t_03":2.260427713394165,"t_13":-0.087985560297966,"timestamp":56359256266,"width":1024,"height":768,"blur_score":788.7498,"manual_keyframe":false,"neighbors":[56360006327,56360139671,56358572878,56333170780,56358156178,56331737326,56330987263,56331870670,56333770830,56360656380]}