{"cx":515.0747,"cy":384.98322,"fx":723.5697139817294,"fy":723.5697139817294,"t_12":0.24039196968078613,"t_02":0.5263203382492065,"t_22":0.8155971169471741,"t_21":-0.5624023079872131,"t_11":0.11549893021583557,"t_01":0.8187574148178101,"t_20":0.13603326678276062,"t_10":-0.9637799263000488,"t_00":0.22939758002758026,"t_23":0.8833062648773193,"t_03":1.9908783435821533,"t_13":-0.13107380270957947,"timestamp":56354539218,"width":1024,"height":768,"blur_score":514.35046,"manual_keyframe":false,"neighbors":[56354089181,56354022509,56355072595,56356106012,56325820158,56325236775,56326686899,56328003677,56352889083,56356722728]}