{"cx":514.92285,"cy":385.12833,"fx":722.0921971113671,"fy":722.0921971113671,"t_12":0.3246154189109802,"t_02":0.8779685497283936,"t_22":0.3518465757369995,"t_21":-0.9344003200531006,"t_11":0.17759113013744354,"t_01":0.3088000416755676,"t_20":-0.05567818507552147,"t_10":-0.929024338722229,"t_00":0.36580556631088257,"t_23":0.655057430267334,"t_03":2.232482671737671,"t_13":-0.08336237818002701,"timestamp":56356722728,"width":1024,"height":768,"blur_score":681.3669,"manual_keyframe":false,"neighbors":[56357156097,56356106012,56358156178,56355072595,56328003677,56328920422,56326686899,56330420548,56354539218,56358572878]}