{"cx":514.9544,"cy":385.12735,"fx":722.5735474089536,"fy":722.5735474089536,"t_12":0.25208336114883423,"t_02":0.1166616678237915,"t_22":0.960647702217102,"t_21":-0.14933979511260986,"t_11":0.11459217965602875,"t_01":0.9821233153343201,"t_20":0.23420843482017517,"t_10":-0.9608967900276184,"t_00":0.1477287858724594,"t_23":0.9664703607559204,"t_03":1.7366114854812622,"t_13":-0.13225804269313812,"timestamp":56352739071,"width":1024,"height":768,"blur_score":559.7607,"manual_keyframe":false,"neighbors":[56351688985,56352822411,56352889083,56352555723,56354022509,56324253358,56323219936,56354089181,56350955592,56350888920]}