{"cx":514.99884,"cy":384.73764,"fx":723.5441513712801,"fy":723.5441513712801,"t_12":0.2622489333152771,"t_02":0.30076736211776733,"t_22":0.9169321060180664,"t_21":-0.3372499346733093,"t_11":0.10639698803424835,"t_01":0.9353834390640259,"t_20":0.21330256760120392,"t_10":-0.9591168761253357,"t_00":0.18600225448608398,"t_23":0.914929211139679,"t_03":1.9154928922653198,"t_13":-0.17690898478031158,"timestamp":56354022509,"width":1024,"height":768,"blur_score":565.9479,"manual_keyframe":false,"neighbors":[56352889083,56352822411,56352739071,56354539218,56354089181,56324253358,56325236775,56352555723,56325820158,56351688985]}