{"cx":514.9587,"cy":385.10452,"fx":725.0056198757285,"fy":725.0056198757285,"t_12":0.2569289803504944,"t_02":-0.9664302468299866,"t_22":-0.00012491313100326806,"t_21":0.9931578636169434,"t_11":0.11289092898368835,"t_01":0.0298840943723917,"t_20":0.11677930504083633,"t_10":-0.9598141312599182,"t_00":-0.25518515706062317,"t_23":0.3983495235443115,"t_03":1.1680643558502197,"t_13":-0.1936100870370865,"timestamp":56369457087,"width":1024,"height":768,"blur_score":540.0054,"manual_keyframe":false,"neighbors":[56369540427,56369757110,56344738412,56346638569,56368557014,56368390334,56343955014,56347088606,56343771665,56367873626]}