{"cx":514.85864,"cy":385.0853,"fx":722.3832625182532,"fy":722.3832625182532,"t_12":0.3097139298915863,"t_02":-0.22936365008354187,"t_22":-0.9227511286735535,"t_21":0.28209081292152405,"t_11":0.1372721791267395,"t_01":-0.949516236782074,"t_20":-0.262593150138855,"t_10":-0.9408685564994812,"t_00":-0.2140355110168457,"t_23":-0.17754608392715454,"t_03":1.5928893089294434,"t_13":-0.11147361993789673,"timestamp":56364423350,"width":1024,"height":768,"blur_score":986.3214,"manual_keyframe":false,"neighbors":[56363823301,56363523277,56365106738,56338387883,56338621236,56339321294,56340104693,56362923229,56337037770,56341604818]}