{"cx":515.00806,"cy":384.9828,"fx":724.7353448550483,"fy":724.7353448550483,"t_12":0.3003445863723755,"t_02":-0.9538142681121826,"t_22":0.005606233142316341,"t_21":0.9916201233863831,"t_11":0.12143946439027786,"t_01":0.044068265706300735,"t_20":0.1290663629770279,"t_10":-0.9460684657096863,"t_00":-0.29714691638946533,"t_23":0.41147372126579285,"t_03":1.13051438331604,"t_13":-0.18040767312049866,"timestamp":56369757110,"width":1024,"height":768,"blur_score":610.7138,"manual_keyframe":false,"neighbors":[56369540427,56369457087,56344738412,56346638569,56347088606,56368557014,56347205282,56343955014,56368390334,56314219162]}