{"cx":514.95264,"cy":385.08072,"fx":722.3800407634901,"fy":722.3800407634901,"t_12":0.2929433286190033,"t_02":0.37771424651145935,"t_22":-0.8783599138259888,"t_21":-0.3592643737792969,"t_11":0.11664022505283356,"t_01":-0.9259179830551147,"t_20":-0.3152981698513031,"t_10":-0.9489885568618774,"t_00":0.002792000537738204,"t_23":-0.12956230342388153,"t_03":1.9289088249206543,"t_13":-0.12615551054477692,"timestamp":56362323181,"width":1024,"height":768,"blur_score":917.9475,"manual_keyframe":false,"neighbors":[56361589788,56361439776,56362923229,56363523277,56360656380,56337037770,56336337712,56335821002,56334737578,56363823301]}