{"cx":514.72015,"cy":384.92264,"fx":722.6902353392826,"fy":722.6902353392826,"t_12":0.3762841820716858,"t_02":0.6851333379745483,"t_22":-0.6237006783485413,"t_21":-0.7054321765899658,"t_11":0.10658537596464157,"t_01":-0.7007175087928772,"t_20":-0.3366941213607788,"t_10":-0.9203530550003052,"t_00":0.19896559417247772,"t_23":-0.01180197112262249,"t_03":2.1233654022216797,"t_13":-0.13318878412246704,"timestamp":56360656380,"width":1024,"height":768,"blur_score":1016.3237,"manual_keyframe":false,"neighbors":[56360139671,56360006327,56361589788,56361439776,56333170780,56334737578,56359256266,56333770830,56362323181,56335821002]}