{"cx":514.8789,"cy":384.8331,"fx":722.4072243193044,"fy":722.4072243193044,"t_12":0.3416132628917694,"t_02":0.19951876997947693,"t_22":-0.9184185266494751,"t_21":-0.16155149042606354,"t_11":0.13650885224342346,"t_01":-0.9773773550987244,"t_20":-0.36112111806869507,"t_10":-0.929874062538147,"t_00":-0.070184126496315,"t_23":-0.1719999611377716,"t_03":1.8393186330795288,"t_13":-0.14873437583446503,"timestamp":56362923229,"width":1024,"height":768,"blur_score":1041.7476,"manual_keyframe":false,"neighbors":[56363823301,56363523277,56338387883,56362323181,56338621236,56361589788,56337037770,56364423350,56361439776,56335821002]}