{"cx":514.966,"cy":385.01352,"fx":722.4184400530738,"fy":722.4184400530738,"t_12":0.3043539822101593,"t_02":0.022407080978155136,"t_22":-0.9522954225540161,"t_21":0.02056206949055195,"t_11":0.13724619150161743,"t_01":-0.990323543548584,"t_20":-0.30448418855667114,"t_10":-0.942619800567627,"t_00":-0.1369570642709732,"t_23":-0.21398000419139862,"t_03":1.7415553331375122,"t_13":-0.13315275311470032,"timestamp":56363523277,"width":1024,"height":768,"blur_score":1016.3562,"manual_keyframe":false,"neighbors":[56364423350,56362923229,56363823301,56338621236,56338387883,56339321294,56362323181,56365106738,56336337712,56337037770]}