{"cx":514.85345,"cy":385.00006,"fx":722.4167889037576,"fy":722.4167889037576,"t_12":0.31030669808387756,"t_02":-0.40905097126960754,"t_22":-0.8581299781799316,"t_21":0.4731348752975464,"t_11":0.16853246092796326,"t_01":-0.8647197484970093,"t_20":-0.1993899643421173,"t_10":-0.9355781674385071,"t_00":-0.2914396822452545,"t_23":-0.18736381828784943,"t_03":1.4831022024154663,"t_13":-0.14026542007923126,"timestamp":56365106738,"width":1024,"height":768,"blur_score":1110.62,"manual_keyframe":false,"neighbors":[56364423350,56363823301,56366440178,56338621236,56363523277,56341604818,56340104693,56338387883,56339321294,56366873545]}