{"cx":515.09174,"cy":384.825,"fx":725.2806671206514,"fy":725.2806671206514,"t_12":0.25208809971809387,"t_02":-0.8802672028541565,"t_22":-0.4019717276096344,"t_21":0.9156187176704407,"t_11":0.11886785924434662,"t_01":-0.3840739130973816,"t_20":0.007815015502274036,"t_10":-0.960375964641571,"t_00":-0.2785980999469757,"t_23":0.11444611102342606,"t_03":1.2186189889907837,"t_13":-0.24629627168178558,"timestamp":56367873626,"width":1024,"height":768,"blur_score":627.7845,"manual_keyframe":false,"neighbors":[56368390334,56367390254,56368557014,56342704909,56342821586,56366873545,56344738412,56343955014,56343771665,56341871507]}