{"cx":514.8892,"cy":384.95798,"fx":722.7141971403338,"fy":722.7141971403338,"t_12":0.3815936744213104,"t_02":0.7981740832328796,"t_22":-0.4661591947078705,"t_21":-0.834759533405304,"t_11":0.10911855846643448,"t_01":-0.5396940112113953,"t_20":-0.2930394411087036,"t_10":-0.9178667664527893,"t_00":0.2676723599433899,"t_23":0.06853963434696198,"t_03":2.176654577255249,"t_13":-0.1042843908071518,"timestamp":56360139671,"width":1024,"height":768,"blur_score":947.8317,"manual_keyframe":false,"neighbors":[56360656380,56359256266,56360006327,56361439776,56333170780,56331737326,56331870670,56334737578,56361589788,56358572878]}