{"cx":515.13196,"cy":384.83234,"fx":724.1757361206675,"fy":724.1757361206675,"t_12":0.30390486121177673,"t_02":-0.6736623048782349,"t_22":-0.6736623644828796,"t_21":0.7151339650154114,"t_11":0.03809492290019989,"t_01":-0.6979485154151917,"t_20":-0.18644683063030243,"t_10":-0.9519404768943787,"t_00":-0.24299579858779907,"t_23":-0.04386608302593231,"t_03":1.295212984085083,"t_13":-0.3066640794277191,"timestamp":56366873545,"width":1024,"height":768,"blur_score":836.58826,"manual_keyframe":false,"neighbors":[56366440178,56367390254,56367873626,56365106738,56343771665,56341871507,56342704909,56343955014,56340104693,56341604818]}