{"cx":514.90753,"cy":384.97794,"fx":722.6982293182888,"fy":722.6982293182888,"t_12":0.2988000512123108,"t_02":0.5790441632270813,"t_22":-0.7585686445236206,"t_21":-0.560732901096344,"t_11":0.1532929241657257,"t_01":-0.8136829137802124,"t_20":-0.33189186453819275,"t_10":-0.9419234395027161,"t_00":0.05126383155584335,"t_23":-0.08982889354228973,"t_03":2.063323736190796,"t_13":-0.10875046253204346,"timestamp":56361439776,"width":1024,"height":768,"blur_score":885.6333,"manual_keyframe":false,"neighbors":[56362323181,56360656380,56360139671,56361589788,56360006327,56333770830,56335821002,56334737578,56362923229,56336337712]}