{
  "t_20" : 0.26655892,
  "blur_score" : 1023.92645,
  "t_01" : 0.99952996,
  "timestamp" : 61210145987,
  "manual_keyframe" : false,
  "t_13" : 0.0012523952,
  "fy" : 716.6144,
  "cx" : 515.3153,
  "t_21" : 0.023362642,
  "fx" : 716.6144,
  "t_12" : 0.26702607,
  "t_10" : -0.9634849,
  "height" : 768,
  "t_02" : -0.017219983,
  "angular_velocity" : 3.4028235e+38,
  "center_depth" : 1.4312439,
  "t_03" : 0.0006827116,
  "t_00" : -0.025358818,
  "t_11" : -0.019843979,
  "cy" : 383.9933,
  "t_22" : 0.9635353,
  "t_23" : 0.005785441,
  "width" : 1024
}