{
  "cx" : 515.3233,
  "t_11" : 0.11907155,
  "t_03" : 0.6283001,
  "fy" : 719.2381,
  "t_10" : -0.96614164,
  "width" : 1024,
  "center_depth" : 0.9752971,
  "t_02" : 0.5260399,
  "blur_score" : 696.2933,
  "t_23" : -0.4740466,
  "t_01" : 0.81996876,
  "t_21" : -0.5598867,
  "angular_velocity" : 3.4028235e+38,
  "cy" : 384.50314,
  "fx" : 719.2381,
  "t_13" : 0.020223334,
  "t_00" : 0.22568356,
  "t_12" : 0.22889386,
  "height" : 768,
  "t_20" : 0.12504944,
  "t_22" : 0.8190784,
  "timestamp" : 61217463126,
  "manual_keyframe" : false
}