{
  "t_10" : -0.95440984,
  "t_22" : 0.729578,
  "t_01" : 0.7213066,
  "center_depth" : 1.1949072,
  "t_11" : 0.14559452,
  "t_20" : 0.095900595,
  "t_23" : -0.5102966,
  "t_13" : 0.13724032,
  "cx" : 515.35645,
  "t_21" : -0.67714024,
  "height" : 768,
  "t_03" : 0.71832895,
  "cy" : 384.46216,
  "t_02" : 0.63230664,
  "t_12" : 0.26058403,
  "fx" : 718.1057,
  "angular_velocity" : 3.4028235e+38,
  "manual_keyframe" : false,
  "t_00" : 0.28267446,
  "timestamp" : 61218329848,
  "blur_score" : 886.75244,
  "width" : 1024,
  "fy" : 718.1057
}