{
  "t_13" : 0.033315025,
  "t_03" : 1.1324989,
  "t_11" : 0.03562128,
  "t_20" : -0.07596338,
  "t_22" : -0.27938625,
  "timestamp" : 61227463741,
  "cy" : 384.1746,
  "manual_keyframe" : false,
  "t_12" : 0.14673871,
  "t_21" : -0.957169,
  "width" : 1024,
  "height" : 768,
  "t_00" : 0.13050167,
  "t_10" : -0.9885337,
  "angular_velocity" : 3.4028235e+38,
  "fx" : 717.49744,
  "t_02" : 0.94889975,
  "t_01" : -0.28732947,
  "fy" : 717.49744,
  "blur_score" : 1070.0543,
  "center_depth" : 0.88046527,
  "cx" : 515.4211,
  "t_23" : -1.5019238
}