{
  "t_03" : 0.8045025,
  "t_10" : -0.92233646,
  "width" : 1024,
  "timestamp" : 61221880071,
  "angular_velocity" : 3.4028235e+38,
  "fx" : 718.3536,
  "t_01" : 0.4723295,
  "t_23" : -0.7221971,
  "blur_score" : 1004.301,
  "t_13" : 0.16114552,
  "cy" : 384.73102,
  "cx" : 515.3134,
  "t_11" : 0.1892926,
  "t_20" : 0.009130349,
  "t_02" : 0.7922704,
  "t_21" : -0.86085594,
  "height" : 768,
  "t_22" : 0.50876665,
  "center_depth" : 1.2295079,
  "manual_keyframe" : false,
  "t_00" : 0.3862798,
  "t_12" : 0.33684385,
  "fy" : 718.3536
}