{
  "center_depth" : 1.1543428,
  "t_12" : 0.11254946,
  "fy" : 717.2259,
  "t_21" : -0.54679346,
  "t_11" : 0.1964839,
  "timestamp" : 61235314201,
  "manual_keyframe" : false,
  "width" : 1024,
  "angular_velocity" : 3.4028235e+38,
  "t_23" : -2.1950333,
  "fx" : 717.2259,
  "t_13" : 0.11719723,
  "t_00" : -0.0980041,
  "cx" : 515.56134,
  "t_02" : 0.57269907,
  "t_03" : 0.6710241,
  "t_20" : -0.20412862,
  "t_01" : -0.81388605,
  "t_10" : -0.9740259,
  "cy" : 384.3367,
  "t_22" : -0.81200236,
  "height" : 768,
  "blur_score" : 1239.9312
}