{
  "width" : 1024,
  "t_00" : -0.07791327,
  "timestamp" : 61242214598,
  "fx" : 716.90826,
  "t_12" : 0.2538265,
  "cx" : 515.3008,
  "t_23" : -2.3577783,
  "manual_keyframe" : false,
  "t_10" : -0.96613395,
  "t_21" : 0.13122803,
  "t_02" : -0.11535829,
  "center_depth" : 1.3541667,
  "t_11" : 0.04644588,
  "height" : 768,
  "angular_velocity" : 3.4028235e+38,
  "t_03" : -0.1328261,
  "t_22" : -0.9603459,
  "fy" : 716.90826,
  "t_20" : -0.2459972,
  "blur_score" : 1254.5768,
  "t_13" : -0.02692335,
  "t_01" : -0.99026346,
  "cy" : 384.31912
}