{
  "height" : 768,
  "width" : 1024,
  "t_02" : -0.6169512,
  "t_22" : -0.78254527,
  "fy" : 718.09454,
  "cy" : 384.46472,
  "angular_velocity" : 3.4028235e+38,
  "t_21" : 0.62221926,
  "timestamp" : 61248498289,
  "manual_keyframe" : false,
  "t_03" : -0.87563455,
  "cx" : 515.394,
  "fx" : 718.09454,
  "t_12" : 0.08362945,
  "t_11" : 0.13940749,
  "t_13" : 0.13672419,
  "t_23" : -1.9230554,
  "t_01" : -0.77033013,
  "t_20" : 0.02158535,
  "t_10" : -0.9866973,
  "blur_score" : 978.1692,
  "t_00" : -0.16112854
}