{
  "width" : 1024,
  "t_22" : -0.7761953,
  "center_depth" : 1.0800526,
  "t_20" : -0.33020622,
  "blur_score" : 500.62613,
  "t_02" : -0.48309827,
  "t_01" : -0.8431835,
  "t_23" : -2.0385642,
  "height" : 768,
  "angular_velocity" : 3.4028235e+38,
  "t_13" : -0.00022006914,
  "t_10" : -0.913951,
  "t_03" : -0.51246125,
  "fx" : 723.83923,
  "cy" : 383.94504,
  "t_21" : 0.5371076,
  "t_11" : 0.023596486,
  "fy" : 723.83923,
  "t_00" : -0.23591812,
  "t_12" : 0.4051379,
  "cx" : 515.10657,
  "timestamp" : 61246148155,
  "manual_keyframe" : false
}