{
  "timestamp" : 61243931363,
  "t_03" : -0.3372349,
  "t_11" : -0.035911508,
  "t_00" : -0.07369911,
  "angular_velocity" : 3.4028235e+38,
  "blur_score" : 1063.4686,
  "t_02" : -0.21835108,
  "cx" : 515.1702,
  "t_21" : 0.22763814,
  "t_13" : -0.15636837,
  "cy" : 383.91086,
  "t_10" : -0.88741726,
  "t_12" : 0.459566,
  "fy" : 718.6473,
  "t_20" : -0.45503736,
  "t_23" : -2.2371922,
  "height" : 768,
  "t_01" : -0.9730832,
  "fx" : 718.6473,
  "width" : 1024,
  "t_22" : -0.86088413,
  "manual_keyframe" : false
}