{
  "fy" : 728.4529,
  "height" : 768,
  "t_10" : -0.9324796,
  "t_23" : -2.116366,
  "t_00" : -0.106362954,
  "t_20" : -0.34520835,
  "t_13" : -0.121008515,
  "fx" : 728.4529,
  "t_01" : -0.92167735,
  "t_03" : -0.46365196,
  "t_21" : 0.38611042,
  "timestamp" : 61245464783,
  "cx" : 515.43896,
  "t_11" : -0.037809093,
  "angular_velocity" : 3.4028235e+38,
  "blur_score" : 290.55038,
  "t_12" : 0.35923856,
  "manual_keyframe" : false,
  "width" : 1024,
  "t_22" : -0.8554238,
  "cy" : 383.85873,
  "t_02" : -0.37309203
}