{
  "t_02" : -0.8205351,
  "cy" : 384.18204,
  "t_20" : 0.10598353,
  "t_22" : 0.55855185,
  "width" : 1024,
  "timestamp" : 61259215547,
  "t_11" : 0.045307606,
  "angular_velocity" : 3.4028235e+38,
  "t_12" : 0.12141496,
  "cx" : 515.4281,
  "fy" : 721.35675,
  "t_03" : -0.56740683,
  "fx" : 721.35675,
  "blur_score" : 365.55298,
  "center_depth" : 1.4433074,
  "height" : 768,
  "manual_keyframe" : false,
  "t_10" : -0.99156725,
  "t_21" : 0.82267064,
  "t_23" : -0.49002436,
  "t_00" : -0.0745779,
  "t_01" : 0.5667097,
  "t_13" : 0.17998293
}