{
  "height" : 768,
  "timestamp" : 61258082152,
  "fy" : 719.7638,
  "cy" : 384.32852,
  "fx" : 719.7638,
  "t_11" : 0.068544574,
  "t_23" : -0.66758496,
  "t_20" : 0.16783734,
  "t_22" : 0.53454036,
  "t_02" : -0.8209832,
  "t_10" : -0.9772659,
  "t_13" : 0.19655554,
  "t_00" : -0.12954508,
  "t_12" : 0.20063138,
  "manual_keyframe" : false,
  "cx" : 515.41565,
  "blur_score" : 516.5327,
  "width" : 1024,
  "t_03" : -0.7697505,
  "angular_velocity" : 3.4028235e+38,
  "t_21" : 0.82830966,
  "t_01" : 0.55606157
}