{
  "t_22" : -0.029657412,
  "t_01" : -0.012104759,
  "center_depth" : 1.1423935,
  "manual_keyframe" : false,
  "t_03" : -1.3367016,
  "cy" : 384.50262,
  "t_13" : -0.0049084146,
  "fx" : 719.1666,
  "t_21" : 0.99809337,
  "t_23" : -1.4547907,
  "angular_velocity" : 3.4028235e+38,
  "width" : 1024,
  "cx" : 515.22406,
  "timestamp" : 61252315169,
  "t_20" : 0.054127894,
  "blur_score" : 821.11035,
  "height" : 768,
  "t_02" : -0.9540155,
  "t_11" : 0.06052163,
  "t_12" : 0.2982861,
  "t_00" : -0.29951236,
  "fy" : 719.1666,
  "t_10" : -0.9525557
}