{
  "t_01" : 0.9338107,
  "t_02" : -0.34304082,
  "angular_velocity" : 3.4028235e+38,
  "t_12" : 0.2877431,
  "t_22" : 0.8941627,
  "t_00" : -0.10159003,
  "t_10" : -0.9577065,
  "width" : 1024,
  "t_13" : 0.06626055,
  "fy" : 717.67053,
  "t_03" : -0.17210968,
  "t_11" : 0.0015144304,
  "t_20" : 0.26921707,
  "cy" : 384.05255,
  "t_21" : 0.35776418,
  "blur_score" : 764.2622,
  "center_depth" : 1.2342095,
  "fx" : 717.67053,
  "timestamp" : 61261682351,
  "cx" : 515.3269,
  "manual_keyframe" : false,
  "height" : 768,
  "t_23" : -0.16223738
}