{
  "t_01" : 0.6152126,
  "t_00" : 0.45153347,
  "t_13" : 0.3684807,
  "t_11" : 0.19620097,
  "t_12" : 0.42922056,
  "t_23" : -0.6241514,
  "center_depth" : 0.99039847,
  "timestamp" : 61268816083,
  "width" : 1024,
  "height" : 768,
  "cy" : 384.65207,
  "t_20" : 0.1372683,
  "t_03" : 0.5958984,
  "fy" : 718.53296,
  "fx" : 718.53296,
  "t_22" : 0.6309824,
  "angular_velocity" : 3.4028235e+38,
  "blur_score" : 999.95374,
  "cx" : 515.16925,
  "t_02" : 0.6462436,
  "t_21" : -0.76355654,
  "t_10" : -0.881632,
  "manual_keyframe" : false
}