{
  "t_03" : 0.6465873,
  "t_13" : 0.23989758,
  "t_23" : -0.52602255,
  "t_10" : -0.96977556,
  "fy" : 718.31854,
  "t_20" : -0.016500028,
  "t_01" : 0.6369067,
  "t_11" : 0.17266457,
  "t_12" : 0.17240115,
  "t_21" : -0.7513565,
  "fx" : 718.31854,
  "t_02" : 0.73149616,
  "cy" : 384.60556,
  "cx" : 515.51697,
  "t_00" : 0.24343982,
  "t_22" : 0.65968996,
  "angular_velocity" : 3.4028235e+38,
  "blur_score" : 875.75476,
  "width" : 1024,
  "timestamp" : 61268149379,
  "manual_keyframe" : false,
  "height" : 768
}