{
  "t_20" : 0.12734948,
  "blur_score" : 942.74994,
  "t_00" : 0.4145717,
  "t_03" : 0.6021811,
  "angular_velocity" : 3.4028235e+38,
  "manual_keyframe" : false,
  "cy" : 384.70068,
  "t_22" : 0.638811,
  "cx" : 515.2569,
  "t_23" : -0.6116229,
  "center_depth" : 1.0362904,
  "height" : 768,
  "timestamp" : 61268682742,
  "t_13" : 0.34745622,
  "t_02" : 0.6606694,
  "fy" : 718.6537,
  "fx" : 718.6537,
  "t_11" : 0.18069714,
  "t_12" : 0.3942539,
  "t_10" : -0.9010618,
  "t_01" : 0.6258163,
  "t_21" : -0.7587505,
  "width" : 1024
}