{
  "t_12" : 0.46052858,
  "t_20" : 0.046921164,
  "t_22" : 0.27450895,
  "t_23" : -1.0466319,
  "angular_velocity" : 3.4028235e+38,
  "blur_score" : 934.2689,
  "width" : 1024,
  "cx" : 514.96185,
  "manual_keyframe" : false,
  "t_03" : 1.0861878,
  "height" : 768,
  "t_01" : 0.26406154,
  "timestamp" : 61273283002,
  "center_depth" : 1.1645492,
  "t_00" : 0.4665975,
  "t_13" : 0.018333627,
  "fx" : 719.2921,
  "t_21" : -0.96043897,
  "t_02" : 0.84413147,
  "cy" : 384.5283,
  "t_10" : -0.88322425,
  "t_11" : 0.08847758,
  "fy" : 719.2921
}