{
  "fy" : 718.5552,
  "t_13" : 0.4171305,
  "t_23" : -0.7730427,
  "blur_score" : 1013.7783,
  "t_10" : -0.82884705,
  "width" : 1024,
  "angular_velocity" : 3.4028235e+38,
  "t_20" : 0.18152136,
  "cy" : 384.41428,
  "t_11" : 0.13239925,
  "t_01" : 0.50076824,
  "t_22" : 0.4851272,
  "fx" : 718.5552,
  "center_depth" : 1.2435583,
  "t_12" : 0.54358345,
  "t_21" : -0.8553954,
  "t_02" : 0.6849587,
  "t_03" : 0.86673886,
  "timestamp" : 61270649520,
  "height" : 768,
  "manual_keyframe" : false,
  "t_00" : 0.5292093,
  "cx" : 514.7503
}