{
  "t_03" : 1.1707094,
  "t_02" : 0.84039843,
  "t_20" : -0.09445817,
  "angular_velocity" : 3.4028235e+38,
  "timestamp" : 61278083271,
  "height" : 768,
  "t_13" : 0.007469967,
  "cx" : 515.4286,
  "t_12" : 0.17712143,
  "t_00" : 0.14985508,
  "t_23" : -1.87221,
  "blur_score" : 1041.3975,
  "t_10" : -0.98418546,
  "fy" : 717.60547,
  "t_21" : -0.85365045,
  "cy" : 383.9888,
  "width" : 1024,
  "t_11" : 0.0026253688,
  "center_depth" : 1.2563757,
  "t_01" : -0.5208394,
  "manual_keyframe" : false,
  "fx" : 717.60547,
  "t_22" : -0.5122091
}