{
  "t_11" : -0.083996385,
  "t_02" : -0.4222491,
  "t_22" : -0.900139,
  "t_00" : 0.031193074,
  "height" : 768,
  "timestamp" : 61289517240,
  "blur_score" : 801.3434,
  "fx" : 719.146,
  "cx" : 515.70557,
  "t_12" : 0.10702898,
  "t_03" : -0.35830894,
  "t_10" : -0.99070144,
  "t_01" : -0.90594286,
  "t_20" : -0.13242956,
  "manual_keyframe" : false,
  "t_23" : -2.2007327,
  "width" : 1024,
  "cy" : 383.6506,
  "angular_velocity" : 3.4028235e+38,
  "t_21" : 0.4149843,
  "t_13" : -0.30321127,
  "fy" : 719.146
}