{
  "fy" : 717.74677,
  "t_11" : 0.0112917805,
  "height" : 768,
  "t_03" : 0.36149353,
  "blur_score" : 1188.9143,
  "t_23" : -2.2568743,
  "cx" : 515.423,
  "t_12" : 0.19862613,
  "t_02" : 0.36550584,
  "t_01" : -0.9286486,
  "t_21" : -0.3707884,
  "center_depth" : 1.0106298,
  "timestamp" : 61285317006,
  "t_10" : -0.9800103,
  "fx" : 717.74677,
  "t_20" : -0.18858111,
  "t_00" : 0.06337987,
  "width" : 1024,
  "t_22" : -0.9093695,
  "t_13" : 0.0075521427,
  "cy" : 383.93085,
  "angular_velocity" : 3.4028235e+38,
  "manual_keyframe" : false
}