{
  "t_21" : 0.23324007,
  "angular_velocity" : 3.4028235e+38,
  "fy" : 717.82623,
  "width" : 1024,
  "fx" : 717.82623,
  "t_00" : -0.034738295,
  "timestamp" : 61288583855,
  "cx" : 515.2401,
  "t_02" : -0.23466164,
  "t_03" : -0.20948274,
  "t_13" : -0.3826309,
  "t_23" : -2.2842796,
  "t_11" : -0.04326581,
  "t_01" : -0.9714561,
  "t_10" : -0.9466806,
  "t_12" : 0.31925496,
  "t_20" : -0.32029504,
  "t_22" : -0.91815567,
  "blur_score" : 1123.2046,
  "height" : 768,
  "cy" : 384.01035,
  "manual_keyframe" : false
}