{
  "height" : 768,
  "t_23" : -2.3213787,
  "fx" : 717.24646,
  "fy" : 717.24646,
  "t_20" : -0.37291512,
  "cy" : 383.97128,
  "t_10" : -0.9275916,
  "angular_velocity" : 3.4028235e+38,
  "t_02" : -0.059706733,
  "manual_keyframe" : false,
  "width" : 1024,
  "t_13" : -0.2267328,
  "blur_score" : 1235.9426,
  "t_11" : -0.001401153,
  "t_00" : -0.022539793,
  "t_21" : 0.0638042,
  "t_12" : 0.37359306,
  "t_03" : -0.114510976,
  "t_22" : -0.925669,
  "cx" : 515.318,
  "t_01" : -0.99796134,
  "timestamp" : 61287650470
}