{
  "cy" : 384.18707,
  "blur_score" : 719.5862,
  "width" : 1024,
  "timestamp" : 61296950980,
  "manual_keyframe" : false,
  "t_00" : -0.14946473,
  "t_11" : 0.028063579,
  "t_03" : -1.2647806,
  "t_20" : 0.041080773,
  "t_01" : 0.088182084,
  "t_13" : 0.12665665,
  "cx" : 515.4548,
  "t_22" : 0.082921736,
  "t_23" : -1.3233546,
  "t_12" : 0.15244597,
  "t_10" : -0.98791325,
  "fy" : 719.2508,
  "height" : 768,
  "fx" : 719.2508,
  "angular_velocity" : 3.4028235e+38,
  "t_02" : -0.9848268,
  "t_21" : 0.9957089
}