{
  "fy" : 717.78485,
  "angular_velocity" : 3.4028235e+38,
  "height" : 768,
  "t_01" : -0.8651994,
  "fx" : 717.78485,
  "t_12" : 0.13282588,
  "t_23" : -1.9117992,
  "t_10" : -0.98896813,
  "manual_keyframe" : false,
  "t_21" : 0.49712232,
  "blur_score" : 1081.9794,
  "t_22" : -0.86369735,
  "t_20" : -0.08304191,
  "t_03" : -0.88925487,
  "cy" : 384.0979,
  "cx" : 515.57886,
  "t_02" : -0.48619312,
  "width" : 1024,
  "timestamp" : 61292084048,
  "t_00" : -0.12266206,
  "t_11" : 0.06556853,
  "t_13" : 0.17501023
}