{
  "t_02" : -0.69569236,
  "manual_keyframe" : false,
  "t_13" : -0.021693125,
  "cx" : 515.4846,
  "fy" : 720.5627,
  "t_22" : -0.6897661,
  "angular_velocity" : 3.4028235e+38,
  "timestamp" : 61290650636,
  "t_12" : 0.20058574,
  "t_01" : -0.6968359,
  "width" : 1024,
  "fx" : 720.5627,
  "t_20" : -0.108649425,
  "t_21" : 0.71583354,
  "t_03" : -0.5743544,
  "t_00" : -0.17444679,
  "t_10" : -0.97865397,
  "t_23" : -1.9975457,
  "height" : 768,
  "cy" : 384.0781,
  "center_depth" : 1.0372596,
  "t_11" : 0.04474093,
  "blur_score" : 725.4182
}