{
  "t_12" : 0.19316474,
  "t_23" : -1.8837577,
  "t_03" : -0.93646026,
  "t_11" : 0.053780477,
  "fy" : 718.91254,
  "t_22" : -0.7636138,
  "cy" : 384.11783,
  "width" : 1024,
  "t_00" : -0.16377042,
  "t_02" : -0.61610156,
  "t_01" : -0.7704531,
  "t_21" : 0.63522404,
  "timestamp" : 61292584076,
  "height" : 768,
  "t_10" : -0.97969127,
  "manual_keyframe" : false,
  "cx" : 515.39526,
  "angular_velocity" : 3.4028235e+38,
  "t_20" : -0.11569013,
  "t_13" : 0.20824535,
  "blur_score" : 925.64355,
  "fx" : 718.91254
}