{
  "cy" : 384.64813,
  "t_00" : -0.3975177,
  "t_10" : -0.91734844,
  "cx" : 515.0643,
  "t_22" : -0.2642936,
  "fy" : 718.10254,
  "angular_velocity" : 3.4028235e+38,
  "t_12" : 0.37830856,
  "blur_score" : 1026.9395,
  "center_depth" : 0.872164,
  "t_11" : 0.12391353,
  "height" : 768,
  "manual_keyframe" : false,
  "t_03" : -1.0682442,
  "t_20" : 0.02125024,
  "t_13" : 0.2923326,
  "t_23" : -1.525609,
  "t_01" : -0.23441021,
  "t_02" : -0.8871479,
  "t_21" : 0.96420807,
  "timestamp" : 61294984206,
  "width" : 1024,
  "fx" : 718.10254
}