{
  "t_12" : 0.38983136,
  "t_00" : -0.34951398,
  "width" : 1024,
  "t_23" : 0.7342194,
  "cy" : 384.09143,
  "t_02" : -0.81466293,
  "t_21" : 0.8864258,
  "t_10" : -0.92084,
  "fx" : 722.11597,
  "t_11" : -0.0092165945,
  "t_03" : 0.8237267,
  "t_13" : -0.21835531,
  "t_01" : 0.46277848,
  "t_20" : 0.17289716,
  "t_22" : 0.42936632,
  "angular_velocity" : 3.4028235e+38,
  "blur_score" : 232.86485,
  "height" : 768,
  "timestamp" : 60116789375,
  "fy" : 722.11597,
  "cx" : 515.1361,
  "manual_keyframe" : false
}