{
  "cy" : 384.05328,
  "t_10" : -0.9207112,
  "fx" : 730.1872,
  "t_00" : -0.31264088,
  "t_02" : -0.75902826,
  "cx" : 515.1079,
  "blur_score" : 81.6921,
  "height" : 768,
  "t_01" : 0.5710793,
  "t_13" : -0.26909164,
  "t_03" : 0.87879604,
  "fy" : 730.1872,
  "t_20" : 0.23355183,
  "t_22" : 0.521334,
  "t_23" : 0.8423664,
  "width" : 1024,
  "manual_keyframe" : false,
  "t_21" : 0.8207705,
  "timestamp" : 60118006136,
  "t_12" : 0.38998306,
  "angular_velocity" : 3.4028235e+38,
  "t_11" : 0.0142821465
}