{
  "width" : 1024,
  "t_20" : 0.17795685,
  "height" : 768,
  "t_10" : -0.96051913,
  "timestamp" : 60119489585,
  "t_02" : -0.683847,
  "cx" : 515.1793,
  "manual_keyframe" : false,
  "t_21" : 0.71614856,
  "t_01" : 0.69758064,
  "angular_velocity" : 3.4028235e+38,
  "blur_score" : 169.2927,
  "t_12" : 0.2772918,
  "t_13" : -0.33588105,
  "fx" : 723.87726,
  "t_00" : -0.21385576,
  "t_03" : 0.98636633,
  "fy" : 723.87726,
  "t_23" : 1.004838,
  "t_22" : 0.6748794,
  "t_11" : -0.022631595,
  "cy" : 383.99268
}