{
  "cy" : 384.27072,
  "t_22" : 0.58336484,
  "blur_score" : 74.47576,
  "t_21" : 0.79402226,
  "angular_velocity" : 3.4028235e+38,
  "t_23" : 0.9167802,
  "center_depth" : 0.92522985,
  "t_02" : -0.73430127,
  "width" : 1024,
  "cx" : 514.91376,
  "t_00" : -0.3068106,
  "t_01" : 0.6055317,
  "t_13" : -0.36476633,
  "timestamp" : 60118406167,
  "manual_keyframe" : false,
  "t_20" : 0.17092033,
  "t_12" : 0.34711224,
  "fx" : 730.5081,
  "t_10" : -0.9362977,
  "height" : 768,
  "t_11" : -0.053475484,
  "t_03" : 0.90480363,
  "fy" : 730.5081
}