{
  "t_11" : -0.08390499,
  "cy" : 383.84073,
  "t_10" : -0.9418028,
  "cx" : 515.3698,
  "t_20" : 0.32429254,
  "blur_score" : 243.40453,
  "t_02" : 0.4810187,
  "t_21" : -0.4818513,
  "width" : 1024,
  "fx" : 721.5538,
  "t_03" : 2.0956936,
  "t_12" : 0.3255263,
  "t_00" : 0.088553645,
  "t_22" : 0.81403524,
  "t_13" : -0.5074319,
  "fy" : 721.5538,
  "t_23" : 1.1583487,
  "t_01" : 0.8722265,
  "angular_velocity" : 3.4028235e+38,
  "height" : 768,
  "timestamp" : 60127706877,
  "manual_keyframe" : false
}