{
  "timestamp" : 60122239797,
  "t_03" : 1.3698071,
  "t_01" : 0.97128487,
  "t_02" : -0.1487983,
  "t_10" : -0.95855767,
  "cy" : 383.63235,
  "fx" : 723.2642,
  "t_20" : 0.21610813,
  "t_11" : -0.14570764,
  "t_22" : 0.95808256,
  "t_23" : 1.17817,
  "t_21" : 0.18808141,
  "t_13" : -0.41530567,
  "height" : 768,
  "t_12" : 0.24481915,
  "t_00" : -0.18564588,
  "cx" : 515.41547,
  "angular_velocity" : 3.4028235e+38,
  "width" : 1024,
  "blur_score" : 166.84375,
  "manual_keyframe" : false,
  "fy" : 723.2642
}