{
  "cy" : 384.17535,
  "fy" : 723.0038,
  "t_21" : 0.6218167,
  "t_12" : 0.29517618,
  "t_01" : 0.78089863,
  "width" : 1024,
  "fx" : 723.0038,
  "angular_velocity" : 3.4028235e+38,
  "t_22" : 0.758263,
  "t_00" : -0.2286681,
  "t_02" : -0.58129865,
  "timestamp" : 60120439658,
  "height" : 768,
  "t_03" : 1.1151016,
  "t_10" : -0.9535879,
  "t_20" : 0.19591081,
  "t_23" : 1.091554,
  "cx" : 515.20245,
  "blur_score" : 204.79013,
  "t_11" : -0.059507865,
  "manual_keyframe" : false,
  "t_13" : -0.35001382
}