{
  "t_10" : -0.9556747,
  "t_11" : -0.05241221,
  "t_20" : 0.19748339,
  "t_03" : 1.1306789,
  "angular_velocity" : 3.4028235e+38,
  "blur_score" : 208.40738,
  "timestamp" : 60120573002,
  "t_23" : 1.1100969,
  "fy" : 722.7449,
  "width" : 1024,
  "t_02" : -0.57808906,
  "cy" : 384.09875,
  "t_22" : 0.76280665,
  "fx" : 722.7449,
  "t_12" : 0.28972185,
  "t_21" : 0.6157321,
  "center_depth" : 0.92391044,
  "height" : 768,
  "t_00" : -0.21837145,
  "cx" : 515.3222,
  "t_01" : 0.78621024,
  "manual_keyframe" : false,
  "t_13" : -0.33753607
}