{
  "t_10" : -0.95737886,
  "t_22" : 0.96011716,
  "angular_velocity" : 3.4028235e+38,
  "width" : 1024,
  "height" : 768,
  "timestamp" : 60123906591,
  "blur_score" : 242.67169,
  "fy" : 721.5426,
  "cx" : 515.22406,
  "t_02" : 0.04113898,
  "t_00" : -0.07483464,
  "t_20" : 0.27897197,
  "t_21" : -0.018689794,
  "t_13" : -0.39551088,
  "t_23" : 1.1963077,
  "t_12" : 0.27655426,
  "manual_keyframe" : false,
  "cy" : 383.9152,
  "t_11" : -0.08332667,
  "t_03" : 1.5978487,
  "center_depth" : 0.88093203,
  "t_01" : 0.99634683,
  "fx" : 721.5426
}