{
  "t_22" : 0.85434216,
  "fy" : 722.34625,
  "t_10" : -0.96366036,
  "t_21" : 0.48143598,
  "blur_score" : 213.6668,
  "t_03" : 1.2059877,
  "angular_velocity" : 3.4028235e+38,
  "manual_keyframe" : false,
  "cy" : 383.93375,
  "t_12" : 0.25858006,
  "t_13" : -0.34759012,
  "t_00" : -0.18176924,
  "height" : 768,
  "t_23" : 1.1588607,
  "cx" : 515.2089,
  "t_20" : 0.1957515,
  "center_depth" : 0.8721613,
  "timestamp" : 60121156380,
  "t_01" : 0.87391317,
  "fx" : 722.34625,
  "width" : 1024,
  "t_11" : -0.06704512,
  "t_02" : -0.4508166
}