{
  "t_13" : -0.51639134,
  "t_11" : -0.12777929,
  "fy" : 726.4121,
  "angular_velocity" : 3.4028235e+38,
  "t_02" : 0.8254636,
  "t_20" : 0.28791612,
  "t_21" : -0.85404116,
  "timestamp" : 60132873929,
  "t_10" : -0.9234611,
  "cx" : 515.1655,
  "t_12" : 0.36179,
  "t_00" : 0.25362146,
  "height" : 768,
  "fx" : 726.4121,
  "t_23" : 0.69109493,
  "cy" : 383.70428,
  "t_01" : 0.50426763,
  "t_03" : 2.3999958,
  "t_22" : 0.43326393,
  "blur_score" : 161.2244,
  "width" : 1024,
  "manual_keyframe" : false
}