{
  "t_12" : 0.5926361,
  "height" : 768,
  "blur_score" : 229.9492,
  "center_depth" : 0.7047658,
  "cx" : 514.1433,
  "t_11" : 0.046340123,
  "t_20" : -0.29337913,
  "t_22" : -0.32786152,
  "t_02" : 0.7357235,
  "t_23" : 0.10975141,
  "angular_velocity" : 3.4028235e+38,
  "t_03" : 2.3311956,
  "fy" : 721.5569,
  "t_21" : -0.8980174,
  "cy" : 384.5777,
  "timestamp" : 60139091051,
  "manual_keyframe" : false,
  "t_13" : -0.18797013,
  "fx" : 721.5569,
  "t_00" : 0.5170043,
  "t_10" : -0.8041362,
  "t_01" : -0.43751237,
  "width" : 1024
}