{
  "height" : 768,
  "t_10" : -0.7579741,
  "t_00" : 0.5980796,
  "t_20" : -0.26033792,
  "t_21" : -0.948953,
  "t_23" : 0.23828486,
  "t_01" : -0.3032891,
  "timestamp" : 60137307588,
  "manual_keyframe" : false,
  "cx" : 514.677,
  "t_13" : -0.1166292,
  "fx" : 721.2504,
  "fy" : 721.2504,
  "t_02" : 0.741833,
  "angular_velocity" : 3.4028235e+38,
  "cy" : 384.40723,
  "t_11" : 0.08662227,
  "width" : 1024,
  "blur_score" : 248.93558,
  "t_03" : 2.3165736,
  "t_12" : 0.6465073,
  "t_22" : -0.17807826
}