{
  "t_10" : -0.9568933,
  "t_22" : 0.48735607,
  "angular_velocity" : 3.4028235e+38,
  "width" : 1024,
  "height" : 768,
  "timestamp" : 60131707176,
  "blur_score" : 105.54532,
  "fy" : 728.1734,
  "cx" : 515.2357,
  "t_02" : 0.8336592,
  "t_00" : 0.15438998,
  "t_20" : 0.24600616,
  "t_21" : -0.8378336,
  "t_13" : -0.43348205,
  "t_23" : 0.76336,
  "t_12" : 0.25980037,
  "manual_keyframe" : false,
  "t_11" : -0.12984246,
  "cy" : 383.9508,
  "t_03" : 2.3521457,
  "fx" : 728.1734,
  "t_01" : 0.53026026
}