{
  "center_depth" : 0.80564225,
  "height" : 768,
  "manual_keyframe" : false,
  "fx" : 721.5887,
  "t_10" : -0.9014551,
  "cx" : 515.1718,
  "t_00" : 0.25562525,
  "width" : 1024,
  "angular_velocity" : 3.4028235e+38,
  "t_20" : -0.34933436,
  "t_12" : 0.41975346,
  "blur_score" : 206.04012,
  "t_11" : -0.10576292,
  "timestamp" : 60147041628,
  "t_01" : -0.9126207,
  "cy" : 383.8218,
  "t_21" : -0.3948892,
  "t_03" : 1.9534526,
  "fy" : 721.5887,
  "t_22" : -0.84972215,
  "t_02" : 0.31902826,
  "t_13" : -0.13733262,
  "t_23" : -0.5602264
}