{
  "t_03" : 2.236708,
  "t_21" : -0.70960486,
  "angular_velocity" : 3.4028235e+38,
  "t_23" : -0.30587614,
  "manual_keyframe" : false,
  "timestamp" : 60144124750,
  "blur_score" : 103.017876,
  "fy" : 726.7472,
  "fx" : 726.7472,
  "cy" : 384.5317,
  "t_22" : -0.629035,
  "center_depth" : 0.68388754,
  "height" : 768,
  "t_02" : 0.713194,
  "t_11" : 0.14618535,
  "t_20" : -0.31745192,
  "t_01" : -0.6892681,
  "width" : 1024,
  "t_12" : 0.30930397,
  "cx" : 515.22736,
  "t_13" : -0.31022626,
  "t_00" : 0.12752794,
  "t_10" : -0.93965995
}