{
  "t_03" : 2.2516904,
  "t_12" : 0.52443963,
  "t_11" : -0.10666549,
  "t_13" : -0.22764614,
  "t_00" : 0.47291076,
  "cx" : 514.715,
  "cy" : 383.93924,
  "t_22" : -0.56364423,
  "center_depth" : 0.60356736,
  "t_01" : -0.6075254,
  "t_23" : -0.09348094,
  "height" : 768,
  "timestamp" : 60141674573,
  "manual_keyframe" : false,
  "t_02" : 0.63817555,
  "t_20" : -0.2505391,
  "fx" : 722.6512,
  "t_10" : -0.84473985,
  "angular_velocity" : 3.4028235e+38,
  "blur_score" : 167.753,
  "t_21" : -0.78710556,
  "width" : 1024,
  "fy" : 722.6512
}