{
  "fx" : 723.82965,
  "t_01" : -0.85491335,
  "cy" : 384.1665,
  "cx" : 515.217,
  "t_03" : 2.1274564,
  "timestamp" : 60145908213,
  "t_00" : 0.26145792,
  "height" : 768,
  "manual_keyframe" : false,
  "fy" : 723.82965,
  "t_12" : 0.4139695,
  "t_11" : -0.060808104,
  "t_23" : -0.5658418,
  "t_02" : 0.4480655,
  "angular_velocity" : 3.4028235e+38,
  "width" : 1024,
  "t_10" : -0.9082574,
  "t_22" : -0.7923801,
  "t_13" : -0.089297205,
  "t_20" : -0.32666206,
  "t_21" : -0.5151945,
  "blur_score" : 146.00873
}