{
  "cy" : 384.46094,
  "height" : 768,
  "t_00" : -0.38145363,
  "t_01" : -0.6927475,
  "fy" : 725.8276,
  "t_20" : -0.31969163,
  "t_11" : 0.039243154,
  "cx" : 513.9113,
  "center_depth" : 0.7109952,
  "timestamp" : 60156958997,
  "width" : 1024,
  "t_12" : 0.49615487,
  "t_03" : 1.1858387,
  "t_21" : 0.72011155,
  "t_22" : -0.61582166,
  "angular_velocity" : 3.4028235e+38,
  "t_13" : -0.005785304,
  "t_10" : -0.86734676,
  "t_02" : -0.6120407,
  "t_23" : -0.22820681,
  "manual_keyframe" : false,
  "blur_score" : 115.23535,
  "fx" : 725.8276
}