{
  "t_12" : 0.4235556,
  "height" : 768,
  "blur_score" : 186.23491,
  "manual_keyframe" : false,
  "cx" : 514.7493,
  "t_11" : 0.027528659,
  "t_20" : -0.3987537,
  "t_22" : -0.8710695,
  "t_02" : -0.24867293,
  "t_23" : -0.20648356,
  "angular_velocity" : 3.4028235e+38,
  "t_03" : 1.4078281,
  "fy" : 721.1932,
  "t_21" : 0.28676313,
  "cy" : 384.1245,
  "timestamp" : 60154525493,
  "t_13" : -0.12326206,
  "t_00" : -0.14543949,
  "t_10" : -0.9054517,
  "fx" : 721.1932,
  "t_01" : -0.9576058,
  "width" : 1024
}