{
  "t_20" : -0.29427487,
  "t_02" : 0.08559653,
  "t_13" : -0.38917595,
  "height" : 768,
  "manual_keyframe" : false,
  "t_23" : -0.48361644,
  "t_11" : -0.09901651,
  "blur_score" : 201.32732,
  "t_21" : -0.12119451,
  "angular_velocity" : 3.4028235e+38,
  "width" : 1024,
  "t_03" : 1.6741288,
  "t_12" : 0.30652744,
  "fx" : 722.162,
  "t_10" : -0.9466978,
  "t_00" : 0.13101763,
  "cx" : 515.4951,
  "t_22" : -0.94800526,
  "timestamp" : 60152125323,
  "fy" : 722.162,
  "t_01" : -0.9876779,
  "cy" : 383.90997
}