{
  "cx" : 515.3337,
  "t_22" : -0.20383501,
  "fy" : 723.58185,
  "blur_score" : 159.45787,
  "t_20" : -0.05829967,
  "angular_velocity" : 3.4028235e+38,
  "width" : 1024,
  "t_13" : -0.4224663,
  "manual_keyframe" : false,
  "t_12" : 0.15802947,
  "t_10" : -0.98709404,
  "cy" : 384.0221,
  "t_00" : -0.14915277,
  "fx" : 723.58185,
  "t_01" : -0.2104174,
  "height" : 768,
  "t_02" : -0.96616656,
  "t_23" : 0.24690504,
  "timestamp" : 60161742661,
  "t_03" : 0.8664787,
  "t_21" : 0.9772678,
  "t_11" : -0.025924645
}