{
  "height" : 768,
  "t_10" : -0.9730174,
  "manual_keyframe" : false,
  "timestamp" : 60161292630,
  "fy" : 722.3685,
  "fx" : 722.3685,
  "cx" : 515.3415,
  "t_02" : -0.9287995,
  "cy" : 384.0115,
  "t_03" : 0.9134846,
  "t_20" : -0.10695936,
  "t_00" : -0.20444266,
  "t_11" : -0.039509892,
  "t_12" : 0.22732376,
  "t_22" : -0.2926685,
  "t_23" : 0.16375658,
  "angular_velocity" : 3.4028235e+38,
  "blur_score" : 139.82841,
  "width" : 1024,
  "t_13" : -0.46607837,
  "t_01" : -0.309086,
  "t_21" : 0.9502129
}