{
  "t_01" : -0.4562753,
  "width" : 1024,
  "t_22" : -0.4401752,
  "blur_score" : 244.30547,
  "center_depth" : 0.79942703,
  "cy" : 384.32715,
  "angular_velocity" : 3.4028235e+38,
  "t_23" : -0.05998768,
  "t_12" : 0.23958573,
  "t_20" : -0.12087733,
  "timestamp" : 60160192555,
  "cx" : 515.45337,
  "fx" : 721.24084,
  "t_02" : -0.86535776,
  "t_21" : 0.8897382,
  "t_13" : -0.5519976,
  "t_10" : -0.9707833,
  "t_11" : -0.013358971,
  "height" : 768,
  "t_03" : 0.9863171,
  "manual_keyframe" : false,
  "fy" : 721.24084,
  "t_00" : -0.2072883
}