{
  "t_20" : 0.10155461,
  "cx" : 515.42706,
  "t_00" : -0.24955346,
  "t_11" : -0.03161648,
  "t_01" : 0.47899836,
  "t_02" : -0.8415957,
  "t_21" : 0.877246,
  "angular_velocity" : 3.4028235e+38,
  "blur_score" : 116.331856,
  "t_03" : 0.90176094,
  "width" : 1024,
  "manual_keyframe" : false,
  "t_23" : 0.84787124,
  "height" : 768,
  "fx" : 726.1517,
  "t_12" : 0.26756433,
  "t_10" : -0.9630211,
  "t_13" : -0.40588638,
  "t_22" : 0.46917558,
  "cy" : 384.03818,
  "fy" : 726.1517,
  "timestamp" : 60166993016
}