{
  "timestamp" : 60174926883,
  "fx" : 722.386,
  "angular_velocity" : 3.4028235e+38,
  "height" : 768,
  "t_01" : 0.92232084,
  "t_12" : 0.52601224,
  "t_22" : 0.7650478,
  "t_10" : -0.8427072,
  "t_20" : 0.5277627,
  "t_21" : 0.36900988,
  "cx" : 515.0422,
  "cy" : 384.604,
  "manual_keyframe" : false,
  "blur_score" : 200.735,
  "t_11" : 0.114698835,
  "t_13" : -0.008279028,
  "t_02" : -0.37150106,
  "t_00" : -0.10635364,
  "t_03" : 1.4458988,
  "t_23" : 0.93955934,
  "fy" : 722.386,
  "width" : 1024
}