{
  "fx" : 722.1223,
  "t_00" : -0.06404636,
  "angular_velocity" : 3.4028235e+38,
  "t_10" : -0.852821,
  "t_02" : -0.19168612,
  "t_03" : 1.5199271,
  "height" : 768,
  "t_21" : 0.19678894,
  "manual_keyframe" : false,
  "timestamp" : 60175243571,
  "t_11" : 0.046039317,
  "fy" : 722.1223,
  "t_12" : 0.52016973,
  "t_13" : -0.02342598,
  "center_depth" : 0.99583495,
  "t_01" : 0.9793641,
  "cy" : 384.59036,
  "cx" : 514.7718,
  "blur_score" : 215.87206,
  "t_20" : 0.5182607,
  "t_23" : 0.9610655,
  "width" : 1024,
  "t_22" : 0.8322736
}