{
  "t_20" : 0.40082014,
  "manual_keyframe" : false,
  "t_00" : 0.014340231,
  "t_03" : 2.0579708,
  "t_22" : 0.8645997,
  "t_11" : -0.117775984,
  "t_23" : 1.0327004,
  "t_21" : -0.30300212,
  "cx" : 515.0111,
  "angular_velocity" : 3.4028235e+38,
  "t_10" : -0.9160445,
  "t_02" : 0.32477033,
  "fy" : 723.55646,
  "t_01" : 0.9456841,
  "fx" : 723.55646,
  "t_12" : 0.3833944,
  "blur_score" : 267.27353,
  "height" : 768,
  "timestamp" : 60181027287,
  "t_13" : -0.53280556,
  "cy" : 383.81552,
  "width" : 1024
}