{
  "t_23" : 0.78016,
  "height" : 768,
  "timestamp" : 60182994084,
  "manual_keyframe" : false,
  "cy" : 383.97934,
  "t_02" : 0.6097894,
  "t_21" : -0.64121515,
  "t_13" : -0.44364905,
  "t_20" : 0.26855704,
  "cx" : 515.30426,
  "t_00" : 0.19933179,
  "fx" : 725.86414,
  "fy" : 725.86414,
  "t_01" : 0.7670877,
  "t_12" : 0.33382145,
  "blur_score" : 146.78804,
  "t_10" : -0.94241387,
  "t_22" : 0.7188324,
  "t_03" : 2.3352172,
  "width" : 1024,
  "angular_velocity" : 3.4028235e+38,
  "t_11" : -0.0204771
}