{
  "t_02" : 0.9440637,
  "t_20" : -0.06589658,
  "cy" : 384.4929,
  "t_01" : 0.024844686,
  "t_03" : 2.2669256,
  "t_21" : -0.99661356,
  "manual_keyframe" : false,
  "t_23" : 0.25638023,
  "fy" : 720.9422,
  "t_22" : 0.049179945,
  "angular_velocity" : 3.4028235e+38,
  "t_12" : 0.3260746,
  "blur_score" : 250.9759,
  "t_00" : 0.32882527,
  "t_11" : 0.07838222,
  "width" : 1024,
  "t_10" : -0.9420889,
  "fx" : 720.9422,
  "t_13" : -0.08884764,
  "timestamp" : 60187861066,
  "height" : 768,
  "cx" : 515.2009
}