{
  "t_13" : -0.49461025,
  "cy" : 383.82355,
  "t_02" : 0.48625356,
  "t_22" : 0.824109,
  "t_12" : 0.29051927,
  "t_23" : 1.0015159,
  "angular_velocity" : 3.4028235e+38,
  "width" : 1024,
  "height" : 768,
  "timestamp" : 60181560656,
  "t_20" : 0.32556614,
  "t_00" : 0.013086164,
  "t_21" : -0.46351993,
  "blur_score" : 158.74992,
  "t_10" : -0.94542867,
  "center_depth" : 0.7527086,
  "t_03" : 2.1993258,
  "cx" : 515.3077,
  "manual_keyframe" : false,
  "fy" : 723.27216,
  "t_01" : 0.8737196,
  "fx" : 723.27216,
  "t_11" : -0.1475233
}