{
  "cy" : 383.85852,
  "height" : 768,
  "cx" : 515.2494,
  "width" : 1024,
  "t_12" : 0.33266088,
  "fx" : 723.2674,
  "t_11" : -0.15426065,
  "t_00" : 0.008034665,
  "t_03" : 2.152105,
  "t_21" : -0.41116813,
  "t_22" : 0.83459294,
  "t_23" : 1.0180984,
  "angular_velocity" : 3.4028235e+38,
  "manual_keyframe" : false,
  "t_02" : 0.43907967,
  "t_13" : -0.5124664,
  "t_10" : -0.93034416,
  "blur_score" : 186.67757,
  "t_01" : 0.89841205,
  "t_20" : 0.3665993,
  "timestamp" : 60181393978,
  "fy" : 723.2674
}