{
  "t_23" : 1.0653025,
  "fx" : 724.97473,
  "angular_velocity" : 3.4028235e+38,
  "cx" : 515.1757,
  "t_13" : -0.5087559,
  "fy" : 724.97473,
  "t_03" : 1.9982268,
  "t_21" : -0.13048668,
  "height" : 768,
  "timestamp" : 60180460583,
  "t_01" : 0.98486274,
  "t_00" : -0.041289482,
  "t_11" : -0.11409734,
  "cy" : 383.75342,
  "t_02" : 0.1683453,
  "t_20" : 0.46269253,
  "blur_score" : 225.12419,
  "t_10" : -0.8855567,
  "t_22" : 0.8768628,
  "t_12" : 0.45030102,
  "width" : 1024,
  "manual_keyframe" : false
}