{
  "height" : 768,
  "fx" : 722.97363,
  "manual_keyframe" : false,
  "t_23" : 0.4314195,
  "t_13" : -0.31065908,
  "t_01" : -0.032650784,
  "t_02" : -0.9657728,
  "cx" : 515.3107,
  "t_11" : -0.008946164,
  "fy" : 722.97363,
  "t_10" : -0.9661742,
  "t_22" : -0.029244201,
  "width" : 1024,
  "timestamp" : 60204362114,
  "t_21" : 0.99942666,
  "angular_velocity" : 3.4028235e+38,
  "blur_score" : 200.70012,
  "t_20" : -0.017055202,
  "t_03" : 0.7590918,
  "t_00" : -0.25732562,
  "t_12" : 0.25773498,
  "cy" : 384.11804
}