{
  "t_00" : -0.26205325,
  "width" : 1024,
  "t_22" : -0.44209397,
  "blur_score" : 259.5104,
  "cy" : 384.01837,
  "angular_velocity" : 3.4028235e+38,
  "t_23" : -0.023509413,
  "t_12" : 0.31395584,
  "t_20" : -0.17581947,
  "timestamp" : 60202595338,
  "fx" : 721.57434,
  "t_02" : -0.8402287,
  "cx" : 515.1938,
  "t_21" : 0.8795682,
  "t_13" : -0.42705098,
  "t_10" : -0.9489023,
  "t_11" : -0.031876426,
  "height" : 768,
  "t_03" : 0.8649859,
  "manual_keyframe" : false,
  "fy" : 721.57434,
  "t_01" : -0.4747036
}