{
  "t_02" : -0.81390125,
  "height" : 768,
  "t_23" : 0.7938599,
  "manual_keyframe" : false,
  "blur_score" : 116.79103,
  "t_11" : -0.036942594,
  "t_12" : 0.4509462,
  "t_10" : -0.8917862,
  "fy" : 726.15643,
  "cy" : 383.98804,
  "t_01" : 0.39308077,
  "t_21" : 0.9187614,
  "t_00" : -0.4278459,
  "cx" : 515.2546,
  "t_03" : 0.9142531,
  "t_22" : 0.36634976,
  "center_depth" : 0.7450884,
  "fx" : 726.15643,
  "angular_velocity" : 3.4028235e+38,
  "timestamp" : 60206678924,
  "t_20" : 0.14719065,
  "width" : 1024,
  "t_13" : -0.13812993
}