{
  "t_22" : -0.514578,
  "blur_score" : 216.1486,
  "timestamp" : 60202195313,
  "fx" : 721.7539,
  "height" : 768,
  "t_00" : -0.2544804,
  "t_21" : 0.827929,
  "manual_keyframe" : false,
  "cy" : 384.30493,
  "t_20" : -0.22303076,
  "angular_velocity" : 3.4028235e+38,
  "center_depth" : 0.880806,
  "width" : 1024,
  "t_01" : -0.5590202,
  "cx" : 515.26764,
  "t_12" : 0.33537045,
  "t_02" : -0.78913605,
  "t_11" : -0.04505164,
  "t_13" : -0.45992324,
  "fy" : 721.7539,
  "t_10" : -0.94100845,
  "t_03" : 0.95623064,
  "t_23" : -0.11700538
}