{
  "center_depth" : 0.8215406,
  "height" : 768,
  "t_12" : 0.29099903,
  "t_03" : 0.07538202,
  "timestamp" : 61516813885,
  "manual_keyframe" : false,
  "t_21" : 0.9761469,
  "cy" : 384.17462,
  "t_10" : -0.95573217,
  "t_20" : -0.10270986,
  "fy" : 722.6496,
  "t_22" : -0.19127984,
  "t_00" : -0.27572954,
  "t_13" : -0.33696407,
  "width" : 1024,
  "t_23" : -0.1332207,
  "angular_velocity" : 3.4028235e+38,
  "fx" : 722.6496,
  "t_01" : -0.21270075,
  "t_02" : -0.9374069,
  "blur_score" : 2034.911,
  "cx" : 515.4278,
  "t_11" : -0.04353942
}