{
  "blur_score" : 1849.1984,
  "height" : 768,
  "timestamp" : 61524947711,
  "manual_keyframe" : false,
  "t_00" : -0.24726407,
  "t_02" : -0.47109368,
  "t_23" : -0.62457865,
  "t_10" : -0.92492974,
  "t_12" : 0.37514988,
  "t_03" : 0.72807944,
  "cy" : 384.4582,
  "t_11" : 0.06137953,
  "fx" : 724.9461,
  "fy" : 724.9461,
  "angular_velocity" : 3.4028235e+38,
  "t_01" : -0.84671783,
  "width" : 1024,
  "t_13" : 0.090209335,
  "cx" : 514.9827,
  "t_20" : -0.28873053,
  "t_21" : 0.5284897,
  "t_22" : -0.7983314
}