{
  "fy" : 723.2928,
  "t_13" : 0.033405565,
  "t_21" : 0.7701494,
  "t_10" : -0.9353065,
  "angular_velocity" : 3.4028235e+38,
  "t_22" : -0.6181341,
  "blur_score" : 2044.3044,
  "width" : 1024,
  "timestamp" : 61523114267,
  "manual_keyframe" : false,
  "t_00" : -0.31689405,
  "cx" : 515.4637,
  "fx" : 723.2928,
  "height" : 768,
  "t_20" : -0.15741608,
  "t_23" : -0.56141037,
  "t_03" : 0.4393298,
  "t_11" : 0.08458822,
  "t_02" : -0.7070103,
  "t_01" : -0.63222957,
  "t_12" : 0.34357896,
  "cy" : 384.3664
}