{
  "manual_keyframe" : false,
  "height" : 768,
  "t_02" : -0.21802156,
  "fy" : 727.02356,
  "width" : 1024,
  "t_12" : 0.11531238,
  "t_03" : 1.0098455,
  "fx" : 727.02356,
  "t_01" : -0.9758862,
  "cx" : 515.56134,
  "cy" : 384.16168,
  "t_11" : -0.014972479,
  "timestamp" : 61529181295,
  "t_21" : 0.21776503,
  "t_20" : -0.11579609,
  "t_00" : -0.010601063,
  "t_13" : -0.82794106,
  "t_22" : -0.96910745,
  "t_23" : -0.8899727,
  "blur_score" : 844.46625,
  "t_10" : -0.9932164,
  "angular_velocity" : 3.4028235e+38
}