{
  "t_11" : 0.0416769,
  "t_13" : -0.06648155,
  "angular_velocity" : 3.4028235e+38,
  "t_10" : -0.95000994,
  "t_00" : -0.13457581,
  "fx" : 725.5846,
  "t_22" : -0.90709454,
  "t_01" : -0.9489225,
  "t_12" : 0.3094253,
  "t_03" : 0.83259356,
  "t_20" : -0.2817274,
  "t_23" : -0.72585535,
  "timestamp" : 61525814430,
  "manual_keyframe" : false,
  "height" : 768,
  "cy" : 384.19827,
  "fy" : 725.5846,
  "width" : 1024,
  "t_21" : 0.31274396,
  "cx" : 515.4701,
  "t_02" : -0.28536838,
  "blur_score" : 1757.0468
}