{
  "height" : 768,
  "blur_score" : 1932.7803,
  "t_23" : -0.58128977,
  "t_01" : -0.7739351,
  "timestamp" : 61524347675,
  "manual_keyframe" : false,
  "fy" : 724.43475,
  "t_02" : -0.5120265,
  "t_22" : -0.7297606,
  "angular_velocity" : 3.4028235e+38,
  "t_03" : 0.6616201,
  "fx" : 724.43475,
  "cx" : 515.1698,
  "t_13" : 0.16601269,
  "t_00" : -0.37262985,
  "t_20" : -0.28653803,
  "t_10" : -0.88263404,
  "width" : 1024,
  "t_12" : 0.4530763,
  "t_21" : 0.6207618,
  "cy" : 384.51785,
  "t_11" : 0.12521555
}