{
  "fy" : 729.0199,
  "angular_velocity" : 3.4028235e+38,
  "width" : 1024,
  "t_20" : -0.3019473,
  "t_23" : -0.7843163,
  "height" : 768,
  "t_01" : -0.9840637,
  "t_11" : -0.007137225,
  "t_10" : -0.952135,
  "t_03" : 0.95575666,
  "t_13" : -0.4901861,
  "timestamp" : 61527847883,
  "manual_keyframe" : false,
  "cy" : 384.24295,
  "t_00" : -0.04761098,
  "t_02" : -0.17132358,
  "t_12" : 0.3055946,
  "fx" : 729.0199,
  "cx" : 515.3201,
  "t_21" : 0.17767283,
  "t_22" : -0.9366216,
  "blur_score" : 871.4647
}