{
  "t_20" : -0.07855635,
  "blur_score" : 743.15356,
  "cy" : 384.10144,
  "t_03" : 1.3895885,
  "t_02" : 0.27035332,
  "cx" : 515.5913,
  "t_21" : -0.26813388,
  "angular_velocity" : 3.4028235e+38,
  "center_depth" : 0.5690705,
  "t_12" : 0.07054044,
  "width" : 1024,
  "timestamp" : 61532914844,
  "fy" : 730.23175,
  "t_11" : 0.039414696,
  "manual_keyframe" : false,
  "t_00" : -0.018930662,
  "t_13" : -0.23834243,
  "t_23" : -0.6327832,
  "t_22" : -0.96017325,
  "height" : 768,
  "t_10" : -0.9967299,
  "fx" : 730.23175,
  "t_01" : -0.9625749
}