{
  "fy" : 725.23364,
  "t_02" : -0.28941053,
  "t_13" : -0.7025162,
  "t_00" : 0.06540381,
  "t_11" : -0.077339455,
  "angular_velocity" : 3.4028235e+38,
  "cx" : 515.9519,
  "fx" : 725.23364,
  "t_23" : -0.92364734,
  "t_22" : -0.9567352,
  "blur_score" : 560.59326,
  "height" : 768,
  "t_20" : -0.05101861,
  "manual_keyframe" : false,
  "width" : 1024,
  "t_01" : -0.954968,
  "t_03" : 1.0913326,
  "cy" : 383.97122,
  "t_21" : 0.28645197,
  "timestamp" : 61530214688,
  "t_10" : -0.99655384,
  "t_12" : 0.029986093
}