{
  "t_11" : 0.050969087,
  "fx" : 728.60065,
  "cx" : 515.6775,
  "t_00" : -0.034447964,
  "blur_score" : 932.91455,
  "t_03" : 1.436582,
  "cy" : 384.15466,
  "t_13" : -0.16664769,
  "t_20" : -0.053308338,
  "t_23" : -0.619415,
  "height" : 768,
  "t_12" : 0.03782319,
  "t_01" : -0.93548137,
  "fy" : 728.60065,
  "timestamp" : 61533214861,
  "manual_keyframe" : false,
  "t_10" : -0.99798375,
  "t_02" : 0.35169253,
  "width" : 1024,
  "angular_velocity" : 3.4028235e+38,
  "t_21" : -0.34968048,
  "t_22" : -0.935351
}