{
  "cy" : 384.49854,
  "fx" : 726.6932,
  "t_22" : 0.36488587,
  "t_02" : 0.84164,
  "cx" : 515.3746,
  "fy" : 726.6932,
  "t_01" : 0.37010562,
  "t_20" : 0.09111027,
  "t_03" : 1.7266705,
  "blur_score" : 786.24084,
  "t_12" : 0.39812052,
  "t_21" : -0.92658335,
  "height" : 768,
  "t_00" : 0.39327276,
  "t_11" : 0.06681764,
  "t_13" : -0.07493512,
  "timestamp" : 61541948699,
  "manual_keyframe" : false,
  "t_23" : 0.19068995,
  "t_10" : -0.91489625,
  "angular_velocity" : 3.4028235e+38,
  "width" : 1024
}