{
  "t_02" : 0.8748698,
  "t_12" : 0.39173222,
  "t_00" : 0.39127848,
  "t_23" : 0.10221504,
  "t_20" : 0.061041486,
  "fx" : 725.5481,
  "fy" : 725.5481,
  "blur_score" : 882.79193,
  "height" : 768,
  "t_13" : -0.03025337,
  "timestamp" : 61541448670,
  "t_10" : -0.9182456,
  "t_01" : 0.2854886,
  "t_11" : 0.058058463,
  "t_22" : 0.28486568,
  "width" : 1024,
  "t_03" : 1.7275059,
  "t_21" : -0.95662177,
  "cx" : 515.3776,
  "angular_velocity" : 3.4028235e+38,
  "manual_keyframe" : false,
  "cy" : 384.06024
}