{
  "t_01" : 0.526307,
  "t_02" : 0.81938773,
  "t_13" : -0.70896363,
  "angular_velocity" : 3.4028235e+38,
  "t_00" : 0.2271656,
  "t_21" : -0.85012394,
  "timestamp" : 61545182218,
  "t_03" : 1.7597197,
  "t_22" : 0.5124247,
  "width" : 1024,
  "t_10" : -0.9662742,
  "t_12" : 0.25695172,
  "t_20" : 0.121284254,
  "height" : 768,
  "fx" : 729.0406,
  "cy" : 384.17212,
  "fy" : 729.0406,
  "t_11" : 0.017026419,
  "t_23" : 0.30909866,
  "cx" : 515.5289,
  "manual_keyframe" : false,
  "blur_score" : 640.52325
}