{
  "t_21" : -0.9116475,
  "t_13" : -0.53321195,
  "t_12" : 0.25479087,
  "fx" : 726.9966,
  "t_00" : 0.24813436,
  "timestamp" : 61544348837,
  "t_02" : 0.87810206,
  "width" : 1024,
  "height" : 768,
  "cy" : 384.3782,
  "t_01" : 0.409104,
  "t_03" : 1.7597818,
  "manual_keyframe" : false,
  "cx" : 515.5317,
  "blur_score" : 768.5445,
  "fy" : 726.9966,
  "angular_velocity" : 3.4028235e+38,
  "t_10" : -0.96620345,
  "t_20" : 0.06985945,
  "t_11" : 0.039148647,
  "t_22" : 0.40499178,
  "t_23" : 0.2917191
}