{
  "t_01" : 0.20004985,
  "angular_velocity" : 3.4028235e+38,
  "width" : 1024,
  "t_10" : -0.9234886,
  "t_02" : 0.90231735,
  "cy" : 383.9731,
  "cx" : 515.3804,
  "t_11" : 0.043549247,
  "t_20" : 0.03695297,
  "t_22" : 0.20137268,
  "t_21" : -0.9788174,
  "manual_keyframe" : false,
  "t_00" : 0.381842,
  "fx" : 725.2749,
  "t_03" : 1.7492365,
  "fy" : 725.2749,
  "t_12" : 0.38114607,
  "t_13" : -0.00025578495,
  "t_23" : 0.031886384,
  "blur_score" : 978.52484,
  "height" : 768,
  "timestamp" : 61541215323
}