{
  "t_23" : 0.52243775,
  "t_21" : -0.84793115,
  "t_03" : 1.5720242,
  "cy" : 383.92014,
  "t_13" : -0.68754923,
  "t_01" : 0.5292558,
  "blur_score" : 1066.6891,
  "cx" : 515.52264,
  "t_11" : 0.030013176,
  "width" : 1024,
  "timestamp" : 61546982321,
  "fy" : 725.0685,
  "t_02" : 0.8293584,
  "t_00" : 0.17903261,
  "t_20" : 0.077030346,
  "center_depth" : 0.62496233,
  "manual_keyframe" : false,
  "fx" : 725.0685,
  "t_10" : -0.9808229,
  "t_22" : 0.5244795,
  "t_12" : 0.1925761,
  "angular_velocity" : 3.4028235e+38,
  "height" : 768
}