{
  "cx" : 515.4648,
  "fy" : 728.1639,
  "height" : 768,
  "manual_keyframe" : false,
  "angular_velocity" : 3.4028235e+38,
  "t_20" : 0.22805771,
  "t_22" : 0.81365097,
  "fx" : 728.1639,
  "t_03" : 1.4124818,
  "t_21" : -0.5347536,
  "t_12" : 0.31716228,
  "t_02" : 0.48721632,
  "t_10" : -0.9450292,
  "t_01" : 0.84125537,
  "t_13" : -0.07648733,
  "t_11" : 0.079547375,
  "t_00" : 0.23432748,
  "timestamp" : 61550115831,
  "width" : 1024,
  "cy" : 384.49033,
  "blur_score" : 1200.999,
  "t_23" : 0.524837
}