{
  "angular_velocity" : 3.4028235e+38,
  "blur_score" : 986.4167,
  "height" : 768,
  "t_21" : 0.45320445,
  "t_10" : -0.9801569,
  "t_23" : 0.61701864,
  "width" : 1024,
  "manual_keyframe" : false,
  "t_11" : 0.0019791962,
  "fy" : 727.20624,
  "cx" : 515.82385,
  "t_02" : -0.44456294,
  "timestamp" : 61559016329,
  "fx" : 727.20624,
  "cy" : 384.20944,
  "t_13" : -0.7595001,
  "t_00" : -0.08810221,
  "t_03" : 0.69837636,
  "t_22" : 0.8735416,
  "t_20" : 0.17756802,
  "t_01" : 0.89140433,
  "t_12" : 0.1982132
}