{
  "t_10" : -0.98484087,
  "t_21" : 0.28124028,
  "t_20" : 0.15514259,
  "angular_velocity" : 3.4028235e+38,
  "t_11" : -0.031254128,
  "width" : 1024,
  "manual_keyframe" : false,
  "fy" : 726.05475,
  "fx" : 726.05475,
  "t_00" : -0.07758368,
  "height" : 768,
  "t_23" : 0.62403107,
  "timestamp" : 61558749648,
  "cx" : 515.5638,
  "t_01" : 0.9591282,
  "t_12" : 0.17062132,
  "t_02" : -0.27212813,
  "t_13" : -0.8285138,
  "cy" : 384.21133,
  "t_22" : 0.9470134,
  "blur_score" : 1118.0226,
  "t_03" : 0.6976649
}