{
  "center_depth" : 0.44289333,
  "height" : 768,
  "t_11" : 0.01911984,
  "fx" : 728.45135,
  "t_22" : 0.9725685,
  "blur_score" : 1031.643,
  "t_01" : 0.9834158,
  "timestamp" : 61557016219,
  "t_02" : -0.1812008,
  "t_03" : 0.884736,
  "t_00" : -0.007711926,
  "cx" : 515.4817,
  "fy" : 728.45135,
  "t_21" : 0.18035421,
  "cy" : 383.95712,
  "t_10" : -0.98911977,
  "t_20" : 0.14691001,
  "t_13" : -0.7149499,
  "width" : 1024,
  "t_23" : 0.72231674,
  "angular_velocity" : 3.4028235e+38,
  "manual_keyframe" : false,
  "t_12" : 0.14586453
}