{
  "t_10" : -0.89715594,
  "fx" : 722.108,
  "t_22" : 0.104407094,
  "center_depth" : 0.7606828,
  "t_01" : 0.09639672,
  "t_20" : 0.006200513,
  "fy" : 722.108,
  "t_00" : -0.44167036,
  "t_12" : 0.43984565,
  "t_21" : 0.9945152,
  "cy" : 384.07385,
  "width" : 1024,
  "blur_score" : 1797.0767,
  "height" : 768,
  "t_03" : 0.22077996,
  "cx" : 514.90076,
  "t_13" : 0.06099598,
  "timestamp" : 61566450076,
  "angular_velocity" : 3.4028235e+38,
  "t_11" : -0.040582776,
  "manual_keyframe" : false,
  "t_23" : 0.117643975,
  "t_02" : -0.89198345
}