{
  "t_03" : 0.21043849,
  "t_10" : -0.95132136,
  "fy" : 722.3796,
  "t_20" : -0.017306117,
  "t_22" : 0.30833426,
  "width" : 1024,
  "t_01" : 0.28834632,
  "t_12" : 0.2876834,
  "t_00" : -0.30771446,
  "cy" : 383.9654,
  "cx" : 515.58344,
  "t_13" : -0.09404764,
  "angular_velocity" : 3.4028235e+38,
  "height" : 768,
  "timestamp" : 61567016774,
  "t_11" : -0.11057099,
  "blur_score" : 1917.3567,
  "manual_keyframe" : false,
  "t_02" : -0.90673476,
  "t_21" : 0.9511205,
  "t_23" : 0.107518144,
  "fx" : 722.3796
}