{
  "angular_velocity" : 3.4028235e+38,
  "height" : 768,
  "t_01" : 0.7118429,
  "fx" : 730.0539,
  "cx" : 515.44257,
  "t_23" : 0.39513525,
  "t_11" : -0.16940936,
  "t_20" : -0.0018307935,
  "t_00" : -0.22986105,
  "t_13" : -0.07712323,
  "t_21" : 0.681601,
  "width" : 1024,
  "t_12" : 0.15537031,
  "center_depth" : 0.48720786,
  "cy" : 383.94333,
  "t_22" : 0.7317216,
  "blur_score" : 1217.4849,
  "fy" : 730.0539,
  "t_02" : -0.663659,
  "manual_keyframe" : false,
  "t_10" : -0.97322166,
  "timestamp" : 61562349848,
  "t_03" : 0.66102004
}