{
  "fx" : 722.6957,
  "t_21" : 0.9820917,
  "t_22" : -0.040436644,
  "cy" : 383.9055,
  "width" : 1024,
  "timestamp" : 61567683478,
  "manual_keyframe" : false,
  "t_13" : -0.10509816,
  "cx" : 515.60266,
  "blur_score" : 1370.8671,
  "height" : 768,
  "t_03" : 0.19318968,
  "t_23" : 0.047060415,
  "angular_velocity" : 3.4028235e+38,
  "t_11" : -0.1735791,
  "fy" : 722.6957,
  "t_20" : -0.18401216,
  "t_10" : -0.96718305,
  "t_12" : 0.18554565,
  "t_01" : -0.07325229,
  "t_00" : -0.1752039,
  "t_02" : -0.9818032
}