{
  "t_01" : -0.78608197,
  "t_22" : -0.7811236,
  "t_10" : -0.9949623,
  "t_03" : 0.4387317,
  "timestamp" : 61574383853,
  "t_13" : -0.5010925,
  "manual_keyframe" : false,
  "fx" : 727.8415,
  "t_12" : 0.09143601,
  "fy" : 727.8415,
  "cy" : 384.01096,
  "t_21" : 0.616754,
  "t_23" : -0.5088566,
  "blur_score" : 1388.873,
  "width" : 1024,
  "t_20" : -0.097262815,
  "t_00" : -0.024287555,
  "t_11" : -0.04110229,
  "cx" : 516.0977,
  "height" : 768,
  "t_02" : -0.6176447,
  "angular_velocity" : 3.4028235e+38
}