{
  "cx" : 515.6361,
  "t_23" : -0.5093474,
  "t_02" : -0.32484078,
  "width" : 1024,
  "fy" : 723.1309,
  "t_21" : 0.37022656,
  "height" : 768,
  "timestamp" : 61577284013,
  "t_10" : -0.9426645,
  "manual_keyframe" : false,
  "t_20" : -0.267763,
  "cy" : 384.09317,
  "center_depth" : 0.61193347,
  "fx" : 723.1309,
  "angular_velocity" : 3.4028235e+38,
  "t_22" : -0.8895139,
  "blur_score" : 1057.9515,
  "t_12" : 0.32131484,
  "t_13" : 0.25018638,
  "t_01" : -0.92454934,
  "t_11" : 0.090224184,
  "t_03" : 0.7683623,
  "t_00" : -0.19921495
}