{
  "t_10" : -0.9977733,
  "t_12" : 0.01647622,
  "t_01" : -0.7526113,
  "t_02" : -0.65737355,
  "t_20" : -0.05488579,
  "t_23" : -0.27153018,
  "manual_keyframe" : false,
  "timestamp" : 61573150451,
  "t_11" : -0.06462931,
  "t_03" : 0.26426718,
  "fx" : 717.21466,
  "angular_velocity" : 3.4028235e+38,
  "cy" : 383.525,
  "height" : 768,
  "cx" : 515.96106,
  "t_21" : 0.6552855,
  "fy" : 717.21466,
  "t_13" : -0.82614326,
  "blur_score" : 946.4094,
  "t_22" : -0.75338453,
  "t_00" : 0.0378941,
  "width" : 1024
}