{
  "center_depth" : 0.5656107,
  "t_01" : -0.88119745,
  "fy" : 722.55115,
  "t_02" : -0.44012004,
  "t_10" : -0.96019614,
  "height" : 768,
  "t_03" : 0.7023789,
  "width" : 1024,
  "t_00" : -0.1725838,
  "t_23" : -0.45319706,
  "angular_velocity" : 3.4028235e+38,
  "blur_score" : 948.785,
  "t_22" : -0.85490316,
  "manual_keyframe" : false,
  "timestamp" : 61577017332,
  "t_13" : 0.18377167,
  "t_20" : -0.21963158,
  "t_21" : 0.47000232,
  "cx" : 515.5994,
  "t_11" : 0.05087819,
  "fx" : 722.55115,
  "t_12" : 0.27465364,
  "cy" : 383.9274
}