{
  "angular_velocity" : 3.4028235e+38,
  "center_depth" : 0.6079561,
  "manual_keyframe" : false,
  "fy" : 723.844,
  "t_11" : -0.035415906,
  "width" : 1024,
  "t_20" : -0.095526874,
  "t_12" : 0.095903404,
  "t_23" : -0.45755172,
  "cx" : 515.4941,
  "cy" : 384.004,
  "height" : 768,
  "t_01" : -0.75377685,
  "t_21" : 0.65617514,
  "t_13" : -0.19309591,
  "t_03" : 0.49099562,
  "t_02" : -0.6561202,
  "fx" : 723.844,
  "t_10" : -0.9947604,
  "t_22" : -0.74853754,
  "blur_score" : 1687.0421,
  "t_00" : -0.0364193,
  "timestamp" : 61575217233
}