{
  "manual_keyframe" : false,
  "t_22" : -0.23987123,
  "timestamp" : 61571483690,
  "blur_score" : 1558.65,
  "t_23" : -0.036819633,
  "cy" : 383.50345,
  "fx" : 722.6941,
  "angular_velocity" : 3.4028235e+38,
  "t_03" : 0.18497217,
  "fy" : 722.6941,
  "t_02" : -0.9235263,
  "t_00" : -0.23424435,
  "t_12" : 0.29926726,
  "t_11" : -0.18862258,
  "t_21" : 0.9339127,
  "cx" : 515.6007,
  "width" : 1024,
  "t_13" : -0.3396391,
  "t_10" : -0.93533987,
  "height" : 768,
  "t_01" : -0.3036918,
  "t_20" : -0.26508293
}