{
  "center_depth" : 1.5414346,
  "height" : 768,
  "angular_velocity" : 3.4028235e+38,
  "cx" : 515.59326,
  "t_20" : 0.06616676,
  "t_23" : 0.30941513,
  "blur_score" : 615.02985,
  "t_01" : 0.65571505,
  "cy" : 384.33478,
  "t_02" : 0.67949325,
  "t_12" : 0.28491238,
  "fy" : 723.86456,
  "t_11" : 0.1775656,
  "t_21" : -0.73383105,
  "t_22" : 0.67610186,
  "width" : 1024,
  "timestamp" : 61588084604,
  "t_10" : -0.94196355,
  "t_03" : 1.533577,
  "t_00" : 0.32913002,
  "t_13" : 0.29395366,
  "fx" : 723.86456,
  "manual_keyframe" : false
}