{
  "manual_keyframe" : false,
  "width" : 1024,
  "height" : 768,
  "t_03" : 1.7094817,
  "t_13" : -0.04135224,
  "timestamp" : 61585684474,
  "fx" : 728.3561,
  "t_21" : -0.9914913,
  "t_02" : 0.97976655,
  "cx" : 515.67316,
  "t_10" : -0.985333,
  "t_23" : 0.022821955,
  "angular_velocity" : 3.4028235e+38,
  "center_depth" : 0.4945842,
  "fy" : 728.3561,
  "t_12" : 0.16478895,
  "blur_score" : 950.9571,
  "cy" : 384.02103,
  "t_22" : 0.113586016,
  "t_11" : -0.044310484,
  "t_01" : 0.12239795,
  "t_00" : 0.15835378,
  "t_20" : 0.06358377
}