{
  "t_13" : -0.60742944,
  "t_20" : -0.057973433,
  "t_21" : -0.712279,
  "t_22" : -0.69949806,
  "height" : 768,
  "blur_score" : 713.5138,
  "width" : 1024,
  "t_01" : -0.699828,
  "fy" : 728.7738,
  "manual_keyframe" : false,
  "t_12" : 0.1368065,
  "t_11" : -0.053844683,
  "t_10" : -0.9891333,
  "t_03" : 1.5266858,
  "cx" : 515.52686,
  "t_00" : 0.13510866,
  "t_02" : 0.7014173,
  "angular_velocity" : 3.4028235e+38,
  "t_23" : -0.6823908,
  "timestamp" : 61582484299,
  "cy" : 383.79117,
  "fx" : 728.7738
}