{
  "t_22" : -0.9109521,
  "t_13" : -0.27061048,
  "t_03" : 1.3564823,
  "t_12" : 0.28276983,
  "blur_score" : 1004.8258,
  "height" : 768,
  "t_00" : 0.13094448,
  "t_10" : -0.9582272,
  "cy" : 384.1162,
  "t_21" : -0.32482597,
  "fy" : 726.752,
  "t_23" : -0.7864311,
  "width" : 1024,
  "timestamp" : 61581017552,
  "cx" : 515.3673,
  "manual_keyframe" : false,
  "fx" : 726.752,
  "angular_velocity" : 3.4028235e+38,
  "t_20" : -0.25427157,
  "t_02" : 0.30034503,
  "t_01" : -0.94479954,
  "t_11" : -0.042914953
}