{
  "t_11" : -0.08199995,
  "fy" : 725.9786,
  "cy" : 384.25406,
  "width" : 1024,
  "t_02" : 0.46161363,
  "fx" : 725.9786,
  "t_03" : 1.4785514,
  "angular_velocity" : 3.4028235e+38,
  "height" : 768,
  "blur_score" : 845.7277,
  "timestamp" : 61589151330,
  "t_13" : -0.0025231522,
  "cx" : 515.66473,
  "t_10" : -0.9536161,
  "t_20" : 0.2941157,
  "t_22" : 0.838463,
  "t_23" : 0.47368062,
  "manual_keyframe" : false,
  "t_01" : 0.8847601,
  "t_21" : -0.458776,
  "t_00" : 0.06412673,
  "t_12" : 0.28964165
}