{
  "timestamp" : 61583651030,
  "fx" : 727.8923,
  "t_03" : 1.7677498,
  "t_01" : -0.48512328,
  "t_21" : -0.8632516,
  "blur_score" : 260.4725,
  "t_23" : -0.40265906,
  "manual_keyframe" : false,
  "fy" : 727.8923,
  "t_02" : 0.84735364,
  "height" : 768,
  "t_10" : -0.9757243,
  "t_22" : -0.503469,
  "t_20" : 0.03626684,
  "angular_velocity" : 3.4028235e+38,
  "t_00" : 0.21597883,
  "t_13" : -0.5387968,
  "cx" : 515.96716,
  "cy" : 383.8496,
  "t_11" : -0.13946953,
  "t_12" : 0.16885026,
  "width" : 1024
}