{
  "angular_velocity" : 3.4028235e+38,
  "blur_score" : 425.75522,
  "t_01" : -0.62700444,
  "t_23" : -0.60169524,
  "center_depth" : 0.5880363,
  "t_12" : 0.109471604,
  "t_22" : -0.6350303,
  "manual_keyframe" : false,
  "cy" : 383.67487,
  "t_02" : 0.7646909,
  "t_00" : 0.14870454,
  "timestamp" : 61582984327,
  "fy" : 728.4339,
  "fx" : 728.4339,
  "t_21" : -0.7724391,
  "height" : 768,
  "t_11" : -0.10100996,
  "t_10" : -0.9888442,
  "t_20" : 0.008602222,
  "width" : 1024,
  "t_13" : -0.7038338,
  "cx" : 515.8297,
  "t_03" : 1.6743547
}