{
  "t_21" : -0.994836,
  "t_10" : -0.9924442,
  "t_03" : 1.673,
  "fy" : 730.47314,
  "fx" : 730.47314,
  "t_12" : 0.11773582,
  "cx" : 515.5836,
  "blur_score" : 667.6609,
  "width" : 1024,
  "manual_keyframe" : false,
  "t_02" : 0.9881097,
  "t_13" : -0.18142085,
  "t_23" : -0.14333466,
  "angular_velocity" : 3.4028235e+38,
  "t_22" : -0.09887933,
  "t_11" : -0.03453605,
  "cy" : 383.96118,
  "t_20" : 0.022889012,
  "height" : 768,
  "t_00" : 0.12054274,
  "timestamp" : 61585117777,
  "t_01" : -0.09543736
}