{
  "t_00" : 0.11958655,
  "t_13" : -0.096623644,
  "fx" : 729.48846,
  "t_02" : 0.98992527,
  "t_10" : -0.9927082,
  "cx" : 515.7573,
  "manual_keyframe" : false,
  "t_12" : 0.12038853,
  "t_01" : 0.07580769,
  "t_20" : 0.015147657,
  "width" : 1024,
  "cy" : 383.82434,
  "t_11" : -0.0060825576,
  "height" : 768,
  "t_03" : 1.6912742,
  "t_21" : -0.9971037,
  "fy" : 729.48846,
  "t_22" : 0.07452752,
  "angular_velocity" : 3.4028235e+38,
  "t_23" : -0.050549716,
  "blur_score" : 868.65955,
  "timestamp" : 61585451128
}