{
  "cx" : 515.47943,
  "angular_velocity" : 3.4028235e+38,
  "width" : 1024,
  "t_02" : 0.7199824,
  "fy" : 728.77057,
  "t_00" : 0.09384249,
  "t_22" : -0.6880165,
  "t_11" : -0.040643413,
  "t_12" : 0.09087608,
  "t_01" : -0.68761814,
  "t_13" : -0.65734,
  "t_20" : -0.033225503,
  "t_23" : -0.67475486,
  "t_10" : -0.9950324,
  "manual_keyframe" : false,
  "t_03" : 1.5483208,
  "cy" : 383.7928,
  "timestamp" : 61582617640,
  "height" : 768,
  "fx" : 728.77057,
  "t_21" : -0.724934,
  "blur_score" : 589.6733
}