{
  "fx" : 727.0061,
  "t_12" : 0.18939419,
  "t_11" : -0.09299817,
  "t_23" : 0.46730956,
  "cy" : 383.88788,
  "t_10" : -0.97748715,
  "angular_velocity" : 3.4028235e+38,
  "cx" : 515.41113,
  "t_03" : 1.5268836,
  "t_20" : 0.21093746,
  "t_01" : 0.88733405,
  "width" : 1024,
  "height" : 768,
  "blur_score" : 623.5099,
  "timestamp" : 61589718027,
  "manual_keyframe" : false,
  "t_21" : -0.45165202,
  "t_22" : 0.86689997,
  "t_00" : 0.0049201744,
  "t_02" : 0.46110085,
  "t_13" : -0.24687816,
  "fy" : 727.0061
}