{
  "t_13" : -0.55450726,
  "t_20" : -0.049511675,
  "t_21" : -0.71453416,
  "t_22" : -0.6978462,
  "height" : 768,
  "blur_score" : 725.56256,
  "width" : 1024,
  "t_01" : -0.69320667,
  "fy" : 729.0137,
  "manual_keyframe" : false,
  "t_12" : 0.16626506,
  "t_11" : -0.09436775,
  "t_10" : -0.9815552,
  "t_03" : 1.512691,
  "t_00" : 0.18465626,
  "cx" : 515.5373,
  "t_02" : 0.69668245,
  "angular_velocity" : 3.4028235e+38,
  "t_23" : -0.6810924,
  "timestamp" : 61582317623,
  "cy" : 383.8099,
  "fx" : 729.0137
}