{
  "cx" : 515.4731,
  "manual_keyframe" : false,
  "t_10" : -0.9589823,
  "t_03" : 1.3232641,
  "t_00" : 0.09054216,
  "fy" : 725.96735,
  "fx" : 725.96735,
  "t_20" : -0.26861686,
  "height" : 768,
  "timestamp" : 61580684200,
  "t_23" : -0.7965137,
  "t_22" : -0.9269903,
  "t_13" : -0.18170227,
  "blur_score" : 1210.8494,
  "t_01" : -0.9649612,
  "t_12" : 0.28290787,
  "t_11" : -0.017777797,
  "t_21" : -0.26178953,
  "cy" : 384.00912,
  "angular_velocity" : 3.4028235e+38,
  "t_02" : 0.24627608,
  "width" : 1024
}