{
  "height" : 768,
  "t_01" : -0.66017735,
  "t_02" : 0.74575156,
  "angular_velocity" : 3.4028235e+38,
  "fy" : 728.60535,
  "t_03" : 1.5842305,
  "t_22" : -0.661725,
  "t_13" : -0.697106,
  "t_23" : -0.6570884,
  "blur_score" : 510.79886,
  "manual_keyframe" : false,
  "cy" : 383.74152,
  "t_11" : -0.047779907,
  "fx" : 728.60535,
  "t_21" : -0.7495883,
  "t_10" : -0.9958628,
  "timestamp" : 61582750980,
  "t_20" : -0.015395592,
  "t_12" : 0.07729368,
  "t_00" : 0.08955561,
  "cx" : 515.44226,
  "width" : 1024
}