{
  "width" : 1024,
  "t_10" : -0.9458806,
  "t_12" : 0.30330306,
  "fx" : 728.4895,
  "cx" : 515.5433,
  "t_13" : -0.3621913,
  "t_20" : -0.20015192,
  "t_03" : 1.4116247,
  "t_21" : -0.52823126,
  "t_22" : -0.82517314,
  "t_01" : -0.841222,
  "blur_score" : 883.10803,
  "height" : 768,
  "t_23" : -0.7433568,
  "manual_keyframe" : false,
  "t_02" : 0.47654623,
  "t_00" : 0.25543883,
  "center_depth" : 0.5327087,
  "angular_velocity" : 3.4028235e+38,
  "cy" : 383.9244,
  "t_11" : -0.115399666,
  "fy" : 728.4895,
  "timestamp" : 61581417574
}