{
  "t_01" : 0.8876954,
  "t_22" : 0.8682126,
  "t_10" : -0.9794332,
  "t_03" : 1.5067221,
  "timestamp" : 61589418011,
  "t_13" : -0.11170838,
  "manual_keyframe" : false,
  "t_12" : 0.18560717,
  "fx" : 726.8235,
  "fy" : 726.8235,
  "cy" : 383.96173,
  "t_21" : -0.45358136,
  "t_23" : 0.46505773,
  "blur_score" : 723.40454,
  "center_depth" : 0.5197598,
  "width" : 1024,
  "t_20" : 0.20117287,
  "t_00" : 0.015492008,
  "t_11" : -0.079123415,
  "cx" : 515.6751,
  "height" : 768,
  "t_02" : 0.46017012,
  "angular_velocity" : 3.4028235e+38
}