{
  "blur_score" : 1013.9714,
  "t_12" : 0.28455493,
  "t_00" : 0.28922224,
  "t_23" : 0.13588163,
  "t_10" : -0.9567367,
  "t_21" : -0.9504262,
  "width" : 1024,
  "t_02" : 0.907383,
  "cy" : 384.1461,
  "t_11" : 0.060691956,
  "t_03" : 1.6677626,
  "t_20" : 0.031709787,
  "cx" : 515.45013,
  "height" : 768,
  "timestamp" : 61586751198,
  "t_13" : 0.13899724,
  "fx" : 725.5719,
  "angular_velocity" : 3.4028235e+38,
  "manual_keyframe" : false,
  "t_22" : 0.30932915,
  "t_01" : 0.30496973,
  "fy" : 725.5719
}