{
  "height" : 768,
  "center_depth" : 0.56713444,
  "t_13" : -0.32992715,
  "cx" : 515.7292,
  "manual_keyframe" : false,
  "t_10" : -0.9775133,
  "t_20" : 0.20832948,
  "t_11" : -0.057406228,
  "t_21" : -0.41192114,
  "angular_velocity" : 3.4028235e+38,
  "timestamp" : 61590051379,
  "t_00" : 0.032658543,
  "t_02" : 0.41461778,
  "t_22" : 0.8870849,
  "cy" : 383.66412,
  "fx" : 727.0283,
  "t_01" : 0.90940934,
  "t_03" : 1.5104318,
  "t_23" : 0.51215124,
  "width" : 1024,
  "blur_score" : 656.9571,
  "t_12" : 0.20290954,
  "fy" : 727.0283
}