{
  "t_10" : -0.9918928,
  "height" : 768,
  "t_11" : -0.060752623,
  "t_03" : 0.72111464,
  "width" : 1024,
  "t_23" : 0.3843741,
  "t_13" : 0.029638533,
  "cx" : 515.6053,
  "t_00" : -0.124499455,
  "cy" : 383.83356,
  "t_12" : 0.11161405,
  "t_01" : 0.64058834,
  "angular_velocity" : 3.4028235e+38,
  "t_20" : 0.025464926,
  "t_02" : -0.75772434,
  "t_22" : 0.6429587,
  "t_21" : 0.7654772,
  "fy" : 729.3217,
  "blur_score" : 1055.6467,
  "timestamp" : 61595951700,
  "manual_keyframe" : false,
  "fx" : 729.3217
}