{
  "cy" : 383.6052,
  "fy" : 727.0268,
  "cx" : 515.76636,
  "t_02" : 0.386064,
  "t_13" : -0.34851965,
  "t_22" : 0.9015921,
  "t_23" : 0.5417882,
  "angular_velocity" : 3.4028235e+38,
  "width" : 1024,
  "height" : 768,
  "manual_keyframe" : false,
  "center_depth" : 0.5803678,
  "t_20" : 0.19470134,
  "blur_score" : 691.06586,
  "timestamp" : 61590184720,
  "t_11" : -0.038465444,
  "t_01" : 0.9215732,
  "t_10" : -0.9800175,
  "t_00" : 0.040707715,
  "fx" : 727.0268,
  "t_03" : 1.4841001,
  "t_12" : 0.19515671,
  "t_21" : -0.38629383
}