{
  "width" : 1024,
  "t_01" : 0.9764748,
  "manual_keyframe" : false,
  "blur_score" : 811.8892,
  "t_20" : 0.13833839,
  "height" : 768,
  "timestamp" : 61592051489,
  "t_02" : -0.068798915,
  "angular_velocity" : 3.4028235e+38,
  "t_22" : 0.985486,
  "t_12" : 0.15519027,
  "cx" : 516.12665,
  "cy" : 383.66943,
  "fy" : 724.1473,
  "t_11" : -0.19187793,
  "t_03" : 1.1518116,
  "fx" : 724.1473,
  "t_13" : -0.7488131,
  "t_10" : -0.96907115,
  "t_00" : -0.20436156,
  "t_21" : 0.09838597,
  "t_23" : 0.8192385
}