{
  "height" : 768,
  "fx" : 721.55536,
  "t_10" : -0.98759884,
  "cy" : 383.60913,
  "t_02" : -0.9172792,
  "t_13" : 0.20767732,
  "t_20" : -0.15604727,
  "cx" : 515.6998,
  "timestamp" : 61597085096,
  "width" : 1024,
  "manual_keyframe" : false,
  "t_22" : 0.39058283,
  "t_23" : 0.37355852,
  "t_00" : 0.01725707,
  "t_21" : 0.90724546,
  "fy" : 721.55536,
  "blur_score" : 605.856,
  "t_01" : 0.39787078,
  "center_depth" : 2.6122952,
  "t_11" : -0.13639858,
  "t_12" : -0.07774304,
  "t_03" : 0.63703877,
  "angular_velocity" : 3.4028235e+38
}