{
  "angular_velocity" : 3.4028235e+38,
  "t_10" : -0.9856759,
  "t_01" : 0.8927188,
  "fy" : 727.4747,
  "t_12" : 0.074652486,
  "t_03" : 0.76374876,
  "t_20" : 0.0034486745,
  "t_21" : 0.42447942,
  "center_depth" : 0.5577072,
  "height" : 768,
  "t_23" : 0.5557914,
  "manual_keyframe" : false,
  "width" : 1024,
  "blur_score" : 1606.7273,
  "t_11" : -0.1512285,
  "timestamp" : 61594384948,
  "t_00" : -0.16861542,
  "t_13" : -0.22205544,
  "cx" : 515.5195,
  "t_22" : 0.9054308,
  "cy" : 383.48532,
  "fx" : 727.4747,
  "t_02" : -0.41787758
}