{
  "manual_keyframe" : false,
  "t_11" : -0.06580483,
  "t_13" : -0.7606708,
  "t_22" : 0.9963463,
  "t_01" : 0.9977465,
  "fy" : 725.5623,
  "t_20" : 0.084395684,
  "t_12" : 0.08336194,
  "angular_velocity" : 3.4028235e+38,
  "t_21" : -0.013084125,
  "t_23" : 0.7619957,
  "t_03" : 1.2870839,
  "cy" : 383.79294,
  "t_10" : -0.99434423,
  "width" : 1024,
  "t_02" : 0.01856377,
  "blur_score" : 726.475,
  "height" : 768,
  "t_00" : -0.06447369,
  "timestamp" : 61591384786,
  "cx" : 515.6154,
  "fx" : 725.5623
}