{
  "t_01" : 0.93615574,
  "t_22" : 0.9623822,
  "t_10" : -0.9722678,
  "t_03" : 0.8356798,
  "timestamp" : 61593818251,
  "t_13" : -0.38880557,
  "manual_keyframe" : false,
  "fx" : 728.7372,
  "t_12" : 0.06970911,
  "fy" : 728.7372,
  "cy" : 383.24762,
  "t_21" : 0.2716177,
  "t_23" : 0.6101057,
  "blur_score" : 1383.0812,
  "center_depth" : 0.5152884,
  "width" : 1024,
  "t_20" : 0.006634967,
  "t_00" : -0.23377614,
  "t_11" : -0.22323968,
  "cx" : 515.5358,
  "height" : 768,
  "t_02" : -0.26260397,
  "angular_velocity" : 3.4028235e+38
}