{
  "t_01" : 0.9885459,
  "t_11" : -0.083417766,
  "t_13" : -0.41570184,
  "t_10" : -0.9743003,
  "t_21" : -0.12576954,
  "t_03" : 1.3563069,
  "cy" : 383.90387,
  "cx" : 515.5449,
  "angular_velocity" : 3.4028235e+38,
  "width" : 1024,
  "t_00" : -0.05440601,
  "height" : 768,
  "timestamp" : 61590684748,
  "t_20" : 0.21858309,
  "manual_keyframe" : false,
  "t_02" : 0.14077103,
  "fy" : 726.1818,
  "fx" : 726.1818,
  "t_23" : 0.7019842,
  "blur_score" : 781.82043,
  "t_22" : 0.9676792,
  "t_12" : 0.20923686
}