{
  "t_23" : -0.050488763,
  "t_02" : -0.9817379,
  "t_22" : 0.15905806,
  "t_13" : -0.06846642,
  "t_03" : 0.26498455,
  "blur_score" : 1337.2467,
  "t_11" : -0.08627961,
  "fy" : 720.4817,
  "cx" : 515.59985,
  "t_10" : -0.99079007,
  "t_20" : -0.06900924,
  "cy" : 383.81577,
  "t_21" : 0.9848543,
  "center_depth" : 0.7212138,
  "angular_velocity" : 3.4028235e+38,
  "width" : 1024,
  "timestamp" : 61600418612,
  "manual_keyframe" : false,
  "t_12" : 0.104359165,
  "fx" : 720.4817,
  "t_00" : -0.11650205,
  "t_01" : 0.15039138,
  "height" : 768
}