{
  "t_22" : -0.3919038,
  "t_13" : 0.16049197,
  "t_03" : 0.4744988,
  "t_12" : 0.16383904,
  "blur_score" : 940.2899,
  "height" : 768,
  "t_00" : -0.17989604,
  "t_10" : -0.9836761,
  "cy" : 384.14755,
  "t_21" : 0.9199959,
  "fy" : 719.7559,
  "t_23" : -0.3051006,
  "width" : 1024,
  "timestamp" : 61605652236,
  "cx" : 515.26355,
  "manual_keyframe" : false,
  "fx" : 719.7559,
  "angular_velocity" : 3.4028235e+38,
  "center_depth" : 0.7046364,
  "t_20" : 0.0043259165,
  "t_02" : -0.90529984,
  "t_01" : -0.38479763,
  "t_11" : 0.07441821
}