{
  "t_11" : -0.052968323,
  "t_00" : -0.28177983,
  "cy" : 384.58167,
  "t_21" : 0.9090601,
  "timestamp" : 61606152264,
  "t_10" : -0.94186866,
  "width" : 1024,
  "t_13" : 0.06738412,
  "cx" : 515.1982,
  "fx" : 722.521,
  "blur_score" : 1132.077,
  "center_depth" : 0.6145902,
  "t_22" : -0.37433398,
  "t_02" : -0.86590767,
  "t_01" : -0.41328412,
  "manual_keyframe" : false,
  "height" : 768,
  "t_23" : -0.45412606,
  "fy" : 722.521,
  "t_12" : 0.33177963,
  "t_03" : 0.5593502,
  "t_20" : -0.18298493,
  "angular_velocity" : 3.4028235e+38
}