{
  "timestamp" : 61604518840,
  "angular_velocity" : 3.4028235e+38,
  "t_03" : 0.14549588,
  "t_11" : -0.10773464,
  "t_02" : -0.8528183,
  "t_10" : -0.99403775,
  "t_12" : 0.016802328,
  "t_21" : 0.8470279,
  "t_00" : 0.041998677,
  "t_23" : -0.021221418,
  "center_depth" : 2.3399196,
  "fy" : 717.78485,
  "width" : 1024,
  "t_20" : -0.10062396,
  "cx" : 515.51605,
  "manual_keyframe" : false,
  "fx" : 717.78485,
  "t_22" : -0.5219372,
  "t_13" : -0.28807962,
  "t_01" : -0.520516,
  "blur_score" : 1115.1667,
  "height" : 768,
  "cy" : 383.84445
}