{
  "blur_score" : 1889.678,
  "t_02" : -0.9757399,
  "t_20" : -0.3014466,
  "t_00" : -0.18225643,
  "t_13" : -0.14422716,
  "t_11" : -0.28283766,
  "cx" : 515.5735,
  "width" : 1024,
  "t_23" : -0.103078306,
  "fy" : 722.756,
  "t_22" : -0.061977614,
  "t_10" : -0.935902,
  "t_03" : 0.18811119,
  "center_depth" : 0.7412569,
  "timestamp" : 61601518673,
  "manual_keyframe" : false,
  "height" : 768,
  "fx" : 722.756,
  "t_12" : 0.20997693,
  "t_21" : 0.95146656,
  "angular_velocity" : 3.4028235e+38,
  "cy" : 383.52585,
  "t_01" : -0.12130182
}