{
  "t_02" : 0.92144054,
  "t_03" : 0.15589096,
  "center_depth" : 0.38608468,
  "timestamp" : 60468006722,
  "height" : 768,
  "t_21" : -0.9451696,
  "t_00" : 0.21232443,
  "t_12" : 0.23386015,
  "t_11" : 0.028083943,
  "t_20" : -0.101968765,
  "t_10" : -0.9718645,
  "fy" : 734.89954,
  "t_01" : -0.32536986,
  "t_22" : -0.31025264,
  "angular_velocity" : 3.4028235e+38,
  "blur_score" : 116.89524,
  "t_23" : -0.33343002,
  "t_13" : -0.06418094,
  "cy" : 384.30612,
  "manual_keyframe" : false,
  "fx" : 734.89954,
  "cx" : 515.4006,
  "width" : 1024
}