{
  "cx" : 514.7601,
  "t_01" : -0.8571955,
  "cy" : 384.03714,
  "angular_velocity" : 3.4028235e+38,
  "t_20" : -0.4956386,
  "height" : 768,
  "timestamp" : 60477540718,
  "t_23" : -0.4892236,
  "t_02" : -0.39829856,
  "t_10" : -0.80484056,
  "fx" : 733.4352,
  "t_11" : 0.031129906,
  "t_13" : 0.18349892,
  "t_00" : -0.32645673,
  "t_21" : 0.51404923,
  "t_22" : -0.7000684,
  "manual_keyframe" : false,
  "fy" : 733.4352,
  "width" : 1024,
  "blur_score" : 97.25323,
  "t_03" : -0.45468065,
  "t_12" : 0.592674
}