{
  "width" : 1024,
  "cy" : 384.22922,
  "t_03" : -0.23018534,
  "t_20" : -0.28050792,
  "t_11" : 0.031177921,
  "height" : 768,
  "manual_keyframe" : false,
  "timestamp" : 60474540513,
  "t_12" : 0.28080392,
  "angular_velocity" : 3.4028235e+38,
  "blur_score" : 132.99226,
  "t_02" : -0.004284238,
  "fx" : 731.1466,
  "cx" : 515.3845,
  "t_10" : -0.9592587,
  "fy" : 731.1466,
  "t_01" : -0.99942154,
  "t_22" : -0.95975566,
  "t_21" : 0.013583244,
  "t_00" : -0.03373742,
  "t_13" : -0.074829906,
  "t_23" : -0.67353314
}