{
  "height" : 768,
  "timestamp" : 60478207430,
  "t_03" : -0.56828326,
  "t_22" : -0.539554,
  "manual_keyframe" : false,
  "fy" : 733.9196,
  "t_13" : 0.14052734,
  "t_20" : -0.33168834,
  "blur_score" : 111.41235,
  "cx" : 514.6506,
  "cy" : 384.2082,
  "t_02" : -0.6235042,
  "t_21" : 0.7738633,
  "t_10" : -0.8234998,
  "t_01" : -0.63199025,
  "fx" : 733.9196,
  "width" : 1024,
  "t_00" : -0.46025074,
  "t_23" : -0.49317443,
  "t_11" : 0.04152104,
  "t_12" : 0.56579494,
  "angular_velocity" : 3.4028235e+38
}