{
  "cy" : 384.18622,
  "t_20" : -0.23733848,
  "t_21" : 0.84618586,
  "t_22" : -0.47711638,
  "t_23" : -0.49317676,
  "t_10" : -0.8586703,
  "height" : 768,
  "timestamp" : 60478474115,
  "fy" : 733.7767,
  "t_12" : 0.5103752,
  "blur_score" : 118.33636,
  "t_13" : 0.12992461,
  "width" : 1024,
  "fx" : 733.7767,
  "manual_keyframe" : false,
  "center_depth" : 0.49157268,
  "angular_velocity" : 3.4028235e+38,
  "t_11" : 0.04693159,
  "t_01" : -0.53081733,
  "t_00" : -0.45426404,
  "cx" : 514.8309,
  "t_02" : -0.7154559,
  "t_03" : -0.63249695
}