{
  "t_00" : -0.123301685,
  "t_13" : 0.08982743,
  "fy" : 732.1804,
  "blur_score" : 94.99178,
  "fx" : 732.1804,
  "t_10" : -0.9299418,
  "t_22" : -0.8988938,
  "t_11" : 0.027730508,
  "width" : 1024,
  "t_21" : 0.26830032,
  "timestamp" : 60475907274,
  "cy" : 384.23068,
  "t_01" : -0.9629361,
  "t_23" : -0.6111837,
  "height" : 768,
  "angular_velocity" : 3.4028235e+38,
  "cx" : 515.2791,
  "t_12" : 0.3666597,
  "t_20" : -0.3464174,
  "manual_keyframe" : false,
  "t_02" : -0.23989737,
  "t_03" : -0.3391893
}