{
  "t_10" : -0.9749006,
  "t_20" : -0.010659133,
  "fx" : 735.68884,
  "t_21" : 0.9948802,
  "angular_velocity" : 3.4028235e+38,
  "timestamp" : 60480840941,
  "t_02" : -0.96978116,
  "t_23" : -0.32665247,
  "blur_score" : 98.9267,
  "t_22" : -0.10049788,
  "width" : 1024,
  "cx" : 515.4308,
  "t_01" : -0.10034515,
  "t_00" : -0.22238514,
  "t_13" : -0.0779166,
  "manual_keyframe" : false,
  "cy" : 384.1021,
  "height" : 768,
  "t_03" : -0.7687036,
  "t_11" : 0.012012199,
  "center_depth" : 0.430468,
  "t_12" : 0.22231615,
  "fy" : 735.68884
}