{
  "t_21" : 0.38966691,
  "t_01" : 0.91824204,
  "t_00" : -0.07926317,
  "height" : 768,
  "timestamp" : 60487108018,
  "t_11" : 0.07064754,
  "t_13" : 0.010254707,
  "angular_velocity" : 3.4028235e+38,
  "fy" : 735.1648,
  "blur_score" : 109.51902,
  "cy" : 384.16208,
  "t_23" : 0.12844664,
  "fx" : 735.1648,
  "t_22" : 0.84952486,
  "manual_keyframe" : false,
  "t_12" : 0.3574334,
  "cx" : 515.29767,
  "t_03" : -0.49596775,
  "t_10" : -0.9312627,
  "width" : 1024,
  "t_02" : -0.38800615,
  "t_20" : 0.3556221
}