{
  "t_02" : -0.6699934,
  "cx" : 514.739,
  "height" : 768,
  "t_11" : 0.05408354,
  "fx" : 731.64996,
  "timestamp" : 60485274567,
  "manual_keyframe" : false,
  "width" : 1024,
  "t_23" : 0.039583173,
  "t_03" : -0.6004279,
  "center_depth" : 0.4478277,
  "cy" : 384.2631,
  "t_13" : 0.11554092,
  "t_12" : 0.45487624,
  "t_22" : 0.5866825,
  "t_21" : 0.7327454,
  "t_00" : -0.30157867,
  "t_20" : 0.3448011,
  "t_10" : -0.88891083,
  "fy" : 731.64996,
  "angular_velocity" : 3.4028235e+38,
  "t_01" : 0.6783502,
  "blur_score" : 116.999794
}