{
  "blur_score" : 121.37433,
  "height" : 768,
  "timestamp" : 60481407645,
  "manual_keyframe" : false,
  "t_23" : -0.24904886,
  "fy" : 733.8688,
  "t_10" : -0.95679224,
  "t_12" : 0.28643468,
  "t_11" : 0.050038476,
  "t_01" : 0.071658894,
  "t_00" : -0.2826154,
  "t_20" : 0.06839005,
  "t_22" : 0.05442104,
  "fx" : 733.8688,
  "width" : 1024,
  "cy" : 384.12686,
  "t_13" : -0.08447524,
  "t_03" : -0.7440067,
  "center_depth" : 0.31324264,
  "t_02" : -0.95655286,
  "t_21" : 0.99617326,
  "cx" : 515.46405,
  "angular_velocity" : 3.4028235e+38
}