{
  "t_13" : 0.00578985,
  "t_10" : -0.92819387,
  "t_02" : -0.22231561,
  "fy" : 736.29553,
  "height" : 768,
  "t_20" : 0.37078705,
  "manual_keyframe" : false,
  "cy" : 384.25708,
  "angular_velocity" : 3.4028235e+38,
  "blur_score" : 87.93714,
  "cx" : 515.25305,
  "t_11" : 0.05427132,
  "t_00" : -0.031191988,
  "t_23" : 0.11161815,
  "t_22" : 0.9028095,
  "timestamp" : 60487674721,
  "t_12" : 0.36811766,
  "fx" : 736.29553,
  "t_01" : 0.97447556,
  "t_21" : 0.21783434,
  "t_03" : -0.4610019,
  "width" : 1024
}