{
  "height" : 768,
  "blur_score" : 111.095665,
  "t_13" : 0.10240571,
  "t_00" : -0.3449406,
  "cx" : 515.33765,
  "t_01" : 0.48957515,
  "t_23" : -0.076991364,
  "t_12" : 0.41172588,
  "fx" : 732.1106,
  "t_02" : -0.80083203,
  "t_22" : 0.43491337,
  "width" : 1024,
  "t_10" : -0.9107528,
  "timestamp" : 60483041088,
  "manual_keyframe" : false,
  "fy" : 732.1106,
  "t_11" : 0.031798452,
  "angular_velocity" : 3.4028235e+38,
  "t_21" : 0.87138104,
  "cy" : 384.23233,
  "center_depth" : 0.4488884,
  "t_03" : -0.656506,
  "t_20" : 0.22703604
}