{
  "cy" : 384.30795,
  "width" : 1024,
  "t_12" : 0.38825533,
  "timestamp" : 60494508495,
  "t_00" : 0.271369,
  "t_02" : 0.5321554,
  "t_21" : -0.59493685,
  "t_01" : 0.80197823,
  "fy" : 733.3923,
  "t_03" : -0.08282785,
  "cx" : 515.20386,
  "t_10" : -0.91998744,
  "angular_velocity" : 3.4028235e+38,
  "t_11" : 0.05367215,
  "blur_score" : 118.3287,
  "center_depth" : 0.38197228,
  "height" : 768,
  "t_23" : 0.07739764,
  "fx" : 733.3923,
  "t_13" : 0.02002142,
  "t_22" : 0.752375,
  "manual_keyframe" : false,
  "t_20" : 0.28281048
}