{
  "timestamp" : 60496308610,
  "t_02" : 0.8169376,
  "t_00" : 0.37760535,
  "t_11" : 0.037794597,
  "blur_score" : 115.59616,
  "t_12" : 0.40258124,
  "width" : 1024,
  "t_13" : -0.039215207,
  "t_03" : -0.0015543662,
  "cx" : 515.132,
  "t_10" : -0.91460365,
  "t_23" : -0.044125047,
  "t_01" : 0.43592095,
  "height" : 768,
  "t_22" : 0.41296634,
  "fy" : 736.0128,
  "angular_velocity" : 3.4028235e+38,
  "manual_keyframe" : false,
  "cy" : 384.29214,
  "t_20" : 0.14461777,
  "t_21" : -0.899191,
  "fx" : 736.0128
}