{
  "angular_velocity" : 3.4028235e+38,
  "t_03" : 0.048426982,
  "height" : 768,
  "t_00" : 0.3766286,
  "t_13" : -0.04265774,
  "timestamp" : 60496641965,
  "t_22" : 0.30765262,
  "manual_keyframe" : false,
  "t_20" : 0.077208415,
  "t_11" : 0.048566528,
  "fx" : 736.00977,
  "fy" : 736.00977,
  "t_02" : 0.8717215,
  "t_10" : -0.9231413,
  "t_21" : -0.94836116,
  "blur_score" : 110.30431,
  "width" : 1024,
  "cx" : 515.1776,
  "t_12" : 0.3813811,
  "cy" : 384.23105,
  "t_01" : 0.31345263,
  "t_23" : -0.07309389
}