{
  "t_01" : -0.09013772,
  "fy" : 737.98065,
  "t_22" : -0.058323547,
  "fx" : 737.98065,
  "blur_score" : 93.37752,
  "t_13" : -0.030987067,
  "t_10" : -0.9055037,
  "t_00" : 0.41495535,
  "t_20" : -0.08874181,
  "t_21" : -0.9943456,
  "cx" : 515.26447,
  "cy" : 384.23206,
  "manual_keyframe" : false,
  "t_03" : 0.11778084,
  "height" : 768,
  "timestamp" : 60498375410,
  "t_23" : -0.23632517,
  "t_11" : 0.0561421,
  "t_02" : 0.90536577,
  "t_12" : 0.42060804,
  "angular_velocity" : 3.4028235e+38,
  "width" : 1024
}