{
  "center_depth" : 0.39618164,
  "t_10" : -0.85705626,
  "cx" : 515.04236,
  "t_13" : 0.060297564,
  "fy" : 736.98004,
  "t_20" : -0.23229766,
  "t_21" : -0.8968799,
  "t_23" : -0.34654486,
  "t_11" : 0.005794594,
  "width" : 1024,
  "fx" : 736.98004,
  "t_03" : 0.06221472,
  "cy" : 384.1153,
  "t_12" : 0.5151901,
  "t_00" : 0.45988283,
  "timestamp" : 60499608821,
  "manual_keyframe" : false,
  "height" : 768,
  "t_01" : -0.4422361,
  "angular_velocity" : 3.4028235e+38,
  "t_02" : 0.7700226,
  "blur_score" : 99.46707,
  "t_22" : -0.37635642
}