{
  "t_00" : -0.033557072,
  "t_22" : -0.8516004,
  "t_02" : 0.11413838,
  "fy" : 733.63367,
  "cx" : 514.96045,
  "t_21" : -0.08038893,
  "t_11" : 0.08769982,
  "t_20" : -0.5179909,
  "t_23" : -0.61590254,
  "blur_score" : 135.84738,
  "manual_keyframe" : false,
  "fx" : 733.63367,
  "height" : 768,
  "t_03" : -0.24066545,
  "width" : 1024,
  "t_10" : -0.85472775,
  "timestamp" : 60505475855,
  "t_12" : 0.51161444,
  "t_13" : -0.038949635,
  "angular_velocity" : 3.4028235e+38,
  "t_01" : -0.99289805,
  "cy" : 384.22424
}