{
  "t_03" : -0.11371432,
  "t_10" : -0.84693646,
  "t_21" : -0.32642108,
  "angular_velocity" : 3.4028235e+38,
  "width" : 1024,
  "t_00" : 0.14504105,
  "cx" : 514.89764,
  "fx" : 738.2554,
  "cy" : 384.2571,
  "t_02" : 0.29456127,
  "t_20" : -0.5115288,
  "height" : 768,
  "timestamp" : 60504109103,
  "manual_keyframe" : false,
  "t_22" : -0.79485065,
  "t_13" : 0.040319204,
  "fy" : 738.2554,
  "t_12" : 0.5305149,
  "blur_score" : 77.65669,
  "t_23" : -0.5675614,
  "t_11" : 0.035390567,
  "center_depth" : 0.35757932,
  "t_01" : -0.94456154
}