{
  "fx" : 736.8784,
  "blur_score" : 102.97716,
  "t_23" : -0.6209601,
  "cy" : 384.22958,
  "t_21" : -0.2489278,
  "t_00" : 0.10261512,
  "fy" : 736.8784,
  "cx" : 514.86017,
  "t_20" : -0.51200545,
  "t_01" : -0.9679603,
  "t_22" : -0.82212245,
  "t_02" : 0.22917853,
  "timestamp" : 60504409121,
  "t_11" : 0.032978468,
  "height" : 768,
  "t_12" : 0.5211447,
  "t_13" : 0.01243443,
  "t_10" : -0.8528309,
  "center_depth" : 0.44803196,
  "angular_velocity" : 3.4028235e+38,
  "t_03" : -0.14974383,
  "width" : 1024,
  "manual_keyframe" : false
}