{
  "t_03" : -0.37352577,
  "t_13" : 0.030850746,
  "t_23" : -0.5506386,
  "t_20" : -0.43581328,
  "height" : 768,
  "fy" : 734.8392,
  "timestamp" : 60507342637,
  "width" : 1024,
  "t_01" : -0.8879342,
  "t_12" : 0.52659863,
  "cy" : 384.21487,
  "manual_keyframe" : false,
  "t_02" : -0.33978915,
  "angular_velocity" : 3.4028235e+38,
  "t_00" : -0.3100259,
  "cx" : 515.03064,
  "blur_score" : 99.598366,
  "fx" : 734.8392,
  "t_11" : 0.0935044,
  "t_21" : 0.4503662,
  "t_10" : -0.84495604,
  "t_22" : -0.7792542
}