{
  "timestamp" : 60508009344,
  "fy" : 735.9811,
  "cx" : 514.82275,
  "manual_keyframe" : false,
  "angular_velocity" : 3.4028235e+38,
  "blur_score" : 97.638916,
  "t_03" : -0.4544077,
  "cy" : 384.34402,
  "fx" : 735.9811,
  "t_01" : -0.76090646,
  "t_21" : 0.6488517,
  "t_11" : -0.003563499,
  "t_13" : 0.056620635,
  "t_00" : -0.34676668,
  "t_02" : -0.54842865,
  "t_20" : -0.41128197,
  "t_22" : -0.6401863,
  "t_12" : 0.53794736,
  "width" : 1024,
  "height" : 768,
  "t_10" : -0.84297085,
  "t_23" : -0.5281258
}