{
  "t_22" : -0.8822063,
  "angular_velocity" : 3.4028235e+38,
  "height" : 768,
  "t_13" : -0.0328321,
  "t_01" : -0.98514104,
  "t_21" : 0.15490015,
  "t_00" : -0.13657317,
  "t_11" : 0.074180566,
  "fy" : 733.6432,
  "t_10" : -0.88522863,
  "t_20" : -0.44465497,
  "manual_keyframe" : false,
  "t_23" : -0.6413611,
  "timestamp" : 60505809209,
  "t_02" : -0.10413722,
  "blur_score" : 108.02075,
  "t_03" : -0.25483772,
  "width" : 1024,
  "t_12" : 0.4592031,
  "fx" : 733.6432,
  "cx" : 514.9541,
  "cy" : 384.35287
}