{
  "t_12" : 0.5370901,
  "t_01" : -0.8393272,
  "t_00" : -0.31445232,
  "t_22" : -0.7175546,
  "manual_keyframe" : false,
  "t_13" : 0.060130067,
  "fy" : 736.2288,
  "width" : 1024,
  "t_20" : -0.4365908,
  "cy" : 384.38412,
  "t_11" : 0.0320297,
  "t_03" : -0.41197774,
  "t_10" : -0.8429166,
  "cx" : 514.86914,
  "fx" : 736.2288,
  "t_02" : -0.4434519,
  "t_21" : 0.5426823,
  "angular_velocity" : 3.4028235e+38,
  "blur_score" : 97.22446,
  "height" : 768,
  "t_23" : -0.52653384,
  "timestamp" : 60507809332
}