{
  "cy" : 384.21252,
  "t_10" : -0.8602378,
  "fy" : 730.54626,
  "fx" : 730.54626,
  "t_22" : 0.8476029,
  "t_12" : 0.50505567,
  "t_11" : 0.07007022,
  "t_20" : 0.47904852,
  "t_01" : 0.97108614,
  "t_21" : -0.22821449,
  "t_13" : 0.07273972,
  "blur_score" : 152.5638,
  "t_03" : -0.267139,
  "t_00" : 0.17465277,
  "angular_velocity" : 3.4028235e+38,
  "width" : 1024,
  "height" : 768,
  "timestamp" : 60515576468,
  "t_02" : 0.1627517,
  "t_23" : 0.20853522,
  "center_depth" : 0.44380254,
  "manual_keyframe" : false,
  "cx" : 515.0679
}