{
  "manual_keyframe" : false,
  "t_00" : 0.45597836,
  "t_10" : -0.85321885,
  "width" : 1024,
  "t_20" : 0.25318217,
  "t_01" : 0.54569113,
  "fy" : 733.0905,
  "t_22" : 0.4853374,
  "timestamp" : 60517709926,
  "t_23" : -0.008717005,
  "fx" : 733.0905,
  "cy" : 384.1834,
  "t_11" : 0.043299083,
  "t_13" : 0.10221834,
  "t_21" : -0.8368669,
  "blur_score" : 111.54878,
  "cx" : 515.0127,
  "t_03" : 0.015213692,
  "center_depth" : 0.39138186,
  "t_02" : 0.703068,
  "height" : 768,
  "angular_velocity" : 3.4028235e+38,
  "t_12" : 0.51975244
}