{
  "t_21" : 0.9030347,
  "t_02" : -0.71801966,
  "t_22" : 0.31432763,
  "blur_score" : 156.62836,
  "height" : 768,
  "cy" : 384.10388,
  "t_01" : 0.42791158,
  "t_23" : -0.06603728,
  "timestamp" : 60511642899,
  "fy" : 729.02466,
  "t_12" : 0.6210039,
  "t_13" : 0.23125796,
  "angular_velocity" : 3.4028235e+38,
  "width" : 1024,
  "center_depth" : 0.5274574,
  "t_20" : 0.29279086,
  "manual_keyframe" : false,
  "t_10" : -0.7829011,
  "t_00" : -0.5489438,
  "fx" : 729.02466,
  "t_11" : 0.037681405,
  "t_03" : -0.71300215,
  "cx" : 514.5683
}