{
  "timestamp" : 60520910110,
  "t_01" : -0.5020157,
  "manual_keyframe" : false,
  "fy" : 733.69244,
  "height" : 768,
  "t_23" : -0.43596715,
  "t_10" : -0.85137516,
  "t_12" : 0.5242621,
  "t_11" : 0.017594889,
  "blur_score" : 117.95763,
  "center_depth" : 0.37424573,
  "t_21" : -0.8646794,
  "width" : 1024,
  "t_22" : -0.41955757,
  "t_20" : -0.27622613,
  "fx" : 733.69244,
  "t_02" : 0.74102676,
  "t_13" : 0.10542242,
  "cy" : 384.15085,
  "angular_velocity" : 3.4028235e+38,
  "cx" : 515.09784,
  "t_03" : 0.014583115,
  "t_00" : 0.4459366
}