{
  "cx" : 515.0705,
  "t_13" : 0.08076311,
  "t_00" : 0.20336753,
  "t_20" : -0.4465267,
  "blur_score" : 135.58546,
  "t_22" : -0.8260595,
  "width" : 1024,
  "t_12" : 0.48879364,
  "t_11" : -0.042722322,
  "t_21" : -0.34385952,
  "t_02" : 0.28054622,
  "angular_velocity" : 3.4028235e+38,
  "fy" : 733.78143,
  "height" : 768,
  "t_23" : -0.624507,
  "manual_keyframe" : false,
  "timestamp" : 60522876889,
  "cy" : 383.87976,
  "fx" : 733.78143,
  "t_10" : -0.8713527,
  "t_03" : -0.22537258,
  "t_01" : -0.93804866
}