{
  "timestamp" : 60520210070,
  "t_13" : 0.20252621,
  "t_02" : 0.794148,
  "t_11" : 0.083687074,
  "t_00" : 0.47089353,
  "cx" : 514.6505,
  "manual_keyframe" : false,
  "fx" : 734.12134,
  "t_20" : -0.27310067,
  "height" : 768,
  "t_22" : -0.28285646,
  "t_21" : -0.91946095,
  "t_23" : -0.36567783,
  "cy" : 384.43262,
  "width" : 1024,
  "t_12" : 0.53788584,
  "blur_score" : 105.4229,
  "t_01" : -0.38417208,
  "t_10" : -0.8388536,
  "fy" : 734.12134,
  "t_03" : 0.10810841,
  "angular_velocity" : 3.4028235e+38
}