{
  "width" : 1024,
  "cy" : 383.84894,
  "manual_keyframe" : false,
  "t_01" : -0.8228177,
  "height" : 768,
  "t_13" : 0.07763711,
  "t_20" : -0.27268073,
  "t_00" : 0.29003665,
  "t_23" : -0.5575447,
  "angular_velocity" : 3.4028235e+38,
  "t_10" : -0.91734624,
  "t_12" : 0.3869486,
  "t_22" : -0.7819342,
  "t_11" : -0.09352434,
  "blur_score" : 98.84993,
  "fy" : 736.49884,
  "cx" : 515.0754,
  "fx" : 736.49884,
  "t_02" : 0.4887226,
  "t_21" : -0.56055707,
  "timestamp" : 60521843497,
  "t_03" : -0.050377425
}