{
  "fy" : 732.3488,
  "t_03" : -0.2481632,
  "t_13" : 0.093993485,
  "t_02" : 0.08119211,
  "angular_velocity" : 3.4028235e+38,
  "blur_score" : 138.37218,
  "cx" : 515.0629,
  "fx" : 732.3488,
  "height" : 768,
  "t_11" : -0.03934482,
  "t_01" : -0.9924667,
  "t_20" : -0.4910303,
  "center_depth" : 0.41673198,
  "t_22" : -0.8633814,
  "manual_keyframe" : false,
  "cy" : 383.85614,
  "t_23" : -0.64919746,
  "t_12" : 0.4979761,
  "t_10" : -0.8662977,
  "t_00" : 0.09174692,
  "t_21" : -0.116024345,
  "width" : 1024,
  "timestamp" : 60523143571
}