{
  "cx" : 515.2016,
  "width" : 1024,
  "fy" : 723.6089,
  "t_03" : 1.0065973,
  "t_02" : -0.645604,
  "t_20" : 0.19974536,
  "cy" : 384.03915,
  "t_22" : 0.7016623,
  "t_23" : 1.0032587,
  "blur_score" : 173.29488,
  "t_12" : 0.3014387,
  "t_10" : -0.9529838,
  "fx" : 723.6089,
  "t_01" : 0.72888374,
  "t_21" : 0.6839383,
  "t_11" : -0.030929772,
  "t_00" : -0.22786772,
  "angular_velocity" : 3.4028235e+38,
  "manual_keyframe" : false,
  "timestamp" : 60119622928,
  "height" : 768,
  "t_13" : -0.33142024,
  "center_depth" : 0.603303
}