{
  "t_01" : 0.1906687,
  "width" : 1024,
  "t_22" : 0.18015477,
  "blur_score" : 309.81546,
  "center_depth" : 0.8955831,
  "cy" : 384.13165,
  "angular_velocity" : 3.4028235e+38,
  "t_23" : 0.53242844,
  "t_12" : 0.40188226,
  "t_20" : 0.064003766,
  "timestamp" : 60111555634,
  "cx" : 515.1311,
  "t_02" : -0.8977944,
  "fx" : 720.7231,
  "t_21" : 0.98155373,
  "t_13" : -0.22740224,
  "t_10" : -0.91558343,
  "t_11" : -0.0140595725,
  "height" : 768,
  "t_03" : 0.67620087,
  "manual_keyframe" : false,
  "fy" : 720.7231,
  "t_00" : -0.39700192
}