{
  "t_21" : -0.36357662,
  "angular_velocity" : 3.4028235e+38,
  "width" : 1024,
  "height" : 768,
  "t_01" : 0.9251019,
  "timestamp" : 60126940153,
  "t_00" : 0.00044836843,
  "t_10" : -0.95717424,
  "t_20" : 0.28951207,
  "fx" : 721.7999,
  "manual_keyframe" : false,
  "t_11" : -0.10953604,
  "t_02" : 0.37971818,
  "blur_score" : 208.09465,
  "t_12" : 0.26799127,
  "cx" : 515.2485,
  "fy" : 721.7999,
  "cy" : 383.67142,
  "t_03" : 2.0018263,
  "t_13" : -0.44646272,
  "t_22" : 0.88543457,
  "t_23" : 1.18382
}