{
  "t_10" : -0.9647908,
  "t_22" : 0.71635246,
  "angular_velocity" : 3.4028235e+38,
  "width" : 1024,
  "height" : 768,
  "timestamp" : 60129290329,
  "blur_score" : 154.5622,
  "fy" : 723.315,
  "cx" : 515.3783,
  "t_02" : 0.6479387,
  "t_00" : 0.13773042,
  "t_20" : 0.22407378,
  "t_21" : -0.6607798,
  "t_13" : -0.3551724,
  "t_23" : 0.9656052,
  "t_12" : 0.25887135,
  "manual_keyframe" : false,
  "t_11" : -0.046522573,
  "cy" : 384.02722,
  "t_03" : 2.173912,
  "t_01" : 0.7491365,
  "fx" : 723.315
}