{
  "angular_velocity" : 3.4028235e+38,
  "cy" : 383.91824,
  "blur_score" : 175.0202,
  "t_12" : 0.24505186,
  "t_13" : -0.4493609,
  "width" : 1024,
  "height" : 768,
  "manual_keyframe" : false,
  "fx" : 722.41455,
  "cx" : 515.45966,
  "t_21" : -0.5715958,
  "t_23" : 1.004594,
  "t_00" : 0.10321747,
  "timestamp" : 60128890299,
  "t_01" : 0.819203,
  "fy" : 722.41455,
  "t_10" : -0.9683828,
  "t_20" : 0.22711484,
  "t_03" : 2.1476462,
  "t_11" : -0.04673963,
  "t_02" : 0.56413865,
  "t_22" : 0.7884776
}