{
  "t_10" : -0.8502786,
  "width" : 1024,
  "timestamp" : 60136190839,
  "t_20" : -0.07661496,
  "t_23" : 0.31595033,
  "fy" : 721.57916,
  "t_00" : 0.520727,
  "t_22" : -0.11225727,
  "t_02" : 0.8428578,
  "t_21" : -0.9907211,
  "height" : 768,
  "t_13" : -0.21433084,
  "cy" : 384.14697,
  "t_01" : -0.13577218,
  "t_11" : 0.006120136,
  "cx" : 514.9572,
  "t_03" : 2.3849735,
  "fx" : 721.57916,
  "angular_velocity" : 3.4028235e+38,
  "manual_keyframe" : false,
  "t_12" : 0.52629745,
  "blur_score" : 235.43489
}