{
  "timestamp" : 60135507456,
  "t_12" : 0.51473045,
  "t_22" : 0.06073618,
  "t_23" : 0.38224897,
  "cy" : 384.191,
  "t_21" : -0.9978593,
  "t_10" : -0.8572878,
  "t_01" : 0.06454811,
  "t_02" : 0.85519797,
  "cx" : 514.93976,
  "manual_keyframe" : false,
  "fx" : 722.1461,
  "angular_velocity" : 3.4028235e+38,
  "height" : 768,
  "t_20" : 0.024245087,
  "center_depth" : 0.8249691,
  "width" : 1024,
  "t_13" : -0.25569975,
  "t_00" : 0.51426625,
  "t_03" : 2.3985825,
  "t_11" : 0.010500216,
  "blur_score" : 221.74867,
  "fy" : 722.1461
}