{
  "t_12" : 0.2917144,
  "t_10" : -0.95514387,
  "height" : 768,
  "fx" : 729.29944,
  "t_21" : -0.8132086,
  "center_depth" : 0.58966225,
  "t_00" : 0.20952003,
  "t_02" : 0.78740865,
  "t_22" : 0.5430378,
  "blur_score" : 91.87296,
  "cx" : 515.14404,
  "t_03" : 2.2683618,
  "width" : 1024,
  "t_20" : 0.20928797,
  "t_11" : -0.05101789,
  "fy" : 729.29944,
  "t_01" : 0.5797315,
  "cy" : 384.13074,
  "t_23" : 0.7881101,
  "timestamp" : 60131173803,
  "angular_velocity" : 3.4028235e+38,
  "manual_keyframe" : false,
  "t_13" : -0.37275633
}