{
  "t_01" : -0.72583693,
  "width" : 1024,
  "t_22" : -0.64465904,
  "blur_score" : 103.609634,
  "cy" : 384.14938,
  "angular_velocity" : 3.4028235e+38,
  "t_23" : -0.14529443,
  "t_12" : 0.4272364,
  "t_20" : -0.3360487,
  "timestamp" : 60143074674,
  "fx" : 726.1023,
  "t_02" : 0.6339426,
  "cx" : 515.0444,
  "t_21" : -0.686648,
  "t_13" : -0.35104066,
  "t_11" : 0.040925935,
  "t_10" : -0.90321314,
  "height" : 768,
  "t_03" : 2.2053494,
  "manual_keyframe" : false,
  "fy" : 726.1023,
  "t_00" : 0.2669778
}