{
  "fx" : 725.30676,
  "angular_velocity" : 3.4028235e+38,
  "t_22" : -0.73509365,
  "blur_score" : 128.96767,
  "width" : 1024,
  "manual_keyframe" : false,
  "cx" : 515.01843,
  "cy" : 384.58157,
  "fy" : 725.30676,
  "t_12" : 0.3778511,
  "t_03" : 2.181788,
  "t_02" : 0.56290805,
  "t_23" : -0.47502154,
  "t_13" : -0.14279829,
  "t_10" : -0.92580634,
  "t_00" : 0.22067745,
  "t_01" : -0.79651463,
  "t_20" : -0.30689397,
  "t_21" : -0.6045271,
  "height" : 768,
  "timestamp" : 60145508184,
  "t_11" : 0.010534487
}