{
  "cx" : 515.3126,
  "t_22" : -0.5917037,
  "fy" : 724.69366,
  "blur_score" : 136.7048,
  "t_20" : -0.20788707,
  "angular_velocity" : 3.4028235e+38,
  "width" : 1024,
  "t_13" : -0.29103866,
  "manual_keyframe" : false,
  "t_12" : 0.29304624,
  "t_10" : -0.9555486,
  "cy" : 384.1208,
  "t_00" : -0.20906925,
  "fx" : 724.69366,
  "t_01" : -0.62632215,
  "height" : 768,
  "t_02" : -0.7510063,
  "t_23" : -0.24070053,
  "timestamp" : 60158042406,
  "t_03" : 1.0455124,
  "t_21" : 0.77888995,
  "t_11" : -0.03241746
}