{
  "fy" : 722.67505,
  "t_11" : -0.09890394,
  "t_10" : -0.9316874,
  "t_21" : 0.6723417,
  "t_03" : 1.0555812,
  "t_01" : 0.73360366,
  "blur_score" : 258.95343,
  "t_13" : -0.42170316,
  "t_22" : 0.7137141,
  "t_12" : 0.34953755,
  "center_depth" : 1.0134331,
  "width" : 1024,
  "height" : 768,
  "cx" : 515.24744,
  "timestamp" : 60168676463,
  "t_02" : -0.60698867,
  "fx" : 722.67505,
  "angular_velocity" : 3.4028235e+38,
  "manual_keyframe" : false,
  "t_23" : 0.95296586,
  "t_00" : -0.30559787,
  "cy" : 383.8999,
  "t_20" : 0.19638848
}