{
  "t_12" : 0.19620427,
  "t_21" : 0.98937696,
  "fy" : 724.9509,
  "fx" : 724.9509,
  "t_02" : -0.97189087,
  "t_20" : -0.06481687,
  "t_13" : -0.35837662,
  "t_10" : -0.9798113,
  "timestamp" : 60162409373,
  "angular_velocity" : 3.4028235e+38,
  "t_00" : -0.18912524,
  "height" : 768,
  "manual_keyframe" : false,
  "blur_score" : 155.81082,
  "t_11" : -0.03838578,
  "t_23" : 0.34838507,
  "t_01" : -0.14021137,
  "t_03" : 0.88050395,
  "width" : 1024,
  "cx" : 515.4183,
  "t_22" : -0.13012098,
  "cy" : 384.12234
}