{
  "t_13" : -0.5851083,
  "t_23" : 0.95911527,
  "blur_score" : 235.63199,
  "manual_keyframe" : false,
  "t_12" : 0.39691925,
  "t_22" : 0.6677022,
  "t_00" : -0.22899294,
  "t_01" : 0.74224883,
  "t_21" : 0.66793644,
  "t_10" : -0.9162576,
  "height" : 768,
  "cy" : 384.43045,
  "t_11" : 0.054101925,
  "width" : 1024,
  "timestamp" : 60171243301,
  "fy" : 722.98944,
  "fx" : 722.98944,
  "cx" : 514.90674,
  "t_02" : -0.62978446,
  "t_20" : 0.32868552,
  "t_03" : 1.1124341,
  "angular_velocity" : 3.4028235e+38
}