{
  "cy" : 384.2894,
  "t_03" : 1.1655877,
  "fy" : 723.9138,
  "t_20" : 0.35414368,
  "height" : 768,
  "fx" : 723.9138,
  "t_00" : -0.202531,
  "t_21" : 0.592226,
  "angular_velocity" : 3.4028235e+38,
  "t_12" : 0.4047234,
  "width" : 1024,
  "timestamp" : 60173126762,
  "cx" : 515.3779,
  "t_22" : 0.72377515,
  "t_11" : 0.051337387,
  "t_10" : -0.912997,
  "t_02" : -0.5588814,
  "t_13" : -0.18164402,
  "t_23" : 0.96895313,
  "blur_score" : 183.34732,
  "manual_keyframe" : false,
  "t_01" : 0.8041347
}