{
  "cy" : 384.1503,
  "t_22" : 0.9188815,
  "fx" : 723.5739,
  "t_13" : -0.4443422,
  "t_02" : 0.038281005,
  "t_20" : 0.39403695,
  "blur_score" : 207.00629,
  "height" : 768,
  "fy" : 723.5739,
  "width" : 1024,
  "t_11" : -0.051045593,
  "manual_keyframe" : false,
  "cx" : 515.1439,
  "t_01" : 0.99850017,
  "t_00" : -0.039136115,
  "t_03" : 1.7624232,
  "t_23" : 1.1163573,
  "center_depth" : 0.6521953,
  "t_12" : 0.39267173,
  "t_10" : -0.91826093,
  "angular_velocity" : 3.4028235e+38,
  "t_21" : -0.019784333,
  "timestamp" : 60178910481
}