{
  "t_10" : -0.86137986,
  "fx" : 723.0038,
  "t_02" : -0.059800953,
  "angular_velocity" : 3.4028235e+38,
  "t_22" : 0.8593283,
  "blur_score" : 221.77127,
  "t_12" : 0.5079157,
  "timestamp" : 60176693667,
  "t_11" : 0.0068007205,
  "t_13" : -0.1486528,
  "t_03" : 1.6351264,
  "t_23" : 0.9499588,
  "manual_keyframe" : false,
  "width" : 1024,
  "fy" : 723.0038,
  "t_21" : 0.06541995,
  "height" : 768,
  "cy" : 384.25168,
  "cx" : 514.78546,
  "t_20" : 0.5072225,
  "t_00" : -0.02738379,
  "t_01" : 0.9978343
}