{
  "t_13" : -0.18428133,
  "center_depth" : 1.1591944,
  "t_01" : 0.21628542,
  "t_00" : 0.35467756,
  "cy" : 384.19458,
  "t_21" : -0.97628516,
  "t_11" : 0.009354076,
  "t_20" : 0.06964145,
  "t_22" : 0.20498033,
  "fx" : 722.06836,
  "t_10" : -0.93239146,
  "blur_score" : 217.9818,
  "fy" : 722.06836,
  "t_12" : 0.361329,
  "timestamp" : 60186427640,
  "width" : 1024,
  "manual_keyframe" : false,
  "t_02" : 0.9096285,
  "t_23" : 0.37689742,
  "angular_velocity" : 3.4028235e+38,
  "height" : 768,
  "t_03" : 2.46418,
  "cx" : 515.1008
}