{
  "fy" : 724.7047,
  "t_03" : 2.4817173,
  "cy" : 384.11993,
  "angular_velocity" : 3.4028235e+38,
  "t_01" : 0.4564537,
  "t_20" : 0.1572901,
  "cx" : 515.1505,
  "t_21" : -0.889312,
  "blur_score" : 163.52689,
  "fx" : 724.7047,
  "width" : 1024,
  "manual_keyframe" : false,
  "t_10" : -0.91863966,
  "t_22" : 0.4293992,
  "t_23" : 0.49128053,
  "t_02" : 0.8125816,
  "t_13" : -0.29323897,
  "center_depth" : 1.2050935,
  "timestamp" : 60185744262,
  "t_12" : 0.39411566,
  "t_11" : 0.027819298,
  "t_00" : 0.3624374,
  "height" : 768
}