{
  "cy" : 383.65628,
  "t_03" : 2.2910435,
  "t_20" : 0.28025153,
  "angular_velocity" : 3.4028235e+38,
  "blur_score" : 197.66005,
  "manual_keyframe" : false,
  "height" : 768,
  "t_12" : 0.2743829,
  "fy" : 723.8678,
  "t_11" : -0.09491521,
  "t_02" : 0.5518349,
  "t_21" : -0.5488777,
  "t_00" : 0.075854786,
  "cx" : 515.23395,
  "t_23" : 0.9320539,
  "width" : 1024,
  "timestamp" : 60182094024,
  "t_01" : 0.8304963,
  "t_22" : 0.78752273,
  "t_13" : -0.47820684,
  "t_10" : -0.9569248,
  "fx" : 723.8678
}