{
  "t_22" : -0.21310703,
  "angular_velocity" : 3.4028235e+38,
  "t_12" : 0.59661967,
  "width" : 1024,
  "manual_keyframe" : false,
  "t_21" : -0.94261676,
  "t_11" : 0.08276955,
  "cx" : 514.3846,
  "t_00" : 0.54474497,
  "height" : 768,
  "blur_score" : 205.21806,
  "t_03" : 2.2198355,
  "t_10" : -0.79824436,
  "timestamp" : 60189277825,
  "fy" : 722.09375,
  "t_01" : -0.32345396,
  "t_23" : 0.05211463,
  "t_13" : -0.15884367,
  "fx" : 722.09375,
  "cy" : 384.43195,
  "t_02" : 0.773712,
  "t_20" : -0.2570189
}