{
  "fx" : 726.43274,
  "height" : 768,
  "cy" : 384.09198,
  "t_12" : 0.6171924,
  "t_21" : 0.31852046,
  "manual_keyframe" : false,
  "t_11" : -0.021465419,
  "fy" : 726.43274,
  "blur_score" : 105.08853,
  "width" : 1024,
  "t_00" : -0.1806721,
  "t_13" : -0.25032365,
  "t_01" : -0.9476727,
  "t_02" : -0.26319873,
  "t_20" : -0.5905462,
  "t_10" : -0.78651935,
  "t_22" : -0.7414849,
  "t_23" : -0.2929335,
  "angular_velocity" : 3.4028235e+38,
  "timestamp" : 60197578357,
  "cx" : 514.7653,
  "t_03" : 1.4565412
}