{
  "t_10" : -0.8804315,
  "t_22" : -0.87642086,
  "angular_velocity" : 3.4028235e+38,
  "width" : 1024,
  "height" : 768,
  "timestamp" : 60195711572,
  "blur_score" : 123.595055,
  "fy" : 724.7095,
  "cx" : 515.07947,
  "t_02" : 0.08766178,
  "t_00" : 0.07566074,
  "t_20" : -0.46809807,
  "t_21" : -0.113005474,
  "t_13" : -0.14914906,
  "t_23" : -0.41314983,
  "t_12" : 0.47349915,
  "manual_keyframe" : false,
  "cy" : 383.98846,
  "t_11" : -0.025276344,
  "t_03" : 1.6876636,
  "fx" : 724.7095,
  "t_01" : -0.99327266
}