{
  "t_00" : 0.08147655,
  "t_02" : -0.08052225,
  "cx" : 514.9037,
  "t_01" : -0.99341714,
  "t_11" : -0.11166598,
  "t_03" : 1.6056004,
  "angular_velocity" : 3.4028235e+38,
  "t_21" : 0.025553416,
  "t_20" : -0.5275995,
  "height" : 768,
  "manual_keyframe" : false,
  "t_10" : -0.845577,
  "blur_score" : 125.51255,
  "timestamp" : 60196428284,
  "t_23" : -0.38090175,
  "t_13" : -0.21249156,
  "t_22" : -0.84910876,
  "fx" : 724.6905,
  "cy" : 383.69388,
  "width" : 1024,
  "fy" : 724.6905,
  "t_12" : 0.52204436
}