{
  "fx" : 725.3035,
  "center_depth" : 0.8012633,
  "fy" : 725.3035,
  "manual_keyframe" : false,
  "t_01" : -0.9595613,
  "t_12" : 0.39376706,
  "height" : 768,
  "t_02" : 0.24023373,
  "t_11" : -0.041831333,
  "t_21" : -0.27837393,
  "cy" : 383.9579,
  "t_10" : -0.9182579,
  "blur_score" : 115.29735,
  "t_00" : 0.14672987,
  "width" : 1024,
  "t_23" : -0.48284826,
  "timestamp" : 60195261543,
  "cx" : 515.0911,
  "t_03" : 1.7997175,
  "t_13" : -0.19718006,
  "t_20" : -0.3677943,
  "t_22" : -0.8872626,
  "angular_velocity" : 3.4028235e+38
}