{
  "cy" : 384.30753,
  "t_12" : 0.63267106,
  "cx" : 514.44464,
  "center_depth" : 0.7175745,
  "manual_keyframe" : false,
  "t_00" : -0.2213525,
  "angular_velocity" : 3.4028235e+38,
  "t_13" : -0.38904172,
  "height" : 768,
  "t_11" : -0.005869509,
  "t_03" : 1.3556231,
  "width" : 1024,
  "t_20" : -0.5927142,
  "fx" : 726.1421,
  "t_02" : -0.27960604,
  "t_23" : -0.22347593,
  "t_21" : 0.35656983,
  "blur_score" : 118.04721,
  "t_10" : -0.77439845,
  "timestamp" : 60197828373,
  "fy" : 726.1421,
  "t_22" : -0.7221827,
  "t_01" : -0.93425024
}