{
  "timestamp" : 60193078070,
  "t_13" : -0.17610598,
  "t_01" : -0.8060131,
  "t_22" : -0.6998302,
  "t_21" : -0.58037895,
  "fy" : 723.2071,
  "t_02" : 0.42069513,
  "t_23" : -0.32109365,
  "t_11" : -0.11620164,
  "angular_velocity" : 3.4028235e+38,
  "manual_keyframe" : false,
  "fx" : 723.2071,
  "t_20" : -0.41641045,
  "t_03" : 2.0071476,
  "t_12" : 0.5772808,
  "cx" : 514.5652,
  "blur_score" : 149.41933,
  "cy" : 384.1102,
  "width" : 1024,
  "t_00" : 0.4163631,
  "t_10" : -0.8082351,
  "height" : 768
}