{
  "t_10" : -0.8906512,
  "t_20" : -0.26953182,
  "height" : 768,
  "width" : 1024,
  "t_12" : 0.4543532,
  "t_23" : -0.13154349,
  "manual_keyframe" : false,
  "angular_velocity" : 3.4028235e+38,
  "t_11" : 0.017417392,
  "t_21" : 0.7845447,
  "fy" : 725.89594,
  "t_03" : 1.3325851,
  "t_00" : -0.3661868,
  "t_22" : -0.55842805,
  "blur_score" : 165.36284,
  "cx" : 514.9763,
  "fx" : 725.89594,
  "timestamp" : 60198961778,
  "t_01" : -0.6198274,
  "t_02" : -0.69406116,
  "cy" : 383.96384,
  "t_13" : -0.42655814
}