{
  "cy" : 384.00748,
  "t_02" : -0.88808864,
  "timestamp" : 60203145372,
  "t_10" : -0.955324,
  "manual_keyframe" : false,
  "t_13" : -0.40064043,
  "t_11" : -0.0030184924,
  "t_00" : -0.2735779,
  "fy" : 721.58234,
  "t_01" : -0.3693962,
  "angular_velocity" : 3.4028235e+38,
  "blur_score" : 264.81012,
  "t_12" : 0.2955454,
  "t_03" : 0.8271207,
  "t_22" : -0.3520672,
  "width" : 1024,
  "t_20" : -0.11185403,
  "t_21" : 0.92926705,
  "t_23" : 0.11182445,
  "cx" : 515.3044,
  "fx" : 721.58234,
  "height" : 768
}