{
  "cy" : 384.08136,
  "t_10" : -0.9413325,
  "fx" : 722.4002,
  "t_00" : -0.2433201,
  "t_02" : -0.8063454,
  "cx" : 515.2495,
  "blur_score" : 189.91386,
  "height" : 768,
  "t_01" : -0.53907543,
  "fy" : 722.4002,
  "t_03" : 1.0846015,
  "t_13" : -0.4672332,
  "t_20" : -0.2338558,
  "t_22" : -0.49061322,
  "t_23" : -0.24907863,
  "width" : 1024,
  "manual_keyframe" : false,
  "t_21" : 0.8394105,
  "timestamp" : 60201395263,
  "t_12" : 0.33031136,
  "angular_velocity" : 3.4028235e+38,
  "t_11" : -0.06919252
}