{
  "t_22" : -0.44114333,
  "height" : 768,
  "timestamp" : 60200528542,
  "t_10" : -0.97426933,
  "cy" : 384.14575,
  "angular_velocity" : 3.4028235e+38,
  "t_23" : -0.2592897,
  "center_depth" : 0.9286053,
  "t_13" : -0.28549674,
  "t_12" : 0.22360432,
  "manual_keyframe" : false,
  "t_21" : 0.8942736,
  "fy" : 724.6889,
  "t_01" : -0.44662532,
  "t_03" : 1.0969583,
  "t_02" : -0.8691337,
  "cx" : 515.4154,
  "fx" : 724.6889,
  "t_00" : -0.2124433,
  "blur_score" : 156.23358,
  "width" : 1024,
  "t_20" : -0.07527972,
  "t_11" : 0.028289817
}