{
  "t_10" : -0.9620421,
  "t_22" : -0.1732444,
  "angular_velocity" : 3.4028235e+38,
  "width" : 1024,
  "height" : 768,
  "timestamp" : 60204062096,
  "blur_score" : 157.47708,
  "fy" : 722.683,
  "cx" : 515.19824,
  "t_02" : -0.9465821,
  "t_00" : -0.2632433,
  "t_20" : -0.071958825,
  "t_21" : 0.98224646,
  "t_13" : -0.34046084,
  "t_23" : 0.35817754,
  "t_12" : 0.2719714,
  "manual_keyframe" : false,
  "cy" : 384.1366,
  "t_11" : -0.022509512,
  "t_03" : 0.78368455,
  "t_01" : -0.18623918,
  "fx" : 722.683
}