{
  "t_10" : -0.9024587,
  "t_23" : 0.7230811,
  "t_11" : -0.015438891,
  "t_13" : -0.23719,
  "t_03" : 0.8382562,
  "height" : 768,
  "cy" : 384.1268,
  "width" : 1024,
  "angular_velocity" : 3.4028235e+38,
  "cx" : 515.1222,
  "timestamp" : 60205928878,
  "t_01" : 0.3601329,
  "manual_keyframe" : false,
  "t_02" : -0.83959574,
  "t_12" : 0.4304994,
  "fx" : 723.89636,
  "t_00" : -0.40667298,
  "fy" : 723.89636,
  "t_20" : 0.1420746,
  "blur_score" : 167.48343,
  "t_21" : 0.93277305,
  "t_22" : 0.33128372
}