{
  "manual_keyframe" : false,
  "width" : 1024,
  "t_11" : -0.065455735,
  "t_10" : -0.9820625,
  "fy" : 722.6766,
  "t_20" : -0.05454313,
  "t_21" : 0.996335,
  "t_01" : 0.055062026,
  "t_12" : 0.17682947,
  "angular_velocity" : 3.4028235e+38,
  "t_22" : 0.065888725,
  "blur_score" : 1682.3481,
  "t_23" : -0.09943193,
  "timestamp" : 61518380646,
  "t_13" : -0.56264704,
  "t_03" : 0.025866177,
  "cy" : 384.0009,
  "t_02" : -0.9820335,
  "fx" : 722.6766,
  "height" : 768,
  "cx" : 515.23706,
  "t_00" : -0.18049422
}