{
  "timestamp" : 61528781272,
  "t_02" : -0.19040106,
  "t_13" : -0.74963313,
  "fy" : 727.89075,
  "center_depth" : 0.5408468,
  "width" : 1024,
  "t_12" : 0.23745853,
  "angular_velocity" : 3.4028235e+38,
  "t_21" : 0.19384152,
  "blur_score" : 853.82074,
  "t_23" : -0.8576707,
  "t_01" : -0.98099136,
  "cy" : 384.10034,
  "t_00" : -0.037456248,
  "fx" : 727.89075,
  "t_10" : -0.971356,
  "height" : 768,
  "t_03" : 0.99822515,
  "t_22" : -0.9525548,
  "cx" : 515.5457,
  "t_11" : -0.009000093,
  "t_20" : -0.23465843,
  "manual_keyframe" : false
}