{
  "t_13" : -0.20830789,
  "t_02" : -0.27280527,
  "t_23" : -0.6610551,
  "t_03" : 0.8406599,
  "height" : 768,
  "cy" : 384.1964,
  "fy" : 726.8012,
  "blur_score" : 1452.9492,
  "t_10" : -0.9618506,
  "t_01" : -0.960362,
  "t_11" : -0.020127282,
  "t_22" : -0.9225718,
  "t_20" : -0.26751006,
  "timestamp" : 61526547807,
  "fx" : 726.8012,
  "angular_velocity" : 3.4028235e+38,
  "width" : 1024,
  "cx" : 515.4604,
  "t_12" : 0.27283373,
  "t_00" : -0.05728646,
  "t_21" : 0.2780276,
  "manual_keyframe" : false
}