{
  "t_21" : 0.27800405,
  "t_12" : 0.2649379,
  "height" : 768,
  "timestamp" : 61526847825,
  "t_10" : -0.9637776,
  "angular_velocity" : 3.4028235e+38,
  "t_00" : -0.04531793,
  "t_03" : 0.8690539,
  "manual_keyframe" : false,
  "fy" : 728.1988,
  "t_11" : -0.030669099,
  "t_22" : -0.9239233,
  "t_20" : -0.2628288,
  "t_13" : -0.27044168,
  "cx" : 515.4589,
  "t_02" : -0.27599487,
  "t_23" : -0.67904156,
  "fx" : 728.1988,
  "cy" : 383.98538,
  "t_01" : -0.96009,
  "blur_score" : 1358.7081,
  "width" : 1024
}