{
  "blur_score" : 1817.928,
  "t_10" : -0.93634623,
  "t_21" : 0.39158523,
  "t_02" : -0.36797205,
  "timestamp" : 61525281064,
  "t_00" : -0.13398491,
  "t_01" : -0.9201329,
  "t_13" : 0.014097755,
  "width" : 1024,
  "cy" : 384.29822,
  "cx" : 515.2259,
  "t_12" : 0.3510545,
  "fy" : 725.2813,
  "t_03" : 0.77370965,
  "t_22" : -0.8610209,
  "height" : 768,
  "angular_velocity" : 3.4028235e+38,
  "manual_keyframe" : false,
  "t_20" : -0.3245052,
  "t_11" : -0.004045032,
  "t_23" : -0.67436236,
  "fx" : 725.2813
}