{
  "t_21" : -0.2329263,
  "blur_score" : 718.1001,
  "angular_velocity" : 3.4028235e+38,
  "timestamp" : 61532748167,
  "cx" : 515.6424,
  "center_depth" : 0.5342588,
  "width" : 1024,
  "t_03" : 1.37178,
  "height" : 768,
  "cy" : 384.1483,
  "manual_keyframe" : false,
  "fy" : 730.2159,
  "t_02" : 0.23264416,
  "t_23" : -0.64121616,
  "t_10" : -0.9951972,
  "t_01" : -0.97245586,
  "t_22" : -0.9676614,
  "t_12" : 0.09750874,
  "t_11" : 0.008639226,
  "t_13" : -0.271104,
  "t_20" : -0.09683282,
  "fx" : 730.2159,
  "t_00" : 0.014352508
}