{
  "t_00" : 0.013465844,
  "cx" : 515.67426,
  "t_10" : -0.99724597,
  "t_11" : -0.023381557,
  "t_13" : -0.45089254,
  "blur_score" : 506.7284,
  "timestamp" : 61531114740,
  "t_01" : -0.9903142,
  "width" : 1024,
  "t_20" : -0.07293328,
  "height" : 768,
  "t_23" : -0.84856653,
  "manual_keyframe" : false,
  "cy" : 384.17,
  "angular_velocity" : 3.4028235e+38,
  "t_12" : 0.07038391,
  "t_21" : 0.13686131,
  "fx" : 722.6941,
  "t_02" : -0.13818966,
  "t_03" : 1.3052788,
  "t_22" : -0.9879016,
  "fy" : 722.6941
}