{
  "t_13" : -0.6108536,
  "t_02" : -0.25419652,
  "t_00" : 0.06388752,
  "t_23" : -0.8984418,
  "manual_keyframe" : false,
  "blur_score" : 531.68207,
  "height" : 768,
  "t_22" : -0.96709824,
  "t_20" : -0.0062235026,
  "t_12" : -0.010242374,
  "cy" : 383.82642,
  "t_01" : -0.96504,
  "timestamp" : 61530548041,
  "t_03" : 1.1939608,
  "t_21" : 0.25432667,
  "fx" : 724.1426,
  "t_10" : -0.9979377,
  "fy" : 724.1426,
  "width" : 1024,
  "angular_velocity" : 3.4028235e+38,
  "cx" : 515.5652,
  "t_11" : -0.06336751
}