{
  "t_22" : -0.72015226,
  "t_10" : -0.925545,
  "fx" : 724.94775,
  "height" : 768,
  "t_11" : 0.041680988,
  "t_01" : -0.78716135,
  "fy" : 724.94775,
  "t_21" : -0.61533684,
  "angular_velocity" : 3.4028235e+38,
  "center_depth" : 0.64365256,
  "t_02" : 0.58288205,
  "t_13" : 0.19814727,
  "cy" : 384.25632,
  "t_12" : 0.37633646,
  "t_23" : -0.37839067,
  "t_00" : 0.20155703,
  "t_20" : -0.32053265,
  "blur_score" : 838.46,
  "t_03" : 1.5809268,
  "timestamp" : 61536248370,
  "manual_keyframe" : false,
  "cx" : 515.35095,
  "width" : 1024
}