{
  "t_13" : 0.06970965,
  "t_22" : -0.03832715,
  "t_00" : 0.41577172,
  "t_02" : 0.9087954,
  "angular_velocity" : 3.4028235e+38,
  "cx" : 515.36255,
  "timestamp" : 61540548618,
  "t_12" : 0.4154777,
  "manual_keyframe" : false,
  "t_03" : 1.7692468,
  "cy" : 384.24228,
  "fx" : 725.27655,
  "height" : 768,
  "t_20" : -0.0003274448,
  "t_11" : -0.015637767,
  "t_21" : -0.9992651,
  "t_01" : -0.0349934,
  "t_10" : -0.9094689,
  "fy" : 725.27655,
  "t_23" : -0.059184853,
  "width" : 1024,
  "blur_score" : 1139.3651
}