{
  "cx" : 515.47046,
  "t_11" : 0.020289356,
  "fx" : 727.0394,
  "t_21" : -0.7787053,
  "t_22" : 0.6149347,
  "t_10" : -0.97464216,
  "t_00" : 0.1860093,
  "t_12" : 0.22284767,
  "height" : 768,
  "timestamp" : 61548449070,
  "t_20" : 0.124391645,
  "blur_score" : 1153.8665,
  "angular_velocity" : 3.4028235e+38,
  "width" : 1024,
  "fy" : 727.0394,
  "t_03" : 1.467697,
  "cy" : 384.1796,
  "t_13" : -0.51005435,
  "t_02" : 0.75643516,
  "t_01" : 0.6270617,
  "manual_keyframe" : false,
  "t_23" : 0.5529099
}