{
  "cx" : 515.6045,
  "fy" : 725.5496,
  "height" : 768,
  "t_10" : -0.968959,
  "manual_keyframe" : false,
  "t_23" : 0.57239115,
  "t_00" : 0.2077979,
  "t_11" : 0.015024356,
  "t_21" : -0.8070771,
  "t_22" : 0.57505465,
  "angular_velocity" : 3.4028235e+38,
  "fx" : 725.5496,
  "width" : 1024,
  "t_13" : -0.6282337,
  "t_02" : 0.7800122,
  "t_01" : 0.59025466,
  "t_03" : 1.4955076,
  "t_20" : 0.13393481,
  "t_12" : 0.24676459,
  "cy" : 384.44995,
  "blur_score" : 1022.76776,
  "timestamp" : 61547549020
}