{
  "fx" : 727.35077,
  "t_23" : 0.55320257,
  "cx" : 515.6398,
  "t_20" : 0.14561826,
  "t_02" : 0.6872129,
  "t_13" : -0.4510346,
  "t_21" : -0.7189164,
  "t_10" : -0.9654081,
  "t_01" : 0.69350976,
  "t_00" : 0.21629243,
  "t_22" : 0.6796722,
  "t_11" : 0.04693722,
  "cy" : 384.21194,
  "fy" : 727.35077,
  "t_03" : 1.4740547,
  "angular_velocity" : 3.4028235e+38,
  "t_12" : 0.2564839,
  "width" : 1024,
  "height" : 768,
  "timestamp" : 61548649082,
  "blur_score" : 1080.7825,
  "manual_keyframe" : false
}