{
  "cx" : 515.32684,
  "t_23" : 0.16413367,
  "t_03" : 1.7808939,
  "width" : 1024,
  "t_13" : -0.29988348,
  "blur_score" : 742.52997,
  "t_10" : -0.9096348,
  "center_depth" : 0.55531293,
  "t_21" : -0.923373,
  "t_00" : 0.38769606,
  "manual_keyframe" : false,
  "height" : 768,
  "t_12" : 0.41523236,
  "angular_velocity" : 3.4028235e+38,
  "cy" : 384.3147,
  "t_11" : 0.012104138,
  "t_20" : 0.14918514,
  "timestamp" : 61543048763,
  "fy" : 726.9807,
  "t_01" : 0.3837126,
  "t_02" : 0.8381265,
  "fx" : 726.9807,
  "t_22" : 0.35373116
}