{
  "t_23" : 0.295158,
  "height" : 768,
  "t_10" : -0.96571475,
  "t_22" : 0.4936008,
  "t_13" : -0.6206841,
  "t_11" : 0.008494879,
  "t_02" : 0.83008134,
  "cx" : 515.5283,
  "cy" : 384.3934,
  "t_03" : 1.7631433,
  "t_01" : 0.5091236,
  "width" : 1024,
  "fx" : 727.59375,
  "t_20" : 0.12504907,
  "t_21" : -0.86065125,
  "timestamp" : 61544782195,
  "t_12" : 0.2594664,
  "blur_score" : 614.6216,
  "angular_velocity" : 3.4028235e+38,
  "manual_keyframe" : false,
  "t_00" : 0.2275032,
  "fy" : 727.59375
}