{
  "t_21" : -0.87344706,
  "cy" : 384.2459,
  "t_22" : 0.4671377,
  "t_20" : 0.13737656,
  "fy" : 727.7891,
  "t_00" : 0.24031007,
  "t_03" : 1.758212,
  "width" : 1024,
  "t_13" : -0.7586665,
  "t_01" : 0.48690897,
  "manual_keyframe" : false,
  "cx" : 515.61053,
  "t_12" : 0.27678806,
  "blur_score" : 618.5625,
  "t_10" : -0.960926,
  "timestamp" : 61545848923,
  "t_02" : 0.8397443,
  "fx" : 727.7891,
  "t_11" : -0.0031033016,
  "angular_velocity" : 3.4028235e+38,
  "height" : 768,
  "t_23" : 0.37156165
}