{
  "fy" : 725.3321,
  "t_02" : 0.91723365,
  "t_13" : 0.01904253,
  "t_00" : 0.37980542,
  "t_11" : 0.011816713,
  "angular_velocity" : 3.4028235e+38,
  "cx" : 515.3014,
  "fx" : 725.3321,
  "t_23" : -0.018101413,
  "t_22" : 0.11553254,
  "blur_score" : 1014.4074,
  "height" : 768,
  "t_20" : 0.034956384,
  "manual_keyframe" : false,
  "width" : 1024,
  "cy" : 384.0495,
  "t_03" : 1.7604704,
  "t_01" : 0.12012526,
  "t_21" : -0.9926883,
  "timestamp" : 61541015312,
  "t_10" : -0.92440563,
  "t_12" : 0.38122758
}