{
  "t_00" : -0.15370105,
  "t_20" : 0.20792434,
  "angular_velocity" : 3.4028235e+38,
  "fx" : 726.0023,
  "manual_keyframe" : false,
  "t_13" : -0.40092325,
  "t_12" : 0.2448044,
  "t_11" : -0.0832307,
  "t_21" : 0.31275186,
  "t_01" : 0.9461812,
  "cy" : 383.9536,
  "t_03" : 0.9500256,
  "blur_score" : 972.9024,
  "cx" : 515.19366,
  "fy" : 726.0023,
  "width" : 1024,
  "t_23" : 0.7345453,
  "t_02" : -0.28481057,
  "t_10" : -0.96599346,
  "timestamp" : 61555916157,
  "t_22" : 0.92679745,
  "center_depth" : 0.5627088,
  "height" : 768
}