{
  "blur_score" : 1034.2048,
  "t_23" : 0.7093489,
  "cx" : 515.5645,
  "angular_velocity" : 3.4028235e+38,
  "fy" : 729.1835,
  "t_10" : -0.9902507,
  "t_12" : 0.13776618,
  "height" : 768,
  "t_22" : 0.9830131,
  "width" : 1024,
  "t_01" : 0.9926128,
  "cy" : 384.07538,
  "t_21" : 0.11956488,
  "t_02" : -0.1212661,
  "t_11" : 0.020588718,
  "t_03" : 0.846762,
  "fx" : 729.1835,
  "timestamp" : 61557316235,
  "t_00" : 0.0037669828,
  "manual_keyframe" : false,
  "t_13" : -0.7853606,
  "t_20" : 0.13924521
}