{
  "blur_score" : 1216.3248,
  "t_20" : 0.1993339,
  "t_11" : -0.06359222,
  "t_10" : -0.9727589,
  "t_13" : -0.27680945,
  "width" : 1024,
  "t_23" : 0.7256298,
  "fx" : 725.50684,
  "cy" : 384.02814,
  "t_03" : 0.9443512,
  "t_12" : 0.22292602,
  "t_22" : 0.94440204,
  "t_02" : -0.2416787,
  "angular_velocity" : 3.4028235e+38,
  "height" : 768,
  "t_01" : 0.9631123,
  "manual_keyframe" : false,
  "cx" : 515.0852,
  "center_depth" : 0.6459813,
  "t_21" : 0.26147774,
  "timestamp" : 61555716146,
  "fy" : 725.50684,
  "t_00" : -0.11834682
}