{
  "blur_score" : 1392.8604,
  "fx" : 725.57983,
  "timestamp" : 61555616140,
  "manual_keyframe" : false,
  "t_22" : 0.94002855,
  "t_12" : 0.27191433,
  "angular_velocity" : 3.4028235e+38,
  "width" : 1024,
  "t_01" : 0.96859926,
  "t_00" : -0.13930766,
  "cy" : 384.0792,
  "t_03" : 0.93882257,
  "cx" : 515.12415,
  "fy" : 725.57983,
  "t_02" : -0.20593336,
  "t_11" : -0.08011276,
  "height" : 768,
  "t_13" : -0.21416284,
  "t_10" : -0.958981,
  "t_20" : 0.24687816,
  "t_21" : 0.23536593,
  "t_23" : 0.71873224
}