{
  "t_23" : 0.4934891,
  "blur_score" : 1126.0067,
  "height" : 768,
  "t_01" : 0.93935984,
  "t_02" : 0.28461748,
  "t_11" : 0.08735227,
  "t_22" : 0.8959996,
  "angular_velocity" : 3.4028235e+38,
  "width" : 1024,
  "t_00" : 0.19129983,
  "t_12" : 0.3408478,
  "t_20" : 0.29531676,
  "manual_keyframe" : false,
  "cx" : 515.3744,
  "t_03" : 1.2291929,
  "timestamp" : 61551149223,
  "fy" : 730.4875,
  "cy" : 384.48047,
  "t_10" : -0.9360514,
  "center_depth" : 0.4799351,
  "fx" : 730.4875,
  "t_21" : -0.33162072,
  "t_13" : -0.014623862
}