{
  "timestamp" : 61562883211,
  "t_03" : 0.62510866,
  "t_20" : -0.118877344,
  "manual_keyframe" : false,
  "width" : 1024,
  "t_12" : 0.02229454,
  "t_01" : 0.58074266,
  "t_13" : -0.007578789,
  "fx" : 729.0882,
  "fy" : 729.0882,
  "t_10" : -0.98628205,
  "angular_velocity" : 3.4028235e+38,
  "blur_score" : 996.5409,
  "t_00" : -0.11452419,
  "center_depth" : 0.49745435,
  "t_02" : -0.80599123,
  "cx" : 515.67896,
  "t_11" : -0.16355602,
  "t_22" : 0.59150714,
  "t_23" : 0.3806448,
  "height" : 768,
  "cy" : 383.4627,
  "t_21" : 0.7974881
}