{
  "cx" : 515.97034,
  "t_13" : 0.133983,
  "t_23" : 0.13967532,
  "t_03" : 0.47878683,
  "t_10" : -0.96114874,
  "t_20" : -0.018107582,
  "angular_velocity" : 3.4028235e+38,
  "t_11" : 0.016869104,
  "t_22" : -0.123914756,
  "blur_score" : 598.9799,
  "width" : 1024,
  "t_12" : 0.27551502,
  "center_depth" : 0.48418045,
  "t_01" : -0.12408946,
  "cy" : 384.022,
  "timestamp" : 61565150004,
  "manual_keyframe" : false,
  "t_02" : -0.95327663,
  "t_00" : -0.27543634,
  "fx" : 723.1261,
  "t_21" : 0.9921275,
  "height" : 768,
  "fy" : 723.1261
}