{
  "t_10" : -0.96736306,
  "t_11" : -0.03363475,
  "cx" : 515.6569,
  "t_22" : 0.7494415,
  "fx" : 732.063,
  "t_23" : 0.4184616,
  "t_20" : 0.172348,
  "angular_velocity" : 3.4028235e+38,
  "blur_score" : 1227.9888,
  "t_13" : -0.24693356,
  "width" : 1024,
  "t_03" : 0.66120136,
  "timestamp" : 61561149782,
  "t_12" : 0.25115222,
  "t_21" : 0.6392444,
  "fy" : 732.063,
  "t_00" : -0.18575494,
  "t_01" : 0.7682676,
  "t_02" : -0.61258453,
  "manual_keyframe" : false,
  "height" : 768,
  "cy" : 384.19986
}