{
  "t_22" : 0.18402807,
  "t_03" : 0.20719963,
  "t_12" : 0.17299134,
  "cy" : 383.64038,
  "t_11" : -0.12610596,
  "t_20" : -0.09372497,
  "width" : 1024,
  "t_02" : -0.9675782,
  "t_13" : -0.10997398,
  "cx" : 515.5988,
  "t_23" : 0.047208093,
  "height" : 768,
  "t_21" : 0.97844213,
  "t_01" : 0.16354814,
  "fy" : 722.7163,
  "fx" : 722.7163,
  "t_10" : -0.9768169,
  "t_00" : -0.19246903,
  "blur_score" : 1740.2242,
  "angular_velocity" : 3.4028235e+38,
  "timestamp" : 61567316791,
  "manual_keyframe" : false
}