{
  "t_10" : -0.97925544,
  "t_23" : 0.4654132,
  "fy" : 730.24445,
  "t_00" : -0.08281921,
  "t_20" : 0.18493132,
  "t_21" : 0.45337227,
  "t_11" : 0.010241543,
  "height" : 768,
  "blur_score" : 1248.0902,
  "cx" : 515.43616,
  "t_12" : 0.20237026,
  "cy" : 384.02444,
  "t_02" : -0.44586122,
  "fx" : 730.24445,
  "t_03" : 0.64278364,
  "t_13" : -0.46681893,
  "width" : 1024,
  "manual_keyframe" : false,
  "t_22" : 0.87192523,
  "angular_velocity" : 3.4028235e+38,
  "timestamp" : 61560049720,
  "t_01" : 0.89126223
}