{
  "angular_velocity" : 3.4028235e+38,
  "blur_score" : 1179.3556,
  "t_01" : 0.8667417,
  "t_02" : -0.49134168,
  "t_03" : 0.6327753,
  "t_13" : -0.41944042,
  "fy" : 731.5119,
  "cx" : 515.5916,
  "t_12" : 0.19569091,
  "t_21" : 0.4985605,
  "t_22" : 0.84869784,
  "width" : 1024,
  "manual_keyframe" : false,
  "fx" : 731.5119,
  "t_20" : 0.17649066,
  "t_11" : 0.01399667,
  "cy" : 384.07922,
  "t_10" : -0.9805657,
  "t_00" : -0.08568484,
  "t_23" : 0.41538602,
  "height" : 768,
  "timestamp" : 61560283067
}