{
  "t_10" : -0.9896761,
  "t_12" : 0.08803914,
  "t_01" : -0.61490726,
  "t_02" : -0.7885993,
  "t_20" : -0.1433223,
  "t_23" : -0.15024428,
  "center_depth" : 2.128427,
  "manual_keyframe" : false,
  "timestamp" : 61572350406,
  "t_11" : -0.11309469,
  "t_03" : 0.19206935,
  "fx" : 718.08984,
  "angular_velocity" : 3.4028235e+38,
  "cy" : 383.78702,
  "height" : 768,
  "cx" : 515.70074,
  "t_21" : 0.78044766,
  "fy" : 718.08984,
  "t_13" : -0.70474017,
  "blur_score" : 865.0883,
  "t_22" : -0.6085722,
  "t_00" : 0.000116341624,
  "width" : 1024
}