{
  "angular_velocity" : 3.4028235e+38,
  "t_01" : -0.9587633,
  "t_12" : 0.35083923,
  "manual_keyframe" : false,
  "t_22" : -0.9146091,
  "t_20" : -0.31204098,
  "fy" : 722.5399,
  "cy" : 384.3297,
  "t_11" : 0.12104708,
  "t_21" : 0.25713903,
  "t_13" : 0.33210248,
  "t_00" : -0.20092522,
  "t_02" : -0.20100228,
  "blur_score" : 1033.2812,
  "cx" : 515.63745,
  "width" : 1024,
  "t_03" : 0.8289993,
  "fx" : 722.5399,
  "t_23" : -0.5607797,
  "height" : 768,
  "t_10" : -0.92857933,
  "timestamp" : 61577517360
}