{
  "t_22" : -0.8138027,
  "manual_keyframe" : false,
  "t_10" : -0.98226917,
  "width" : 1024,
  "t_02" : -0.57660097,
  "t_23" : -0.51226074,
  "t_01" : -0.81086284,
  "timestamp" : 61573750484,
  "fy" : 721.7046,
  "t_11" : -0.17289007,
  "height" : 768,
  "t_13" : -0.78126484,
  "cy" : 383.917,
  "fx" : 721.7046,
  "t_00" : 0.10016253,
  "t_21" : 0.5591156,
  "t_20" : -0.15847613,
  "blur_score" : 836.178,
  "t_12" : 0.072500005,
  "angular_velocity" : 3.4028235e+38,
  "t_03" : 0.44361347,
  "center_depth" : 0.6903637,
  "cx" : 515.5774
}