{
  "t_01" : -0.98432684,
  "t_23" : -0.62897563,
  "angular_velocity" : 3.4028235e+38,
  "t_11" : 0.11144419,
  "blur_score" : 1364.1869,
  "t_03" : 0.9656469,
  "t_21" : 0.13667765,
  "cx" : 515.055,
  "timestamp" : 61578350739,
  "fx" : 721.90466,
  "t_00" : -0.15751965,
  "t_13" : 0.23246019,
  "t_10" : -0.9040907,
  "t_20" : -0.39724985,
  "height" : 768,
  "t_12" : 0.41255316,
  "cy" : 384.6466,
  "t_02" : -0.07929781,
  "manual_keyframe" : false,
  "width" : 1024,
  "fy" : 721.90466,
  "t_22" : -0.9074753
}