{
  "t_22" : -0.8003926,
  "angular_velocity" : 3.4028235e+38,
  "t_00" : 0.039564475,
  "timestamp" : 61574583864,
  "t_23" : -0.47104785,
  "center_depth" : 0.69601464,
  "t_10" : -0.99897426,
  "t_11" : -0.04486817,
  "height" : 768,
  "t_12" : -0.006096636,
  "cx" : 515.88257,
  "t_01" : -0.79943734,
  "t_03" : 0.43897516,
  "blur_score" : 1283.6847,
  "cy" : 383.978,
  "width" : 1024,
  "manual_keyframe" : false,
  "t_20" : -0.022022119,
  "t_13" : -0.38316342,
  "fx" : 726.5694,
  "t_02" : -0.59944487,
  "fy" : 726.5694,
  "t_21" : 0.59907126
}