{
  "t_13" : -0.48239544,
  "t_10" : -0.9692589,
  "t_21" : -0.69331276,
  "t_23" : -0.6807119,
  "fy" : 729.0485,
  "t_01" : -0.7089162,
  "width" : 1024,
  "angular_velocity" : 3.4028235e+38,
  "t_00" : 0.23799957,
  "height" : 768,
  "t_20" : -0.06239545,
  "cx" : 515.33734,
  "cy" : 383.7753,
  "t_22" : -0.7179304,
  "manual_keyframe" : false,
  "t_03" : 1.4857819,
  "t_11" : -0.12944138,
  "t_12" : 0.20924132,
  "t_02" : 0.66392297,
  "timestamp" : 61581984272,
  "fx" : 729.0485,
  "blur_score" : 766.07056
}