{
  "t_11" : 0.02818432,
  "cx" : 515.489,
  "width" : 1024,
  "t_23" : 0.093716584,
  "t_13" : 0.122653395,
  "t_12" : 0.25329137,
  "blur_score" : 1128.0621,
  "height" : 768,
  "timestamp" : 61586417847,
  "manual_keyframe" : false,
  "t_10" : -0.96697944,
  "angular_velocity" : 3.4028235e+38,
  "t_01" : 0.1920082,
  "cy" : 384.22644,
  "fx" : 725.84985,
  "t_02" : 0.9479779,
  "t_00" : 0.2539105,
  "fy" : 725.84985,
  "t_03" : 1.715657,
  "t_20" : 0.0219159,
  "t_21" : -0.9809885,
  "t_22" : 0.19282424
}