{
  "fx" : 726.4073,
  "blur_score" : 782.90765,
  "cx" : 515.8114,
  "t_00" : 0.06850807,
  "t_02" : 0.4639031,
  "t_01" : 0.88323283,
  "cy" : 384.0496,
  "t_13" : -0.054490525,
  "angular_velocity" : 3.4028235e+38,
  "width" : 1024,
  "t_12" : 0.26574403,
  "timestamp" : 61589284670,
  "t_03" : 1.491097,
  "t_23" : 0.46771616,
  "t_20" : 0.2648543,
  "t_21" : -0.4644116,
  "t_11" : -0.06497139,
  "height" : 768,
  "fy" : 726.4073,
  "t_22" : 0.845088,
  "t_10" : -0.9618517,
  "manual_keyframe" : false
}