{
  "manual_keyframe" : false,
  "width" : 1024,
  "height" : 768,
  "t_03" : 1.6789895,
  "t_13" : -0.13555062,
  "timestamp" : 61585317787,
  "fx" : 730.1174,
  "t_21" : -0.9998062,
  "t_02" : 0.99816966,
  "cx" : 515.69586,
  "t_10" : -0.998023,
  "t_23" : -0.09245759,
  "angular_velocity" : 3.4028235e+38,
  "fy" : 730.1174,
  "t_12" : 0.06001881,
  "blur_score" : 692.194,
  "cy" : 383.79272,
  "t_22" : 0.007398934,
  "t_11" : 0.018650273,
  "t_01" : 0.006289644,
  "t_00" : 0.060145173,
  "t_20" : -0.018238643
}