{
  "cx" : 515.52203,
  "t_10" : -0.98108584,
  "t_00" : -0.005011114,
  "t_02" : 0.46264997,
  "blur_score" : 638.5444,
  "cy" : 383.94257,
  "t_21" : -0.45305103,
  "height" : 768,
  "t_01" : 0.88652664,
  "fx" : 727.0124,
  "t_20" : 0.19350821,
  "t_11" : -0.0938874,
  "t_03" : 1.5189317,
  "t_23" : 0.46374118,
  "t_12" : 0.16927995,
  "fy" : 727.0124,
  "width" : 1024,
  "t_22" : 0.87022924,
  "angular_velocity" : 3.4028235e+38,
  "manual_keyframe" : false,
  "timestamp" : 61589551352,
  "t_13" : -0.17144552
}