{
  "t_13" : -0.28622198,
  "center_depth" : 0.42144546,
  "fx" : 729.38684,
  "t_23" : -0.2083841,
  "angular_velocity" : 3.4028235e+38,
  "height" : 768,
  "manual_keyframe" : false,
  "t_01" : -0.32203776,
  "t_21" : -0.9462437,
  "t_20" : 0.008058182,
  "width" : 1024,
  "timestamp" : 61584417738,
  "blur_score" : 351.09775,
  "cx" : 515.62976,
  "t_12" : 0.06361898,
  "cy" : 384.0111,
  "t_03" : 1.6856297,
  "t_22" : -0.32335353,
  "t_11" : -0.030234905,
  "t_00" : 0.06997563,
  "t_02" : 0.94413704,
  "t_10" : -0.99751616,
  "fy" : 729.38684
}