{
  "cx" : 515.4644,
  "t_21" : -0.8970497,
  "t_13" : 0.2074664,
  "t_22" : 0.44039825,
  "cy" : 384.47876,
  "blur_score" : 830.3242,
  "t_03" : 1.5656674,
  "angular_velocity" : 3.4028235e+38,
  "t_01" : 0.42982677,
  "width" : 1024,
  "t_23" : 0.18489036,
  "height" : 768,
  "t_10" : -0.95190465,
  "t_00" : 0.3041819,
  "fx" : 726.2231,
  "fy" : 726.2231,
  "t_11" : 0.10271531,
  "t_20" : 0.036754224,
  "manual_keyframe" : false,
  "t_02" : 0.85013056,
  "timestamp" : 61587351231,
  "t_12" : 0.28866434
}