{
  "t_23" : -0.267133,
  "cx" : 515.51416,
  "t_20" : -0.013651238,
  "t_02" : 0.93744177,
  "t_12" : 0.09437102,
  "t_00" : 0.09532095,
  "angular_velocity" : 3.4028235e+38,
  "t_22" : -0.33510712,
  "blur_score" : 468.6363,
  "t_11" : -0.019145492,
  "t_10" : -0.99535304,
  "width" : 1024,
  "height" : 768,
  "timestamp" : 61584184393,
  "fx" : 728.2067,
  "cy" : 383.85693,
  "fy" : 728.2067,
  "t_13" : -0.3651415,
  "t_01" : -0.33483815,
  "t_21" : -0.9420811,
  "manual_keyframe" : false,
  "center_depth" : 0.47422257,
  "t_03" : 1.7094265
}