{
  "t_10" : -0.95635444,
  "t_22" : 0.8127238,
  "fy" : 724.17426,
  "height" : 768,
  "t_13" : 0.06063568,
  "t_01" : 0.8563542,
  "t_12" : 0.28229427,
  "t_20" : 0.2802113,
  "cy" : 384.71054,
  "t_21" : -0.5108437,
  "angular_velocity" : 3.4028235e+38,
  "blur_score" : 955.5282,
  "fx" : 724.17426,
  "t_02" : 0.5096956,
  "t_23" : 0.47389334,
  "t_03" : 1.4609488,
  "cx" : 514.9011,
  "width" : 1024,
  "timestamp" : 61588917983,
  "manual_keyframe" : false,
  "t_11" : -0.07547129,
  "t_00" : 0.08287097
}