{
  "manual_keyframe" : false,
  "t_23" : 0.7571926,
  "t_11" : -0.09132185,
  "t_02" : 0.061082784,
  "t_12" : 0.11569461,
  "t_22" : 0.9914047,
  "timestamp" : 61591184775,
  "t_00" : -0.08468063,
  "cx" : 515.28107,
  "width" : 1024,
  "angular_velocity" : 3.4028235e+38,
  "t_10" : -0.98907787,
  "t_13" : -0.6816713,
  "t_03" : 1.3076838,
  "t_01" : 0.994534,
  "cy" : 384.03583,
  "t_20" : 0.120640434,
  "t_21" : -0.05061854,
  "blur_score" : 730.6567,
  "fy" : 725.9039,
  "fx" : 725.9039,
  "height" : 768
}