{
  "fx" : 725.65137,
  "width" : 1024,
  "t_13" : -0.52777,
  "t_01" : 0.9646597,
  "manual_keyframe" : false,
  "center_depth" : 0.5713346,
  "t_12" : 0.070492685,
  "t_22" : 0.9975107,
  "cx" : 515.75226,
  "cy" : 383.4792,
  "t_20" : 0.068442404,
  "timestamp" : 61592484846,
  "t_23" : 0.77737385,
  "t_11" : -0.26295218,
  "t_03" : 1.0400277,
  "t_00" : -0.26349324,
  "fy" : 725.65137,
  "angular_velocity" : 3.4028235e+38,
  "blur_score" : 1322.5853,
  "height" : 768,
  "t_10" : -0.96223015,
  "t_02" : 0.0016769313,
  "t_21" : 0.016960748
}