{
  "manual_keyframe" : false,
  "t_20" : -0.005406644,
  "fx" : 728.64514,
  "fy" : 728.64514,
  "t_11" : -0.07794095,
  "height" : 768,
  "timestamp" : 61596285052,
  "t_02" : -0.82952076,
  "t_03" : 0.6531913,
  "t_22" : 0.54767865,
  "angular_velocity" : 3.4028235e+38,
  "width" : 1024,
  "cx" : 515.53125,
  "t_01" : 0.5421313,
  "t_13" : 0.06467238,
  "t_12" : 0.109285295,
  "cy" : 383.88733,
  "t_10" : -0.99095,
  "t_21" : 0.8366712,
  "t_23" : 0.3755711,
  "t_00" : -0.13412246,
  "blur_score" : 951.7454
}