{
  "manual_keyframe" : false,
  "t_10" : -0.9820539,
  "width" : 1024,
  "t_00" : -0.18537499,
  "t_02" : -0.9397197,
  "t_01" : 0.2873372,
  "fx" : 716.62866,
  "t_03" : 0.35193694,
  "angular_velocity" : 3.4028235e+38,
  "cy" : 384.0193,
  "center_depth" : 2.7239816,
  "t_21" : 0.95761275,
  "fy" : 716.62866,
  "t_11" : -0.020371715,
  "cx" : 515.3474,
  "t_20" : 0.034731172,
  "t_22" : 0.285957,
  "t_13" : 0.33609694,
  "t_12" : 0.18749702,
  "blur_score" : 1452.782,
  "height" : 768,
  "t_23" : 0.10319156,
  "timestamp" : 61599218546
}