{
  "height" : 768,
  "timestamp" : 61594951646,
  "t_22" : 0.88416016,
  "cx" : 515.53,
  "t_02" : -0.45373204,
  "t_00" : -0.1420108,
  "fy" : 727.0061,
  "t_12" : 0.1112999,
  "width" : 1024,
  "t_03" : 0.7420283,
  "t_20" : 0.051560182,
  "blur_score" : 1532.8934,
  "t_10" : -0.9885213,
  "t_21" : 0.46432963,
  "t_23" : 0.5096656,
  "manual_keyframe" : false,
  "t_11" : -0.10216581,
  "cy" : 383.75296,
  "t_01" : 0.8797499,
  "angular_velocity" : 3.4028235e+38,
  "fx" : 727.0061,
  "t_13" : -0.13809448
}