{
  "t_21" : -0.16969773,
  "t_20" : 0.26078185,
  "blur_score" : 757.74646,
  "t_23" : 0.7416138,
  "width" : 1024,
  "t_22" : 0.9503659,
  "t_03" : 1.3238716,
  "t_13" : -0.5288561,
  "cx" : 515.3091,
  "t_11" : -0.113387376,
  "t_02" : 0.19300784,
  "manual_keyframe" : false,
  "fy" : 726.15643,
  "cy" : 384.08417,
  "fx" : 726.15643,
  "t_10" : -0.9631152,
  "t_00" : -0.066347525,
  "height" : 768,
  "t_01" : 0.9789514,
  "t_12" : 0.24403375,
  "center_depth" : 0.6010041,
  "angular_velocity" : 3.4028235e+38,
  "timestamp" : 61590918094
}