{
  "width" : 1024,
  "t_21" : 0.93178385,
  "t_11" : -0.08730518,
  "angular_velocity" : 3.4028235e+38,
  "t_20" : -0.0891086,
  "fy" : 721.82214,
  "t_01" : -0.3523583,
  "t_03" : 0.15087721,
  "height" : 768,
  "cy" : 383.8403,
  "t_10" : -0.9959597,
  "t_13" : -0.5337689,
  "t_22" : -0.35190657,
  "manual_keyframe" : false,
  "t_02" : -0.93579876,
  "blur_score" : 1139.5015,
  "timestamp" : 61604085483,
  "t_12" : 0.021025488,
  "cx" : 516.2853,
  "t_00" : 0.011132056,
  "t_23" : -0.015858341,
  "fx" : 721.82214
}