{
  "t_02" : -0.6368544,
  "fx" : 725.0049,
  "angular_velocity" : 3.4028235e+38,
  "t_10" : -0.8468984,
  "cy" : 383.9426,
  "height" : 768,
  "t_23" : -0.55654424,
  "t_20" : -0.37675,
  "t_11" : -0.030135838,
  "timestamp" : 61607318994,
  "t_12" : 0.53090006,
  "fy" : 725.0049,
  "t_13" : -0.07403752,
  "t_21" : 0.73857826,
  "center_depth" : 0.65456957,
  "width" : 1024,
  "blur_score" : 1795.8658,
  "t_00" : -0.37526318,
  "manual_keyframe" : false,
  "t_03" : 0.52398026,
  "t_22" : -0.5590719,
  "t_01" : -0.6734937,
  "cx" : 515.091
}