{
  "t_12" : 0.115987815,
  "blur_score" : 1786.4065,
  "manual_keyframe" : false,
  "t_11" : -0.07617114,
  "t_20" : -0.093384266,
  "angular_velocity" : 3.4028235e+38,
  "t_23" : -0.043479122,
  "t_00" : -0.10263816,
  "t_03" : 0.15880966,
  "t_21" : 0.9841045,
  "width" : 1024,
  "timestamp" : 61602785410,
  "t_01" : -0.16042443,
  "cy" : 383.77795,
  "t_02" : -0.981697,
  "t_10" : -0.9903255,
  "fy" : 724.1457,
  "t_13" : -0.5664877,
  "fx" : 724.1457,
  "cx" : 515.2759,
  "t_22" : -0.15105435,
  "height" : 768
}