{
  "t_22" : -0.29408616,
  "angular_velocity" : 3.4028235e+38,
  "width" : 1024,
  "manual_keyframe" : false,
  "timestamp" : 60325744928,
  "cx" : 515.45905,
  "fy" : 732.19,
  "center_depth" : 0.52245474,
  "t_21" : -0.92605245,
  "blur_score" : 127.21218,
  "fx" : 732.19,
  "t_10" : -0.90814173,
  "cy" : 384.383,
  "t_00" : 0.345454,
  "t_02" : 0.8653672,
  "t_20" : -0.23651657,
  "t_23" : -0.63039196,
  "t_12" : 0.4057745,
  "t_13" : -0.044977374,
  "height" : 768,
  "t_01" : -0.36304435,
  "t_11" : 0.10308042,
  "t_03" : -0.3663889
}