{
  "t_00" : 0.44719818,
  "t_13" : 0.02257991,
  "t_12" : 0.47724307,
  "angular_velocity" : 3.4028235e+38,
  "width" : 1024,
  "cx" : 515.2433,
  "cy" : 384.38388,
  "t_20" : -0.19627842,
  "t_10" : -0.8726332,
  "t_01" : -0.22309513,
  "t_23" : -0.58338565,
  "t_22" : -0.14831276,
  "t_02" : 0.8661654,
  "blur_score" : 131.5042,
  "fy" : 731.06714,
  "height" : 768,
  "t_21" : -0.9692669,
  "t_11" : 0.10368438,
  "timestamp" : 60326178285,
  "t_03" : -0.37327632,
  "manual_keyframe" : false,
  "fx" : 731.06714
}