{
  "fx" : 733.0921,
  "t_22" : -0.5734682,
  "t_03" : -0.6271429,
  "t_01" : -0.74698263,
  "cx" : 515.07043,
  "t_02" : 0.5959652,
  "timestamp" : 60321761379,
  "angular_velocity" : 3.4028235e+38,
  "width" : 1024,
  "fy" : 733.0921,
  "t_11" : 0.12598583,
  "t_13" : 0.036448274,
  "t_10" : -0.81741536,
  "t_00" : 0.29469052,
  "t_20" : -0.49496427,
  "t_23" : -0.9105016,
  "t_21" : -0.6527975,
  "blur_score" : 257.88983,
  "height" : 768,
  "manual_keyframe" : false,
  "cy" : 384.3509,
  "t_12" : 0.56210285
}