{
  "t_20" : -0.30110767,
  "t_21" : -0.86995095,
  "cy" : 384.41666,
  "t_13" : 0.004825214,
  "angular_velocity" : 3.4028235e+38,
  "t_23" : -0.75095105,
  "width" : 1024,
  "height" : 768,
  "manual_keyframe" : false,
  "t_12" : 0.4674794,
  "t_11" : 0.09436309,
  "timestamp" : 60323828157,
  "cx" : 515.0677,
  "t_00" : 0.36983186,
  "t_03" : -0.4802293,
  "fy" : 734.8137,
  "fx" : 734.8137,
  "t_22" : -0.39053756,
  "blur_score" : 156.39162,
  "t_10" : -0.87895304,
  "t_01" : -0.4840259,
  "t_02" : 0.7930596
}