{
  "t_02" : 0.8764874,
  "t_00" : 0.40896714,
  "fy" : 730.21906,
  "cx" : 515.20074,
  "t_20" : 0.005489083,
  "t_01" : 0.25399935,
  "t_11" : 0.10805259,
  "t_22" : 0.2759726,
  "cy" : 384.3034,
  "t_23" : -0.17491297,
  "t_03" : -0.39572102,
  "t_21" : -0.96114993,
  "t_12" : 0.39447287,
  "width" : 1024,
  "height" : 768,
  "fx" : 730.21906,
  "t_13" : -0.0831469,
  "blur_score" : 266.4415,
  "manual_keyframe" : false,
  "angular_velocity" : 3.4028235e+38,
  "t_10" : -0.91253257,
  "timestamp" : 60330195169
}