{
  "t_00" : 0.32367164,
  "cy" : 384.37833,
  "t_10" : -0.91846454,
  "cx" : 515.25934,
  "t_01" : 0.7677406,
  "t_13" : -0.14845172,
  "fx" : 733.6083,
  "t_21" : -0.6304397,
  "width" : 1024,
  "blur_score" : 244.71764,
  "t_22" : 0.7422171,
  "t_02" : 0.55300206,
  "t_20" : 0.22728768,
  "height" : 768,
  "fy" : 733.6083,
  "t_03" : -0.65124273,
  "angular_velocity" : 3.4028235e+38,
  "t_23" : -0.05444832,
  "timestamp" : 60333728696,
  "t_11" : 0.114544064,
  "manual_keyframe" : false,
  "t_12" : 0.37855336
}