{
  "timestamp" : 60334395399,
  "t_10" : -0.86282283,
  "t_11" : 0.07017376,
  "t_22" : 0.7403787,
  "center_depth" : 0.40990138,
  "angular_velocity" : 3.4028235e+38,
  "height" : 768,
  "t_02" : 0.44858357,
  "fy" : 734.81696,
  "t_01" : 0.83142143,
  "t_00" : 0.32788914,
  "width" : 1024,
  "t_13" : -0.09405359,
  "t_12" : 0.50061184,
  "t_21" : -0.5511934,
  "blur_score" : 239.00961,
  "fx" : 734.81696,
  "t_23" : 0.023287773,
  "manual_keyframe" : false,
  "cy" : 384.35425,
  "t_03" : -0.69589245,
  "cx" : 515.221,
  "t_20" : 0.38474068
}