{
  "t_11" : 0.08061387,
  "t_13" : -0.012501711,
  "center_depth" : 0.49707118,
  "t_23" : 0.107601,
  "height" : 768,
  "timestamp" : 60335128772,
  "t_03" : -0.743225,
  "fx" : 732.24554,
  "t_02" : 0.2712171,
  "angular_velocity" : 3.4028235e+38,
  "fy" : 732.24554,
  "t_10" : -0.8104582,
  "t_12" : 0.5802231,
  "t_22" : 0.767973,
  "blur_score" : 303.4446,
  "width" : 1024,
  "t_20" : 0.51146054,
  "cy" : 384.28268,
  "t_01" : 0.91917115,
  "t_21" : -0.38551998,
  "cx" : 514.9224,
  "t_00" : 0.28559694,
  "manual_keyframe" : false
}