{
  "t_21" : 0.014897254,
  "t_03" : -1.0668403,
  "manual_keyframe" : false,
  "t_11" : 0.070057824,
  "cy" : 384.24838,
  "fx" : 735.44745,
  "cx" : 514.9116,
  "t_01" : 0.9974318,
  "t_20" : 0.5100602,
  "t_12" : 0.5079653,
  "t_23" : 0.17096223,
  "center_depth" : 0.3992883,
  "angular_velocity" : 3.4028235e+38,
  "t_13" : -0.0012295818,
  "fy" : 735.44745,
  "t_10" : -0.8585237,
  "t_00" : 0.052683085,
  "t_02" : -0.048523374,
  "width" : 1024,
  "timestamp" : 60338095601,
  "height" : 768,
  "t_22" : 0.86000973,
  "blur_score" : 142.59874
}