{
  "t_23" : 0.12821022,
  "t_20" : 0.55861944,
  "t_03" : -0.9854605,
  "t_11" : 0.056438815,
  "t_10" : -0.826371,
  "timestamp" : 60337545571,
  "t_00" : 0.07110018,
  "angular_velocity" : 3.4028235e+38,
  "cx" : 514.6662,
  "t_22" : 0.82828456,
  "t_02" : 0.0043901075,
  "center_depth" : 0.3286524,
  "blur_score" : 195.40755,
  "width" : 1024,
  "height" : 768,
  "manual_keyframe" : false,
  "t_01" : 0.9974596,
  "t_13" : -0.019785684,
  "cy" : 384.11343,
  "t_21" : -0.043464612,
  "t_12" : 0.5602905,
  "fx" : 735.04407,
  "fy" : 735.04407
}