{
  "timestamp" : 60335195443,
  "t_11" : 0.07912433,
  "width" : 1024,
  "t_13" : -0.00865766,
  "t_10" : -0.80804855,
  "center_depth" : 0.49949294,
  "fx" : 731.96295,
  "t_21" : -0.37024516,
  "t_00" : 0.2770523,
  "t_20" : 0.5199034,
  "t_03" : -0.7495384,
  "t_01" : 0.9255581,
  "cy" : 384.30173,
  "t_22" : 0.7698175,
  "blur_score" : 319.15173,
  "cx" : 514.87854,
  "fy" : 731.96295,
  "t_02" : 0.258039,
  "t_12" : 0.5837781,
  "height" : 768,
  "manual_keyframe" : false,
  "angular_velocity" : 3.4028235e+38,
  "t_23" : 0.109798744
}