{
  "t_10" : -0.91168535,
  "t_12" : 0.40441027,
  "t_20" : 0.04738692,
  "t_01" : -0.04667341,
  "manual_keyframe" : false,
  "blur_score" : 139.04195,
  "cy" : 384.3491,
  "timestamp" : 60346729403,
  "t_23" : -0.41767848,
  "t_11" : 0.07267797,
  "t_00" : -0.4081474,
  "height" : 768,
  "t_03" : -1.4599786,
  "width" : 1024,
  "fy" : 737.4518,
  "t_22" : -0.07221483,
  "angular_velocity" : 3.4028235e+38,
  "cx" : 515.1034,
  "fx" : 737.4518,
  "t_13" : -0.08373208,
  "t_21" : 0.9962629,
  "t_02" : -0.91172224
}