{
  "timestamp" : 60340395725,
  "t_03" : -1.2508807,
  "t_10" : -0.8078617,
  "t_12" : 0.56718904,
  "cx" : 514.93695,
  "t_11" : -0.16017498,
  "t_13" : 0.039598793,
  "t_00" : -0.3920023,
  "t_20" : 0.44010645,
  "t_21" : 0.47613496,
  "fy" : 731.6262,
  "manual_keyframe" : false,
  "fx" : 731.6262,
  "t_22" : 0.7613159,
  "height" : 768,
  "t_23" : 0.12131891,
  "blur_score" : 194.67964,
  "width" : 1024,
  "angular_velocity" : 3.4028235e+38,
  "cy" : 383.65707,
  "t_01" : 0.8646615,
  "t_02" : -0.3141571
}