{
  "t_11" : -0.081850156,
  "fx" : 732.1932,
  "t_02" : -0.8277737,
  "t_00" : -0.49339828,
  "t_03" : -1.4936391,
  "t_20" : -0.20922661,
  "width" : 1024,
  "height" : 768,
  "cy" : 383.78046,
  "t_21" : 0.9601832,
  "t_12" : 0.5296396,
  "t_01" : -0.26711223,
  "blur_score" : 348.41534,
  "timestamp" : 60349146200,
  "angular_velocity" : 3.4028235e+38,
  "cx" : 515.0942,
  "manual_keyframe" : false,
  "t_10" : -0.8442644,
  "t_22" : -0.18512864,
  "t_23" : -0.5810834,
  "fy" : 732.1932,
  "t_13" : -0.0829061
}