{
  "t_00" : -0.4591003,
  "t_12" : 0.54095984,
  "angular_velocity" : 3.4028235e+38,
  "height" : 768,
  "fy" : 728.7611,
  "cy" : 383.42526,
  "blur_score" : 176.39366,
  "t_10" : -0.82727945,
  "width" : 1024,
  "cx" : 514.7589,
  "t_22" : 0.6795863,
  "t_03" : -1.3150451,
  "t_01" : 0.7373616,
  "t_20" : 0.32378334,
  "t_21" : 0.65827566,
  "timestamp" : 60341279106,
  "manual_keyframe" : false,
  "t_23" : 0.045154616,
  "t_11" : -0.15156212,
  "fx" : 728.7611,
  "t_13" : 0.14984398,
  "t_02" : -0.49550465
}