{
  "t_10" : -0.81116295,
  "t_12" : 0.5837934,
  "t_21" : 0.8845501,
  "t_00" : -0.50392956,
  "width" : 1024,
  "t_13" : -0.12147726,
  "t_23" : -0.21782516,
  "t_03" : -1.434549,
  "fy" : 739.4339,
  "angular_velocity" : 3.4028235e+38,
  "t_02" : -0.72779363,
  "fx" : 739.4339,
  "t_01" : 0.46515745,
  "timestamp" : 60344195931,
  "manual_keyframe" : false,
  "blur_score" : 255.95282,
  "t_11" : 0.034638118,
  "t_22" : 0.35986328,
  "center_depth" : 0.34078434,
  "cx" : 514.74274,
  "cy" : 383.93414,
  "t_20" : 0.2967653,
  "height" : 768
}