{
  "t_03" : -1.4566907,
  "t_21" : 0.9854889,
  "t_11" : 0.100004815,
  "cy" : 384.4895,
  "height" : 768,
  "t_00" : -0.42277962,
  "fx" : 737.73126,
  "fy" : 737.73126,
  "t_23" : -0.38056898,
  "width" : 1024,
  "timestamp" : 60346329381,
  "t_20" : 0.14954081,
  "cx" : 515.12994,
  "t_22" : 0.0803088,
  "t_10" : -0.8938093,
  "t_02" : -0.89579386,
  "blur_score" : 164.46388,
  "t_12" : 0.4371545,
  "t_01" : 0.13715313,
  "manual_keyframe" : false,
  "t_13" : -0.09354125,
  "angular_velocity" : 3.4028235e+38
}