{
  "manual_keyframe" : false,
  "t_22" : 0.5141175,
  "t_21" : 0.7758584,
  "blur_score" : 284.89615,
  "t_11" : 0.040851697,
  "cx" : 514.805,
  "fx" : 729.30585,
  "t_02" : -0.6684404,
  "t_12" : 0.5374669,
  "t_10" : -0.8422947,
  "t_23" : -0.06043659,
  "cy" : 383.92807,
  "height" : 768,
  "fy" : 729.30585,
  "t_00" : -0.39599565,
  "t_01" : 0.6295831,
  "t_13" : -0.045818225,
  "t_03" : -1.4224327,
  "angular_velocity" : 3.4028235e+38,
  "width" : 1024,
  "timestamp" : 60342679182,
  "t_20" : 0.365687
}