{
  "t_03" : -1.3751496,
  "fy" : 729.63617,
  "t_10" : -0.8444438,
  "t_11" : -0.13696642,
  "t_21" : 0.8513903,
  "t_20" : -0.36756644,
  "width" : 1024,
  "height" : 768,
  "t_01" : -0.5063348,
  "angular_velocity" : 3.4028235e+38,
  "t_22" : -0.37420535,
  "timestamp" : 60351663005,
  "t_13" : -0.03183066,
  "cx" : 515.14087,
  "fx" : 729.63617,
  "t_12" : 0.5178368,
  "cy" : 383.71744,
  "t_00" : -0.3896277,
  "manual_keyframe" : false,
  "t_02" : -0.7692956,
  "t_23" : -0.67628914,
  "blur_score" : 191.23445
}