{
  "height" : 768,
  "t_23" : -0.6327822,
  "fx" : 730.2174,
  "t_21" : 0.7683996,
  "blur_score" : 153.09724,
  "t_00" : -0.33241954,
  "t_22" : -0.4302895,
  "manual_keyframe" : false,
  "t_20" : -0.47372252,
  "t_12" : 0.54367363,
  "t_11" : -0.19832952,
  "t_02" : -0.7206037,
  "fy" : 730.2174,
  "cy" : 383.59082,
  "timestamp" : 60352113029,
  "angular_velocity" : 3.4028235e+38,
  "t_03" : -1.3436614,
  "t_13" : 0.03073036,
  "t_10" : -0.8155269,
  "cx" : 515.13446,
  "center_depth" : 0.48069277,
  "t_01" : -0.6084633,
  "width" : 1024
}