{
  "timestamp" : 60350379601,
  "manual_keyframe" : false,
  "t_21" : 0.9232741,
  "width" : 1024,
  "t_02" : -0.8538522,
  "t_00" : -0.38140768,
  "t_22" : -0.25446284,
  "t_23" : -0.6245079,
  "t_12" : 0.45407602,
  "cx" : 515.09686,
  "t_11" : -0.14866216,
  "t_01" : -0.3542098,
  "height" : 768,
  "t_20" : -0.28777373,
  "fx" : 730.24133,
  "cy" : 383.67178,
  "t_03" : -1.4410921,
  "fy" : 730.24133,
  "t_13" : -0.037077725,
  "angular_velocity" : 3.4028235e+38,
  "t_10" : -0.8784728,
  "blur_score" : 320.79492
}