{
  "t_23" : -0.9422051,
  "blur_score" : 234.95827,
  "width" : 1024,
  "cx" : 515.38,
  "t_02" : -0.65065724,
  "t_13" : -0.13410112,
  "t_11" : 0.05783877,
  "t_12" : 0.051232986,
  "fy" : 728.7452,
  "t_10" : -0.9970104,
  "angular_velocity" : 3.4028235e+38,
  "height" : 768,
  "timestamp" : 60357830007,
  "cy" : 383.9461,
  "t_22" : -0.7576412,
  "manual_keyframe" : false,
  "t_21" : 0.6526704,
  "t_00" : -0.0772593,
  "t_03" : -1.2777293,
  "center_depth" : 0.2896859,
  "fx" : 728.7452,
  "t_01" : -0.7554311,
  "t_20" : -0.0010697668
}