{
  "t_12" : 0.073078655,
  "t_03" : -1.3013436,
  "width" : 1024,
  "timestamp" : 60359030073,
  "fy" : 733.95135,
  "angular_velocity" : 3.4028235e+38,
  "t_21" : 0.65031475,
  "t_23" : -1.0137396,
  "t_22" : -0.7595254,
  "t_11" : 0.107545994,
  "t_20" : 0.014557234,
  "blur_score" : 282.9912,
  "cx" : 515.4979,
  "fx" : 733.95135,
  "t_13" : -0.17204289,
  "manual_keyframe" : false,
  "height" : 768,
  "cy" : 384.42758,
  "t_02" : -0.6463596,
  "t_01" : -0.7520137,
  "t_00" : -0.12920806,
  "t_10" : -0.99151057
}