{
  "t_21" : 0.7696338,
  "t_11" : 0.00913541,
  "fy" : 731.3086,
  "t_01" : -0.6384203,
  "t_22" : -0.6299612,
  "t_23" : -0.8225198,
  "cx" : 515.65295,
  "t_13" : -0.18591985,
  "t_03" : -1.3424262,
  "t_20" : -0.10398479,
  "fx" : 731.3086,
  "height" : 768,
  "manual_keyframe" : false,
  "timestamp" : 60355579885,
  "blur_score" : 137.85126,
  "t_00" : -0.13944785,
  "angular_velocity" : 3.4028235e+38,
  "t_10" : -0.9847545,
  "t_12" : 0.17370974,
  "width" : 1024,
  "t_02" : -0.75695044,
  "cy" : 383.96463
}