{
  "center_depth" : 0.46797884,
  "height" : 768,
  "t_21" : 0.79838824,
  "t_01" : -0.59641236,
  "manual_keyframe" : false,
  "t_11" : -0.0828771,
  "t_03" : -1.3678764,
  "t_10" : -0.94346505,
  "t_02" : -0.7744346,
  "timestamp" : 60354063135,
  "cx" : 515.11633,
  "t_12" : 0.32094425,
  "fy" : 729.8792,
  "t_20" : -0.25559804,
  "t_22" : -0.54520273,
  "fx" : 729.8792,
  "t_13" : -0.08869268,
  "t_23" : -0.73561513,
  "cy" : 383.5162,
  "angular_velocity" : 3.4028235e+38,
  "t_00" : -0.21105333,
  "blur_score" : 208.13423,
  "width" : 1024
}