{
  "t_20" : -0.098751746,
  "t_02" : -0.6740531,
  "fy" : 732.252,
  "t_01" : -0.737209,
  "t_10" : -0.99401844,
  "t_21" : 0.67488486,
  "center_depth" : 0.3969796,
  "t_22" : -0.7312856,
  "height" : 768,
  "t_23" : -0.85363054,
  "t_12" : 0.10427842,
  "t_00" : -0.046641685,
  "t_03" : -1.2721113,
  "manual_keyframe" : false,
  "t_13" : -0.11641944,
  "timestamp" : 60356279923,
  "cy" : 383.99313,
  "cx" : 515.26544,
  "fx" : 732.252,
  "t_11" : -0.032455515,
  "angular_velocity" : 3.4028235e+38,
  "blur_score" : 273.8528,
  "width" : 1024
}