{
  "t_22" : -0.592819,
  "t_11" : -0.037060257,
  "fy" : 730.16345,
  "width" : 1024,
  "manual_keyframe" : false,
  "height" : 768,
  "t_01" : -0.6183884,
  "t_13" : -0.15780772,
  "t_12" : 0.24484482,
  "timestamp" : 60354429822,
  "t_21" : 0.7849983,
  "t_02" : -0.7672135,
  "cx" : 515.21985,
  "t_23" : -0.76144683,
  "fx" : 730.16345,
  "t_03" : -1.3779292,
  "blur_score" : 221.05928,
  "t_10" : -0.9688537,
  "cy" : 383.70053,
  "t_00" : -0.17023277,
  "t_20" : -0.17984235,
  "angular_velocity" : 3.4028235e+38
}