{
  "angular_velocity" : 3.4028235e+38,
  "manual_keyframe" : false,
  "fy" : 741.6018,
  "fx" : 741.6018,
  "t_21" : -0.79531264,
  "width" : 1024,
  "t_01" : -0.59644604,
  "height" : 768,
  "t_11" : -0.10830554,
  "t_22" : -0.60391253,
  "t_02" : 0.7640591,
  "t_10" : -0.96786696,
  "t_00" : 0.24589822,
  "t_12" : 0.22694363,
  "t_20" : -0.05260779,
  "cy" : 383.78827,
  "t_23" : -0.7371687,
  "t_03" : -0.6340256,
  "blur_score" : 90.97193,
  "timestamp" : 60369430639,
  "t_13" : -0.00198506,
  "cx" : 515.143
}