{
  "t_03" : -1.1887033,
  "cy" : 384.5954,
  "t_13" : -0.11350572,
  "t_22" : -0.7910475,
  "manual_keyframe" : false,
  "t_23" : -0.9728682,
  "fy" : 734.20386,
  "fx" : 734.20386,
  "t_02" : -0.59889746,
  "cx" : 515.2732,
  "t_01" : -0.75045943,
  "t_12" : 0.124762565,
  "t_20" : 0.060493913,
  "t_21" : 0.6087564,
  "angular_velocity" : 3.4028235e+38,
  "blur_score" : 126.21871,
  "width" : 1024,
  "height" : 768,
  "t_00" : -0.279522,
  "t_10" : -0.9582316,
  "timestamp" : 60361513542,
  "t_11" : 0.2573448
}