{
  "manual_keyframe" : false,
  "center_depth" : 0.2745392,
  "t_21" : -0.5904776,
  "t_00" : 0.29720888,
  "t_10" : -0.95395726,
  "t_01" : -0.7772891,
  "t_13" : -0.077907704,
  "t_22" : -0.80604213,
  "t_23" : -0.8118794,
  "angular_velocity" : 3.4028235e+38,
  "blur_score" : 40.326843,
  "t_12" : 0.20689975,
  "height" : 768,
  "t_20" : -0.040402744,
  "cy" : 383.38504,
  "cx" : 515.5222,
  "t_11" : -0.21715887,
  "timestamp" : 60368597261,
  "fx" : 752.16974,
  "t_02" : 0.55451655,
  "width" : 1024,
  "t_03" : -0.7402022,
  "fy" : 752.16974
}