{
  "fy" : 733.6385,
  "t_02" : -0.39654568,
  "timestamp" : 60362746942,
  "angular_velocity" : 3.4028235e+38,
  "t_00" : -0.19341722,
  "manual_keyframe" : false,
  "t_03" : -1.0067565,
  "fx" : 733.6385,
  "t_23" : -1.1228001,
  "t_01" : -0.8974082,
  "cx" : 515.85046,
  "blur_score" : 127.36131,
  "width" : 1024,
  "t_11" : 0.060823504,
  "t_20" : -0.26575062,
  "t_21" : 0.43698883,
  "t_12" : 0.32300788,
  "t_13" : -0.04974559,
  "center_depth" : 1.0747225,
  "cy" : 384.67566,
  "height" : 768,
  "t_22" : -0.85931224,
  "t_10" : -0.9444397
}