{
  "fx" : 729.9204,
  "t_11" : -0.0627645,
  "blur_score" : 238.78954,
  "center_depth" : 0.48977616,
  "t_12" : 0.51233023,
  "t_20" : -0.5154987,
  "angular_velocity" : 3.4028235e+38,
  "timestamp" : 60363646991,
  "manual_keyframe" : false,
  "t_03" : -0.9148555,
  "cx" : 515.077,
  "fy" : 729.9204,
  "t_10" : -0.85649174,
  "cy" : 383.9866,
  "t_02" : -0.16448261,
  "t_13" : 0.100701325,
  "t_21" : 0.15426593,
  "t_22" : -0.8428898,
  "width" : 1024,
  "height" : 768,
  "t_01" : -0.98603386,
  "t_23" : -1.0139186,
  "t_00" : -0.026131554
}