{
  "blur_score" : 134.01898,
  "center_depth" : 0.3346154,
  "manual_keyframe" : false,
  "t_10" : -0.97940296,
  "t_13" : -0.15410258,
  "angular_velocity" : 3.4028235e+38,
  "t_00" : -0.06557136,
  "cy" : 384.49094,
  "t_03" : -0.69918203,
  "t_11" : 0.1152963,
  "fy" : 734.42786,
  "t_02" : 0.27895802,
  "cx" : 515.4586,
  "t_20" : -0.19097169,
  "t_23" : -0.93047833,
  "width" : 1024,
  "fx" : 734.42786,
  "t_12" : 0.16576052,
  "t_01" : -0.95806205,
  "height" : 768,
  "timestamp" : 60366463811,
  "t_21" : -0.2623432,
  "t_22" : -0.945889
}