{
  "t_12" : 0.2002149,
  "cy" : 383.49057,
  "t_03" : -0.7494577,
  "t_13" : -0.11939219,
  "center_depth" : 0.17728667,
  "t_20" : -0.050557308,
  "angular_velocity" : 3.4028235e+38,
  "blur_score" : 32.489883,
  "cx" : 515.6855,
  "t_21" : -0.5475494,
  "fy" : 751.652,
  "t_22" : -0.83524483,
  "t_11" : -0.21719931,
  "t_02" : 0.5121331,
  "t_23" : -0.8350241,
  "width" : 1024,
  "t_00" : 0.29104212,
  "height" : 768,
  "timestamp" : 60368430585,
  "t_01" : -0.80809313,
  "t_10" : -0.9553735,
  "fx" : 751.652,
  "manual_keyframe" : false
}