{
  "t_23" : 0.17230941,
  "t_00" : -0.015245016,
  "height" : 768,
  "t_13" : 0.021071473,
  "t_22" : 0.7461711,
  "t_11" : -0.24091905,
  "t_03" : -0.7979712,
  "t_21" : -0.30391192,
  "t_01" : 0.9217353,
  "fx" : 725.6179,
  "cy" : 383.19696,
  "blur_score" : 361.83774,
  "t_02" : 0.38752037,
  "timestamp" : 60378564469,
  "manual_keyframe" : false,
  "fy" : 725.6179,
  "angular_velocity" : 3.4028235e+38,
  "width" : 1024,
  "t_10" : -0.80554414,
  "t_12" : 0.5413472,
  "t_20" : 0.5923398,
  "cx" : 514.5929
}