{
  "t_02" : 0.41744798,
  "t_12" : 0.77615386,
  "t_23" : -0.5745621,
  "cx" : 514.01917,
  "angular_velocity" : 3.4028235e+38,
  "blur_score" : 110.757256,
  "t_03" : -0.77618086,
  "fy" : 738.1458,
  "t_21" : -0.81098264,
  "t_22" : -0.47257003,
  "cy" : 383.29694,
  "t_20" : -0.344942,
  "t_11" : -0.19758849,
  "t_00" : 0.7228217,
  "t_10" : -0.59878546,
  "manual_keyframe" : false,
  "height" : 768,
  "width" : 1024,
  "timestamp" : 60372964164,
  "t_13" : 0.14082876,
  "fx" : 738.1458,
  "t_01" : -0.5506961
}