{
  "t_22" : 0.11616714,
  "t_13" : 0.14658552,
  "fx" : 733.4304,
  "t_02" : 0.73377085,
  "fy" : 733.4304,
  "t_23" : -0.3937269,
  "angular_velocity" : 3.4028235e+38,
  "cx" : 514.0246,
  "t_11" : -0.2972991,
  "t_03" : -0.3792864,
  "t_21" : -0.863275,
  "center_depth" : 0.5399393,
  "timestamp" : 60375030944,
  "blur_score" : 86.42619,
  "height" : 768,
  "manual_keyframe" : false,
  "t_10" : -0.6808286,
  "cy" : 382.79993,
  "t_20" : 0.4911841,
  "t_01" : 0.40788466,
  "t_00" : 0.54333305,
  "t_12" : 0.6693921,
  "width" : 1024
}