{
  "t_20" : 0.5736058,
  "t_01" : 0.9891404,
  "t_00" : -0.1376792,
  "t_02" : 0.051437933,
  "t_22" : 0.81828237,
  "manual_keyframe" : false,
  "t_23" : 0.24714617,
  "fx" : 728.93097,
  "t_12" : 0.5725103,
  "t_21" : 0.037287876,
  "cx" : 515.02155,
  "t_10" : -0.8074781,
  "t_11" : -0.14216553,
  "fy" : 728.93097,
  "t_03" : -0.9878706,
  "angular_velocity" : 3.4028235e+38,
  "blur_score" : 368.35507,
  "t_13" : -0.060579784,
  "height" : 768,
  "cy" : 383.42694,
  "width" : 1024,
  "timestamp" : 60379264507
}