{
  "t_13" : 0.122161016,
  "timestamp" : 60373264181,
  "cy" : 383.31677,
  "manual_keyframe" : false,
  "t_22" : -0.37698692,
  "t_02" : 0.33554494,
  "t_20" : -0.20239116,
  "t_01" : -0.33694237,
  "height" : 768,
  "t_03" : -0.77259815,
  "t_12" : 0.86330193,
  "t_10" : -0.43030027,
  "fx" : 740.1899,
  "fy" : 740.1899,
  "t_00" : 0.8797042,
  "cx" : 514.0558,
  "t_21" : -0.90383554,
  "t_23" : -0.5095803,
  "width" : 1024,
  "blur_score" : 90.75107,
  "t_11" : -0.2637256,
  "angular_velocity" : 3.4028235e+38
}