{
  "t_12" : 0.7353993,
  "t_10" : -0.5253248,
  "fx" : 740.282,
  "t_00" : 0.70761925,
  "blur_score" : 79.498055,
  "t_23" : -0.48483306,
  "t_03" : -0.5600493,
  "height" : 768,
  "cy" : 382.68088,
  "t_22" : -0.16619779,
  "angular_velocity" : 3.4028235e+38,
  "width" : 1024,
  "t_20" : 0.4725557,
  "t_13" : 0.14536506,
  "fy" : 740.282,
  "cx" : 513.0018,
  "t_21" : -0.865488,
  "manual_keyframe" : false,
  "t_02" : 0.65693694,
  "timestamp" : 60374230900,
  "t_01" : 0.26020932,
  "t_11" : -0.428044
}