{
  "height" : 768,
  "t_11" : -0.23072346,
  "t_10" : -0.7570354,
  "t_23" : -0.6533137,
  "t_02" : 0.3275497,
  "manual_keyframe" : false,
  "cy" : 383.88016,
  "t_22" : -0.7204492,
  "fx" : 736.1241,
  "t_00" : 0.5073985,
  "t_03" : -0.83017737,
  "angular_velocity" : 3.4028235e+38,
  "t_01" : -0.79703087,
  "width" : 1024,
  "fy" : 736.1241,
  "timestamp" : 60370230682,
  "t_20" : -0.41163626,
  "cx" : 514.7971,
  "t_12" : 0.6112808,
  "blur_score" : 102.1315,
  "t_13" : 0.11469276,
  "t_21" : -0.5581296,
  "center_depth" : 0.4136614
}