{
  "cy" : 383.3666,
  "t_20" : 0.49221164,
  "t_21" : -0.7783046,
  "width" : 1024,
  "t_11" : -0.20256491,
  "fy" : 726.4375,
  "manual_keyframe" : false,
  "t_00" : 0.3772042,
  "timestamp" : 60376964382,
  "center_depth" : 0.61313736,
  "t_13" : 0.06976532,
  "t_10" : -0.7845028,
  "height" : 768,
  "fx" : 726.4375,
  "t_12" : 0.586108,
  "t_01" : 0.59431416,
  "t_02" : 0.710287,
  "t_03" : -0.45554104,
  "t_22" : 0.3898328,
  "t_23" : -0.06374802,
  "blur_score" : 382.79453,
  "angular_velocity" : 3.4028235e+38,
  "cx" : 514.73535
}