{
  "cy" : 383.3795,
  "t_10" : -0.7935621,
  "fx" : 726.0055,
  "t_00" : 0.110810176,
  "manual_keyframe" : false,
  "fy" : 726.0055,
  "height" : 768,
  "t_20" : 0.5983146,
  "cx" : 514.7153,
  "t_21" : -0.42414704,
  "t_11" : -0.19634423,
  "t_13" : 0.08062586,
  "angular_velocity" : 3.4028235e+38,
  "t_01" : 0.8840523,
  "width" : 1024,
  "t_12" : 0.575941,
  "t_03" : -0.57981944,
  "t_23" : 0.14521307,
  "blur_score" : 379.4413,
  "timestamp" : 60377797760,
  "t_22" : 0.6797934,
  "t_02" : 0.4540626
}