{
  "timestamp" : 60373864214,
  "t_02" : 0.4006663,
  "t_20" : 0.2158556,
  "cy" : 383.03305,
  "center_depth" : 0.29647622,
  "width" : 1024,
  "t_23" : -0.4589532,
  "t_03" : -0.69211066,
  "t_11" : -0.4207603,
  "angular_velocity" : 3.4028235e+38,
  "blur_score" : 60.189667,
  "t_22" : -0.36552888,
  "t_21" : -0.9054254,
  "t_12" : 0.84015197,
  "t_13" : 0.113633975,
  "fy" : 744.0461,
  "t_10" : -0.34220693,
  "t_01" : 0.056265038,
  "t_00" : 0.91449493,
  "height" : 768,
  "cx" : 512.9185,
  "fx" : 744.0461,
  "manual_keyframe" : false
}