{
  "fy" : 743.74274,
  "t_02" : 0.2536336,
  "t_03" : -0.7555772,
  "t_22" : -0.39015487,
  "t_00" : 0.94038165,
  "cx" : 513.75507,
  "manual_keyframe" : false,
  "fx" : 743.74274,
  "blur_score" : 63.82279,
  "timestamp" : 60373497527,
  "height" : 768,
  "t_10" : -0.32012036,
  "t_13" : 0.11745006,
  "width" : 1024,
  "t_21" : -0.91355,
  "angular_velocity" : 3.4028235e+38,
  "t_20" : -0.11491522,
  "t_01" : -0.22661103,
  "cy" : 383.24765,
  "t_12" : 0.88512653,
  "t_11" : -0.33774805,
  "t_23" : -0.46850672
}