{
  "t_23" : -0.15011396,
  "timestamp" : 60381364620,
  "fx" : 730.7559,
  "t_11" : -0.14852029,
  "t_10" : -0.8377013,
  "t_20" : 0.044821173,
  "t_12" : 0.5255455,
  "t_01" : 0.30602303,
  "t_13" : 0.04229519,
  "fy" : 730.7559,
  "t_22" : 0.33719334,
  "blur_score" : 186.61691,
  "angular_velocity" : 3.4028235e+38,
  "height" : 768,
  "manual_keyframe" : false,
  "t_21" : 0.9403679,
  "t_03" : -1.4465574,
  "width" : 1024,
  "t_02" : -0.78109056,
  "cx" : 514.8612,
  "t_00" : -0.5442862,
  "cy" : 383.48685
}