{
  "cy" : 383.5539,
  "t_12" : 0.46745634,
  "t_13" : 0.0861927,
  "t_02" : 0.3997659,
  "t_11" : -0.06638866,
  "blur_score" : 151.39174,
  "t_00" : 0.27777553,
  "t_01" : -0.8735148,
  "height" : 768,
  "fy" : 733.7973,
  "fx" : 733.7973,
  "timestamp" : 60386931586,
  "t_10" : -0.88151973,
  "cx" : 514.5602,
  "t_22" : -0.7884617,
  "width" : 1024,
  "t_20" : -0.38179016,
  "t_23" : -0.82057,
  "t_03" : -0.7119324,
  "t_21" : -0.48224944,
  "center_depth" : 0.39541683,
  "manual_keyframe" : false,
  "angular_velocity" : 3.4028235e+38
}