{
  "t_21" : -0.56197625,
  "blur_score" : 127.49267,
  "t_23" : -0.76210606,
  "timestamp" : 60387231602,
  "t_11" : -0.028469907,
  "width" : 1024,
  "t_02" : 0.49603623,
  "t_22" : -0.75168526,
  "t_01" : -0.8266633,
  "t_13" : 0.0788275,
  "fy" : 733.4034,
  "t_00" : 0.26566127,
  "t_12" : 0.43464616,
  "t_03" : -0.67222095,
  "height" : 768,
  "fx" : 733.4034,
  "angular_velocity" : 3.4028235e+38,
  "t_10" : -0.9001512,
  "cy" : 383.78482,
  "cx" : 515.0221,
  "t_20" : -0.34518397,
  "manual_keyframe" : false
}