{
  "t_12" : 0.49068496,
  "manual_keyframe" : false,
  "cy" : 383.47916,
  "angular_velocity" : 3.4028235e+38,
  "cx" : 514.9324,
  "t_02" : -0.764623,
  "blur_score" : 209.40796,
  "t_00" : -0.35826105,
  "t_23" : -0.6447504,
  "height" : 768,
  "fy" : 728.30524,
  "t_10" : -0.8625366,
  "fx" : 728.30524,
  "t_22" : -0.4178274,
  "t_01" : -0.5357243,
  "t_21" : 0.83530873,
  "t_13" : 0.033612132,
  "t_11" : -0.1235258,
  "timestamp" : 60383531403,
  "t_20" : -0.3573226,
  "width" : 1024,
  "t_03" : -1.3624538
}