{
  "cy" : 383.1949,
  "t_21" : -0.31701615,
  "angular_velocity" : 3.4028235e+38,
  "width" : 1024,
  "t_23" : -0.5460305,
  "t_02" : 0.22901633,
  "t_20" : -0.51297534,
  "height" : 768,
  "timestamp" : 60389731737,
  "t_12" : 0.55784804,
  "blur_score" : 75.92863,
  "cx" : 514.90295,
  "t_22" : -0.79771996,
  "manual_keyframe" : false,
  "t_10" : -0.8274029,
  "center_depth" : 1.3793758,
  "t_00" : 0.22860608,
  "t_01" : -0.9461981,
  "t_11" : -0.0648839,
  "fy" : 725.70056,
  "t_13" : 0.2269877,
  "t_03" : -0.9006759,
  "fx" : 725.70056
}