{
  "angular_velocity" : 3.4028235e+38,
  "t_03" : -1.4676832,
  "t_10" : -0.78748256,
  "fx" : 730.2238,
  "fy" : 730.2238,
  "t_12" : 0.57241315,
  "t_13" : 0.05478639,
  "t_21" : 0.93671596,
  "timestamp" : 60382398009,
  "t_00" : -0.5153713,
  "manual_keyframe" : false,
  "t_02" : -0.8148888,
  "width" : 1024,
  "t_01" : -0.2652337,
  "t_11" : -0.2285044,
  "t_20" : -0.338029,
  "t_22" : -0.091102384,
  "blur_score" : 193.5871,
  "t_23" : -0.45037842,
  "height" : 768,
  "cy" : 383.44772,
  "cx" : 514.78925
}