{
  "t_20" : -0.17187223,
  "t_03" : -1.4519233,
  "t_21" : 0.98190105,
  "t_13" : 0.052311853,
  "blur_score" : 185.37401,
  "center_depth" : 0.50026953,
  "width" : 1024,
  "t_01" : -0.023617022,
  "angular_velocity" : 3.4028235e+38,
  "cx" : 514.8881,
  "fy" : 730.7653,
  "height" : 768,
  "timestamp" : 60382031322,
  "t_02" : -0.84896153,
  "t_12" : 0.52243096,
  "t_23" : -0.36141855,
  "manual_keyframe" : false,
  "t_00" : -0.52792686,
  "fx" : 730.7653,
  "t_22" : 0.079563625,
  "t_11" : -0.18791662,
  "t_10" : -0.83171695,
  "cy" : 383.55273
}