{
  "t_20" : -0.40083492,
  "t_03" : -1.490515,
  "cy" : 383.36075,
  "t_02" : -0.8154515,
  "blur_score" : 206.83597,
  "t_10" : -0.8215472,
  "t_21" : 0.8820734,
  "t_22" : -0.24754429,
  "fy" : 729.65204,
  "timestamp" : 60382631355,
  "t_00" : -0.4054526,
  "t_11" : -0.22649391,
  "fx" : 729.65204,
  "t_01" : -0.41309476,
  "t_12" : 0.5232216,
  "angular_velocity" : 3.4028235e+38,
  "center_depth" : 0.523813,
  "width" : 1024,
  "height" : 768,
  "manual_keyframe" : false,
  "t_23" : -0.5015478,
  "t_13" : 0.060171526,
  "cx" : 514.7753
}