{
  "manual_keyframe" : false,
  "t_03" : -0.95541954,
  "t_02" : -0.03355384,
  "angular_velocity" : 3.4028235e+38,
  "t_10" : -0.82185054,
  "blur_score" : 277.29398,
  "timestamp" : 60390731790,
  "t_11" : -0.07144963,
  "width" : 1024,
  "fy" : 717.931,
  "cx" : 514.8451,
  "t_22" : -0.8242679,
  "fx" : 717.931,
  "height" : 768,
  "t_12" : 0.56520486,
  "t_01" : -0.997409,
  "cy" : 383.66318,
  "t_13" : 0.24615632,
  "t_21" : -0.008391408,
  "t_20" : -0.56613785,
  "t_00" : 0.06363651,
  "t_23" : -0.51753396
}